sex,prior_sd,quantity,age,state,radix,mean,median,lo95,hi95,lo84,hi84
women,2.5,expectancy,50,1 Functional,population,24.73989694209372,24.741556608097447,24.471325961393543,25.002584666409877,24.547835563021422,24.930934786225123
women,2.5,expectancy,52,1 Functional,population,23.31588658104704,23.31666907818534,23.068282568937764,23.558151743815433,23.13820373659256,23.492095156241813
women,2.5,expectancy,54,1 Functional,population,21.89405087795994,21.89362910078075,21.663757105339528,22.12053642235568,21.730069896677875,22.05834170860683
women,2.5,expectancy,56,1 Functional,population,20.469958322007557,20.469235832070037,20.252415805936412,20.686548733027728,20.314697749997265,20.62758880940616
women,2.5,expectancy,58,1 Functional,population,19.044979952675984,19.04406627751498,18.834504789706035,19.256380810388258,18.893653509441602,19.1984820395687
women,2.5,expectancy,60,1 Functional,population,17.623465360348913,17.62328541660258,17.41582430670161,17.835667932814054,17.471963493351147,17.776269763762922
women,2.5,expectancy,62,1 Functional,population,16.211265290403393,16.211140785453534,16.000862135178636,16.425246894090193,16.058663911619018,16.365476726581672
women,2.5,expectancy,64,1 Functional,population,14.815033407412844,14.815256782753412,14.60208133853026,15.033575913517856,14.660515796696885,14.970357624331287
women,2.5,expectancy,66,1 Functional,population,13.441927752552576,13.4423330827846,13.226298956270071,13.664249004026408,13.285395943778832,13.600095722360795
women,2.5,expectancy,68,1 Functional,population,12.099498823411968,12.099641995326532,11.882610422138464,12.32387228093961,11.940992060014093,12.259062745887636
women,2.5,expectancy,70,1 Functional,population,10.795646465395102,10.795694870114273,10.579121151522301,11.019504605057444,10.637111567599838,10.956059998660807
women,2.5,expectancy,72,1 Functional,population,9.538578126621523,9.538458588104094,9.322746529256284,9.763431377164725,9.380844391333518,9.69799763232328
women,2.5,expectancy,74,1 Functional,population,8.336727037924195,8.336195805677775,8.123529873794189,8.559774337779148,8.181256734485837,8.49419153727354
women,2.5,expectancy,76,1 Functional,population,7.198603115667633,7.197853601564301,6.989794620468003,7.41677357479957,7.045521350056618,7.3528981778194895
women,2.5,expectancy,78,1 Functional,population,6.132559487578319,6.131380273616535,5.929790149282087,6.343601946986282,5.9837978009402875,6.2822406105667135
women,2.5,expectancy,80,1 Functional,population,5.146468244675925,5.145832015225269,4.950823977204563,5.3494101850803615,5.002419361887748,5.2909301108833455
women,2.5,expectancy,82,1 Functional,population,4.247312988088944,4.2463298437279065,4.0592290916051645,4.441415780551166,4.109638539958231,4.3854404405707434
women,2.5,expectancy,84,1 Functional,population,3.440723478713815,3.4396028931738085,3.2628600893737034,3.6244357048045095,3.3116084782725657,3.5713002195773695
women,2.5,expectancy,86,1 Functional,population,2.730497019436066,2.7294374785683457,2.5654916610340996,2.9022486525634483,2.6101120221658842,2.8527361182343336
women,2.5,expectancy,88,1 Functional,population,2.118166994955409,2.117168393231416,1.967499173585418,2.2771684219344737,2.0078363949802727,2.2306453921464766
women,2.5,expectancy,90,1 Functional,population,1.6026845422005056,1.6013674112382574,1.46787355577362,1.7459749140352252,1.5039049247970306,1.704087969611713
women,2.5,expectancy,92,1 Functional,population,1.1802700751425228,1.1788072766854105,1.0613777050805886,1.3073418189668913,1.0935780617267576,1.2697647611833534
women,2.5,expectancy,94,1 Functional,population,0.844470306821268,0.8429977119802247,0.741984477120159,0.9556367072696079,0.770182352029514,0.9213256493379817
women,2.5,expectancy,96,1 Functional,population,0.5864360254799889,0.5849395990677907,0.5012522895475735,0.679696702715286,0.5245440808320523,0.6514635829170158
women,2.5,expectancy,98,1 Functional,population,0.3954291477278999,0.3939252709024945,0.3268378269616775,0.47195970021766404,0.34504810309467726,0.4484438020956331
women,2.5,expectancy,100,1 Functional,population,0.25956725462036,0.25823341094974805,0.2054935251815941,0.32051925342473003,0.219942832667773,0.30210995491562354
women,2.5,expectancy,102,1 Functional,population,0.16678536027251253,0.16553035369203017,0.12503783779339786,0.21457625143236714,0.1360413945646541,0.200153230110921
women,2.5,expectancy,104,1 Functional,population,0.10592387299218353,0.104792241626637,0.07365910957940755,0.14392255797299705,0.08229694435282586,0.13187931849751694
women,2.5,expectancy,106,1 Functional,population,0.06785356526266732,0.06674890079357414,0.04299483296445343,0.09856981867780344,0.04928735906798825,0.08860609766089897
women,2.5,expectancy,108,1 Functional,population,0.04708964726234024,0.04577956989607153,0.026306068012833944,0.074854101990591,0.031241227751571114,0.0651232294260688
women,2.5,expectancy,110,1 Functional,population,0.0475414456390448,0.045731232097893655,0.02308145528560848,0.08146739310514209,0.028562507482906493,0.06963817923540644
women,2.5,expectancy,50,2 Physical only,population,4.917549448872652,4.916957263216267,4.787687751235923,5.049772097349153,4.822987880040764,5.013622890834648
women,2.5,expectancy,52,2 Physical only,population,4.719383761338186,4.718818548954166,4.591401379007925,4.849484248255584,4.62682500564591,4.814210034583521
women,2.5,expectancy,54,2 Physical only,population,4.521678307560214,4.520931866676694,4.396735829348313,4.649697457464667,4.430899923405411,4.613645973535994
women,2.5,expectancy,56,2 Physical only,population,4.329430462058779,4.329003736964914,4.204879809582504,4.457842688033475,4.239472322986678,4.420484754472891
women,2.5,expectancy,58,2 Physical only,population,4.143903180798995,4.14361583521233,4.017850333575402,4.273194267615952,4.053232265716802,4.235750107629311
women,2.5,expectancy,60,2 Physical only,population,3.9647395511244232,3.96434243615234,3.836030725617056,4.097335911733382,3.8726355763069744,4.058933885372295
women,2.5,expectancy,62,2 Physical only,population,3.790901030186117,3.7900788188065846,3.6591024266673253,3.9274161990392047,3.696695558298942,3.887369590264535
women,2.5,expectancy,64,2 Physical only,population,3.621124752288658,3.620609371958926,3.485446878419728,3.762050905737391,3.52432380135769,3.720174762204537
women,2.5,expectancy,66,2 Physical only,population,3.454145554864425,3.4533326057562537,3.3145506858023532,3.5987244135717504,3.354916434267618,3.55585820754576
women,2.5,expectancy,68,2 Physical only,population,3.288801917106569,3.2879283058610165,3.1469417073829447,3.436704024717981,3.1874206866801034,3.3931158248587354
women,2.5,expectancy,70,2 Physical only,population,3.1240875400230528,3.1231323656340892,2.9801398367406295,3.274753498214616,3.0201365409409044,3.231272388883417
women,2.5,expectancy,72,2 Physical only,population,2.959180189985729,2.9580210155046602,2.8126060006107902,3.1126466652867206,2.8533194086244915,3.0678829194231647
women,2.5,expectancy,74,2 Physical only,population,2.793463108613844,2.792340104087981,2.6449111805302694,2.9487073773545167,2.6859951878299957,2.9037576359300448
women,2.5,expectancy,76,2 Physical only,population,2.6265451822599037,2.6252622731186963,2.4763672379460098,2.784556384058717,2.518283811660901,2.7375716711957234
women,2.5,expectancy,78,2 Physical only,population,2.458280637942868,2.4566747763063086,2.3077390593653915,2.618289838177192,2.3496545147145564,2.5707430818855297
women,2.5,expectancy,80,2 Physical only,population,2.288785506108942,2.287123906440693,2.137725972043779,2.4501623635577423,2.179479944056542,2.4022001602058
women,2.5,expectancy,82,2 Physical only,population,2.118445845931377,2.1166361273376517,1.967241703576224,2.2806036934182123,2.0085452935256143,2.232136668189948
women,2.5,expectancy,84,2 Physical only,population,1.947912032849254,1.9461195483286335,1.795494927324803,2.1105884750605806,1.838573470067806,2.0620073994630044
women,2.5,expectancy,86,2 Physical only,population,1.778075146140287,1.7762347302211372,1.6259460582407947,1.940794546050363,1.6686405029196811,1.8925243561254286
women,2.5,expectancy,88,2 Physical only,population,1.610026564893188,1.607978366326505,1.4585741389447922,1.772373097232034,1.5003235679631637,1.724910597522757
women,2.5,expectancy,90,2 Physical only,population,1.4450098914975136,1.4431436534902056,1.2938747244565687,1.60831533688186,1.3362760237881204,1.5596384258552962
women,2.5,expectancy,92,2 Physical only,population,1.2843816917799664,1.2822676614694193,1.1352130036830732,1.4472207707975044,1.175752256240386,1.3987614013414618
women,2.5,expectancy,94,2 Physical only,population,1.1295966714736887,1.1271968962141585,0.982169402014166,1.2923784908139122,1.0218644593840203,1.2448284326436267
women,2.5,expectancy,96,2 Physical only,population,0.9822165752829721,0.979245252512089,0.8350991864826177,1.1460148994280748,0.8743074551324875,1.097314426543774
women,2.5,expectancy,98,2 Physical only,population,0.8439167018675722,0.840944741129272,0.6976571460856953,1.0095182976261026,0.7355894097053068,0.9598475304609089
women,2.5,expectancy,100,2 Physical only,population,0.7164645412178073,0.7128641509779292,0.5702820174110419,0.8856902077329479,0.6075738056978005,0.8330401999701172
women,2.5,expectancy,102,2 Physical only,population,0.6017354369966615,0.5972289432982533,0.45665416223938127,0.7728330973966159,0.49241938254737966,0.7199085119751855
women,2.5,expectancy,104,2 Physical only,population,0.5021315530597996,0.4966647558443683,0.3568442351815876,0.6743165823719667,0.3928310949883451,0.6225772335923949
women,2.5,expectancy,106,2 Physical only,population,0.4228398782608954,0.41678684051231235,0.27703304212421603,0.6014762599947733,0.3114854168514332,0.5468439185437757
women,2.5,expectancy,108,2 Physical only,population,0.38241868947749197,0.37414007507627983,0.22707253557579074,0.5824292582447009,0.26309384171649364,0.5181496642426344
women,2.5,expectancy,110,2 Physical only,population,0.4662925789379623,0.45540190171954487,0.2519472284507039,0.7454292181826961,0.2995565533637905,0.6549041336870535
women,2.5,expectancy,50,3 Cognitive only,population,0.7080198303338985,0.7076059142603335,0.6577493811238361,0.7620320623739321,0.671079447454939,0.7463326702971537
women,2.5,expectancy,52,3 Cognitive only,population,0.706730820641287,0.7063699976012766,0.6556446987471467,0.761554541863678,0.6692802110176592,0.745603793541041
women,2.5,expectancy,54,3 Cognitive only,population,0.7046726413028946,0.7041275625391153,0.6527056890330782,0.7605390189530117,0.6665362400272412,0.7444174553619131
women,2.5,expectancy,56,3 Cognitive only,population,0.7019890416958589,0.7014730550630324,0.6490494425890766,0.7592054953617897,0.6629523259715281,0.7425268482467099
women,2.5,expectancy,58,3 Cognitive only,population,0.6986176639993035,0.6981164312347881,0.6443122943284978,0.7570357631882483,0.6586618713479682,0.7400918138263641
women,2.5,expectancy,60,3 Cognitive only,population,0.6944752045785643,0.6939725351561333,0.6386963352206343,0.7542873962582848,0.6537409170355881,0.7368406213250541
women,2.5,expectancy,62,3 Cognitive only,population,0.6894672160640136,0.68896787822629,0.6321583663010651,0.7507478251203193,0.6476860886980491,0.732787761022589
women,2.5,expectancy,64,3 Cognitive only,population,0.6834852871469101,0.6828229942572404,0.624661585064494,0.7463192758131392,0.6406808089576088,0.7278941469791331
women,2.5,expectancy,66,3 Cognitive only,population,0.6764054070271857,0.6756207551408596,0.6162160220989934,0.7409037346988459,0.6324606201625432,0.7218309418464028
women,2.5,expectancy,68,3 Cognitive only,population,0.668088086483953,0.6671463599003561,0.6064258554584289,0.7340981946176485,0.6231655155623202,0.7144821885811411
women,2.5,expectancy,70,3 Cognitive only,population,0.6583798461632308,0.6573403743718762,0.5951770140176944,0.726038775215529,0.6124543889276944,0.7059203964941851
women,2.5,expectancy,72,3 Cognitive only,population,0.6471157766882031,0.646086966788513,0.5822949215149712,0.7163596756145593,0.6000934437832511,0.6958864440496112
women,2.5,expectancy,74,3 Cognitive only,population,0.6341229129902435,0.633114187343993,0.568074297554334,0.7047463054300117,0.5860733181969404,0.6842260495098222
women,2.5,expectancy,76,3 Cognitive only,population,0.6192240856964011,0.618324605323771,0.5512100549437748,0.6915051708044978,0.5701436180660181,0.6706053344731738
women,2.5,expectancy,78,3 Cognitive only,population,0.6022417828266424,0.601173881182103,0.533179141869503,0.6760610299438788,0.5520967579338232,0.6546903955428219
women,2.5,expectancy,80,3 Cognitive only,population,0.5830015004490517,0.581900433849505,0.5131920483035665,0.6578773326517454,0.5318536276624416,0.6364504098510861
women,2.5,expectancy,82,3 Cognitive only,population,0.5613342977954111,0.56017928231261,0.49003906443008116,0.6376838153707227,0.5095276502160276,0.6158046459782277
women,2.5,expectancy,84,3 Cognitive only,population,0.537079139914562,0.5359394039990277,0.4649372059169598,0.6145572369294997,0.48455328497015876,0.5921974779999033
women,2.5,expectancy,86,3 Cognitive only,population,0.5100875236697248,0.5088323754361623,0.43712745860978675,0.5886306628439173,0.4570251148226561,0.565950636628964
women,2.5,expectancy,88,3 Cognitive only,population,0.480236060454902,0.4788670967781391,0.4074102024837397,0.5600507901396938,0.4269139260884815,0.5369635509222139
women,2.5,expectancy,90,3 Cognitive only,population,0.4474564637522286,0.44609035898246796,0.3741315488550986,0.5284541977922959,0.39394720939264205,0.504348809974067
women,2.5,expectancy,92,3 Cognitive only,population,0.4117940713638106,0.4101459789110077,0.3388509687516886,0.49327277570323724,0.35848495938349856,0.46876623649056665
women,2.5,expectancy,94,3 Cognitive only,population,0.37350020868259204,0.37169440279693805,0.30162401173569625,0.4554790004444839,0.3207874596672578,0.4299204594559981
women,2.5,expectancy,96,3 Cognitive only,population,0.33314466199861537,0.3311669900889001,0.26354465184134473,0.4151470746320661,0.281460341032538,0.38912257411548296
women,2.5,expectancy,98,3 Cognitive only,population,0.2917050067345935,0.28942029089457344,0.22395471616641413,0.3727655936186098,0.240961649995405,0.3475866428177442
women,2.5,expectancy,100,3 Cognitive only,population,0.2505723832305044,0.24786304498487177,0.18494598434572956,0.33125449532733003,0.20091973802150853,0.3059082247590148
women,2.5,expectancy,102,3 Cognitive only,population,0.21145185337422306,0.20853757763911202,0.14800809682986657,0.29272835207591197,0.16326642917021042,0.26596417273351664
women,2.5,expectancy,104,3 Cognitive only,population,0.1762873893991834,0.17280210090801404,0.1154119788449813,0.2584751021393529,0.1295083227608208,0.23011233455871472
women,2.5,expectancy,106,3 Cognitive only,population,0.14778513508857244,0.14364154329280437,0.08797642935048947,0.23251733192171634,0.10152195404905547,0.2023479485233118
women,2.5,expectancy,108,3 Cognitive only,population,0.13290964928241716,0.12748546690064272,0.0703787237543588,0.22751306222735196,0.08403835770811237,0.19247038436732683
women,2.5,expectancy,110,3 Cognitive only,population,0.16148209883919884,0.15304210175715838,0.07570006916021173,0.2958239991928465,0.09358697793545519,0.24650492892347065
women,2.5,expectancy,50,4 Both,population,1.1028335546283283,1.1013800031023595,1.018341165724495,1.1954078342675674,1.040559571719637,1.167708156501978
women,2.5,expectancy,52,4 Both,population,1.1048305152441162,1.1034435236668076,1.018948667261541,1.198993233914893,1.0416700184468672,1.1705591174259968
women,2.5,expectancy,54,4 Both,population,1.1070402097018597,1.1056872615810038,1.019660716809481,1.202952705938378,1.04277834883019,1.1739451282652495
women,2.5,expectancy,56,4 Both,population,1.109111425081839,1.1077680440143598,1.019912770180999,1.2070604491236814,1.0435865593075337,1.1773480840801305
women,2.5,expectancy,58,4 Both,population,1.1110644430696481,1.109672678951879,1.0200036370793177,1.2109191690096428,1.0441424660841148,1.1809011376629448
women,2.5,expectancy,60,4 Both,population,1.1129136356752503,1.1116216880987004,1.0197913339247984,1.2150257607384913,1.044491067205293,1.1839135404678345
women,2.5,expectancy,62,4 Both,population,1.1146435096067517,1.1133140688901078,1.0191706958939455,1.218906506175961,1.0447111297860476,1.1874232298256953
women,2.5,expectancy,64,4 Both,population,1.1162148105903444,1.11478723460974,1.0181569503059256,1.2228981478220171,1.0448478591909824,1.1908475847820905
women,2.5,expectancy,66,4 Both,population,1.117571128364848,1.11605639850386,1.0173116656300751,1.2271782613222646,1.044106543485879,1.1943444714337608
women,2.5,expectancy,68,4 Both,population,1.118644728409743,1.1171559641295883,1.015835084241929,1.231733966570631,1.04329901044371,1.1976277148648853
women,2.5,expectancy,70,4 Both,population,1.1193630459513233,1.1177312233812948,1.0134465053435493,1.236023158342402,1.0418348403026265,1.2006209808455166
women,2.5,expectancy,72,4 Both,population,1.119657207535304,1.117852423277748,1.0103356146981273,1.2397884211095618,1.039860551899207,1.2032168680103614
women,2.5,expectancy,74,4 Both,population,1.1194735359122687,1.1176221100375012,1.0066038952211402,1.2435149962326535,1.0373274962952423,1.2056183712524593
women,2.5,expectancy,76,4 Both,population,1.1187883974889117,1.116826907183098,1.002150021769943,1.2472334711241941,1.0340397768620486,1.2079004643423128
women,2.5,expectancy,78,4 Both,population,1.1176258447207095,1.1156106318656196,0.9968960346493482,1.2507865024865938,1.0302203069943008,1.2097264403254335
women,2.5,expectancy,80,4 Both,population,1.1160761695897632,1.1138930705079226,0.9911896409054008,1.2540285087292045,1.0252618516894778,1.2117664274903057
women,2.5,expectancy,82,4 Both,population,1.1143117037664414,1.111787610573429,0.9843835379480712,1.2583051800127676,1.0197979120804235,1.213708257484681
women,2.5,expectancy,84,4 Both,population,1.1125941971604407,1.1095305141551566,0.9770912336017643,1.2626758546991046,1.0134412353539775,1.2162413084914199
women,2.5,expectancy,86,4 Both,population,1.111266539497882,1.1080859552796634,0.9697734006169709,1.2688193475073148,1.0074898486188664,1.2203683395352887
women,2.5,expectancy,88,4 Both,population,1.1107217899882986,1.1071275601881185,0.9633614646937714,1.2775375791256547,1.001567827543983,1.2254726185662035
women,2.5,expectancy,90,4 Both,population,1.1113464747804478,1.1073340675705565,0.9555313789054244,1.2890874888451003,0.995712423877977,1.2330140567406882
women,2.5,expectancy,92,4 Both,population,1.1134448537683073,1.1086425787043805,0.9491235056818994,1.3014799856818553,0.9906665802252326,1.2437682921921347
women,2.5,expectancy,94,4 Both,population,1.1171659756941286,1.1117859439090265,0.9425432193887968,1.3191725899724998,0.9867276756238399,1.255972508092348
women,2.5,expectancy,96,4 Both,population,1.1224706835989051,1.1165856047640539,0.9368904352196519,1.3401444335846697,0.98412311015158,1.2709803226351757
women,2.5,expectancy,98,4 Both,population,1.129186832472912,1.121839465111533,0.9321968007036197,1.3631800912206187,0.9814126193615389,1.2892919587347142
women,2.5,expectancy,100,4 Both,population,1.1372358751288791,1.1291060983088785,0.9274471622611862,1.3895168548568657,0.9796788905509679,1.3099155661372655
women,2.5,expectancy,102,4 Both,population,1.1473225345037077,1.1381833961835008,0.9237146378398624,1.4193329751512886,0.9789659907249204,1.3336514530332608
women,2.5,expectancy,104,4 Both,population,1.1633184067098647,1.1527902027785082,0.9253722532663704,1.4577654466644818,0.9836322890427125,1.3647577453142155
women,2.5,expectancy,106,4 Both,population,1.2016053636794009,1.1887642483889003,0.9440438888828158,1.5259934050016122,1.0061510433555099,1.4229170439489573
women,2.5,expectancy,108,4 Both,population,1.3319181540571134,1.3157652982539,1.0365604324269908,1.7057525044874968,1.1083046657165079,1.5848670920023757
women,2.5,expectancy,110,4 Both,population,1.879283102441938,1.8691555950499277,1.4980425158623951,2.3019699475397517,1.6001718294897003,2.1754158407898334
women,2.5,expectancy,50,1 Functional,s1,25.385147022288656,25.386224626495704,25.131504212561705,25.635076069257238,25.20541692888166,25.56588081834446
women,2.5,expectancy,52,1 Functional,s1,23.64527969785362,23.64550140953714,23.40657107817264,23.880588762850522,23.475162424412872,23.815690176397034
women,2.5,expectancy,54,1 Functional,s1,22.063117114438974,22.062390698727672,21.837789889108997,22.286041011708082,21.902158656054002,22.2242088274393
women,2.5,expectancy,56,1 Functional,s1,20.557208948383114,20.556202772175155,20.342281429650225,20.770929226390614,20.40311337025399,20.713166967820268
women,2.5,expectancy,58,1 Functional,s1,19.090295146960305,19.08962335903258,18.88046811116762,19.300752013810875,18.940077066466586,19.243532497777736
women,2.5,expectancy,60,1 Functional,s1,17.64717597767142,17.646840098212024,17.439388165469882,17.858729755628477,17.496606809113068,17.79911850329992
women,2.5,expectancy,62,1 Functional,s1,16.223773469294045,16.22362861010706,16.01345645782507,16.437888695822945,16.07118921179356,16.377957796574897
women,2.5,expectancy,64,1 Functional,s1,14.821687070467192,14.821893630134898,14.608604632462319,15.04028299355089,14.667463723581227,14.977049953747288
women,2.5,expectancy,66,1 Functional,s1,13.44549437474978,13.445919852452306,13.229934131211758,13.667848651347748,13.288961612160753,13.603880824632173
women,2.5,expectancy,68,1 Functional,s1,12.101422415372388,12.101498843336634,11.884695576665097,12.325844494664603,11.942941268219732,12.260881942557349
women,2.5,expectancy,70,1 Functional,s1,10.796687792921547,10.796687172810397,10.580358952602202,11.02065314437321,10.638114531497617,10.957045579095524
women,2.5,expectancy,72,1 Functional,s1,9.53914218284184,9.538967910562215,9.323293012195123,9.763926420308488,9.381384210602796,9.69862150098137
women,2.5,expectancy,74,1 Functional,s1,8.337031634503207,8.336500238069313,8.123838409444094,8.560123816535931,8.18154197401366,8.49455907851914
women,2.5,expectancy,76,1 Functional,s1,7.198766443923332,7.1980107160874365,6.989937500753532,7.416943403722386,7.045678936075848,7.353091904997715
women,2.5,expectancy,78,1 Functional,s1,6.132646094089325,6.1314596792883,5.929867221294282,6.343677471791303,5.983894328489999,6.282338478500194
women,2.5,expectancy,80,1 Functional,s1,5.146513477143736,5.145871281986848,4.950873530415261,5.349459429955395,5.002458606328067,5.290983593229601
women,2.5,expectancy,82,1 Functional,s1,4.247336168889454,4.246351409144129,4.05924669581665,4.4414392810255405,4.10965889307445,4.385461816117189
women,2.5,expectancy,84,1 Functional,s1,3.4407350963871646,3.4396113294147113,3.262869683394603,3.6244490644701104,3.3116207790258216,3.571312404865902
women,2.5,expectancy,86,1 Functional,s1,2.7305026969752944,2.7294435336079794,2.565498660435936,2.9022551305487974,2.6101170604436237,2.8527424335937854
women,2.5,expectancy,88,1 Functional,s1,2.1181696939827823,2.1171709561499146,1.9675019190013343,2.2771711700076533,2.0078389643672256,2.230648338975614
women,2.5,expectancy,90,1 Functional,s1,1.602685787935943,1.601368942909569,1.4678744270054107,1.7459762641347896,1.5039060052634678,1.7040895346311808
women,2.5,expectancy,92,1 Functional,s1,1.180270632542366,1.178807896079795,1.0613782114895418,1.3073423697728412,1.0935786387918909,1.2697653598262852
women,2.5,expectancy,94,1 Functional,s1,0.8444705483459601,0.8429979828191428,0.7419846754988326,0.9556370105138601,0.7701826296556705,0.9213259120497351
women,2.5,expectancy,96,1 Functional,s1,0.5864361267771472,0.5849397009784074,0.5012524022048614,0.6796968056672064,0.5245441841197066,0.6514636745044111
women,2.5,expectancy,98,1 Functional,s1,0.39542918887698514,0.39392530848396323,0.3268378469155757,0.4719597409841537,0.34504814691638674,0.44844384737098847
women,2.5,expectancy,100,1 Functional,s1,0.25956727085667836,0.2582334287288215,0.20549353788679342,0.3205192702962482,0.2199428429466531,0.3021099683405653
women,2.5,expectancy,102,1 Functional,s1,0.16678536653449585,0.1655303583081161,0.12503784430768408,0.21457625820137965,0.13604140005279214,0.20015323449644415
women,2.5,expectancy,104,1 Functional,s1,0.10592387537800345,0.10479224295078547,0.07365911305392821,0.14392255947461466,0.08229694645197182,0.1318793202571051
women,2.5,expectancy,106,1 Functional,s1,0.06785356617692617,0.06674890148079748,0.042994834011915416,0.09856981928196419,0.049287360109989124,0.08860609794094508
women,2.5,expectancy,108,1 Functional,s1,0.047089647637987786,0.045779570021547644,0.0263060683882639,0.07485410219863343,0.031241228511768603,0.06512322957555017
women,2.5,expectancy,110,1 Functional,s1,0.04754144587972713,0.04573123221490979,0.02308145556431303,0.08146739333529374,0.028562507687491193,0.06963817930449331
women,2.5,expectancy,50,2 Physical only,s1,4.580837033203066,4.579650986317441,4.453048193857438,4.7110991265229645,4.488177501456256,4.6748481399842925
women,2.5,expectancy,52,2 Physical only,s1,4.550812932173031,4.5500731066722935,4.424203004653374,4.679776257855728,4.459383309513069,4.644213072981325
women,2.5,expectancy,54,2 Physical only,s1,4.437313890744147,4.436656612985834,4.312540412074994,4.56575490014448,4.346629540990026,4.528861876542244
women,2.5,expectancy,56,2 Physical only,s1,4.287351328394359,4.28692783642037,4.162748001541525,4.415708829494641,4.197387677814458,4.378545315728069
women,2.5,expectancy,58,2 Physical only,s1,4.122990028334836,4.1227068014903185,3.9968308353791584,4.252293039360414,4.032533293871422,4.214884037009913
women,2.5,expectancy,60,2 Physical only,s1,3.9543799522740026,3.9540403325983258,3.825581811501329,4.087519048007856,3.862342097969952,4.0486978957363196
women,2.5,expectancy,62,2 Physical only,s1,3.7857854266881064,3.7850652128061597,3.6538631351568247,3.9225090177054986,3.691486472120431,3.8825022821112976
women,2.5,expectancy,64,2 Physical only,s1,3.6186073718498073,3.618045553396655,3.482928329219505,3.7595103016703817,3.521820152132941,3.7177299853362915
women,2.5,expectancy,66,2 Physical only,s1,3.4529121986594937,3.452121123202586,3.3132770277049755,3.5975286090284815,3.353606751371161,3.554621536421456
women,2.5,expectancy,68,2 Physical only,s1,3.2882013572450197,3.287332168992422,3.146394624544343,3.4361182086888835,3.186843441219235,3.392533205304534
women,2.5,expectancy,70,2 Physical only,s1,3.123797690512119,3.1228600956355974,2.979872867510493,3.274458476073418,3.0198455839524967,3.231018796974923
women,2.5,expectancy,72,2 Physical only,s1,2.9590420726184616,2.957895287127039,2.812483428664256,3.1124811387211615,2.853193491107668,3.067766431168707
women,2.5,expectancy,74,2 Physical only,s1,2.793398477810919,2.7922704332821087,2.644829249735351,2.9486608078593606,2.6859274432227913,2.903694344523424
women,2.5,expectancy,76,2 Physical only,s1,2.6265157064494877,2.6252295909863896,2.476333329605112,2.7845318709915072,2.5182519581407146,2.7375451770014667
women,2.5,expectancy,78,2 Physical only,s1,2.458267681015184,2.456659966975625,2.3077253024990547,2.6182782381182426,2.349638436178573,2.5707298130949345
women,2.5,expectancy,80,2 Physical only,s1,2.2887801143553967,2.2871176904382224,2.137720254087249,2.4501590064972323,2.1794737486049685,2.4021953117870254
women,2.5,expectancy,82,2 Physical only,s1,2.1184437932578386,2.116634215078832,1.9672400947562492,2.280602718964796,2.0085427200734833,2.2321343153005953
women,2.5,expectancy,84,2 Physical only,s1,1.9479113754313033,1.9461187844515944,1.7954942893548111,2.1105870857971825,1.8385725326709328,2.062007166520799
women,2.5,expectancy,86,2 Physical only,s1,1.7780750226326012,1.7762345739112368,1.6259457662491794,1.940794537918339,1.668640431324263,1.8925243920886354
women,2.5,expectancy,88,2 Physical only,s1,1.6100266140898059,1.6079783941281058,1.4585742379675075,1.7723731817961184,1.500323396146124,1.7249105483857405
women,2.5,expectancy,90,2 Physical only,s1,1.4450099746426965,1.443143766030627,1.2938747081688662,1.6083154777796664,1.3362761280057882,1.5596384299795667
women,2.5,expectancy,92,2 Physical only,s1,1.2843817636693768,1.2822677392113317,1.1352132437864981,1.4472207316988037,1.17575228190645,1.3987615221639529
women,2.5,expectancy,94,2 Physical only,s1,1.1295967229297499,1.1271969686860057,0.9821695046515665,1.2923785680318598,1.0218645495033394,1.2448284553083842
women,2.5,expectancy,96,2 Physical only,s1,0.9822166089158273,0.9792452854280864,0.8350992301393915,1.1460148658667317,0.8743075125125797,1.0973145094128285
women,2.5,expectancy,98,2 Physical only,s1,0.8439167227298507,0.840944782566602,0.6976572133038034,1.0095183077924577,0.735589437997418,0.959847525729524
women,2.5,expectancy,100,2 Physical only,s1,0.7164645537400766,0.7128641688168524,0.5702820677967364,0.8856902173011946,0.6075738311780888,0.833040202697146
women,2.5,expectancy,102,2 Physical only,s1,0.6017354443465504,0.5972289522136642,0.4566541823770882,0.7728331024237572,0.49241938919504624,0.7199085193516471
women,2.5,expectancy,104,2 Physical only,s1,0.5021315573008401,0.4966647618922283,0.35684424404428544,0.6743165867128428,0.3928310985691592,0.6225772344384738
women,2.5,expectancy,106,2 Physical only,s1,0.4228398806859274,0.4167868429404904,0.27703304553122204,0.6014762620550804,0.3114854257743212,0.5468439182348147
women,2.5,expectancy,108,2 Physical only,s1,0.3824186909224448,0.3741400756456274,0.2270725363450685,0.5824292580855008,0.2630938435683308,0.5181496639771193
women,2.5,expectancy,110,2 Physical only,s1,0.4662925801080997,0.45540190277715603,0.2519472300162965,0.7454292179057805,0.29955655541494064,0.6549041339317283
women,2.5,expectancy,50,3 Cognitive only,s1,0.7066070043978985,0.7061805360962812,0.6557544176590083,0.7611705648204561,0.6692137471319631,0.7453966937790792
women,2.5,expectancy,52,3 Cognitive only,s1,0.7077603341455279,0.7072911501701418,0.6564178088985935,0.7629719541527746,0.6700277709782362,0.7470277811800274
women,2.5,expectancy,54,3 Cognitive only,s1,0.705398707897144,0.7048686056564349,0.6533391191713648,0.7615157189345984,0.6670878537060104,0.7453592315541129
women,2.5,expectancy,56,3 Cognitive only,s1,0.7023831828591891,0.70188873006394,0.6493488057061526,0.7596173531728052,0.6632061494485398,0.7430314194784458
women,2.5,expectancy,58,3 Cognitive only,s1,0.6988254596839414,0.6983166556819713,0.6444801711179967,0.7572860951432774,0.6588287989226326,0.7403167552655943
women,2.5,expectancy,60,3 Cognitive only,s1,0.6945886939396874,0.6940950461760906,0.6388400179321706,0.7544518218712818,0.6538329429293613,0.7369457102517222
women,2.5,expectancy,62,3 Cognitive only,s1,0.6895334393822935,0.6890558998840325,0.6322015373301136,0.7508228792319556,0.6477384224235827,0.732887590986498
women,2.5,expectancy,64,3 Cognitive only,s1,0.6835269695078411,0.6828575550338462,0.6246826352145881,0.7463991972043829,0.6407156840325914,0.7279436671662759
women,2.5,expectancy,66,3 Cognitive only,s1,0.6764334263093129,0.6756563447800812,0.6162073117539195,0.7409275222589216,0.632492749712598,0.721869824683133
women,2.5,expectancy,68,3 Cognitive only,s1,0.6681077786925074,0.6671707797830104,0.6064362702222522,0.7341235978680262,0.6231865872443876,0.714505829286741
women,2.5,expectancy,70,3 Cognitive only,s1,0.6583939983619201,0.6573539903255401,0.5951883204454143,0.7260545998691705,0.612466492274529,0.7059361570238362
women,2.5,expectancy,72,3 Cognitive only,s1,0.6471259978325967,0.6460970075074386,0.5823024938365721,0.7163687242214973,0.6001038431886779,0.6958981027730755
women,2.5,expectancy,74,3 Cognitive only,s1,0.6341302453542997,0.6331195182196178,0.5680781814484985,0.7047545582770598,0.5860839720300531,0.6842336077040846
women,2.5,expectancy,76,3 Cognitive only,s1,0.6192292723748651,0.6183300220014931,0.5512149295001899,0.6915100735756754,0.5701472696854502,0.6706129471317922
women,2.5,expectancy,78,3 Cognitive only,s1,0.6022453846273023,0.6011769997895395,0.5331820681447653,0.676063284526045,0.5521007219678473,0.6546948083230708
women,2.5,expectancy,80,3 Cognitive only,s1,0.5830039494741118,0.5819023809960646,0.5131938674756594,0.657880024655052,0.5318554173529623,0.6364527427758231
women,2.5,expectancy,82,3 Cognitive only,s1,0.5613359257826013,0.560180766252741,0.4900406285963917,0.6376860784435464,0.5095296417889543,0.6158061760402862
women,2.5,expectancy,84,3 Cognitive only,s1,0.5370801971035292,0.5359403905764869,0.46493839227631445,0.614558460271185,0.4845543656943774,0.5921983797803982
women,2.5,expectancy,86,3 Cognitive only,s1,0.510088194140572,0.5088330373805989,0.43712802687566205,0.588631537702925,0.457025796494402,0.5659513901982254
women,2.5,expectancy,88,3 Cognitive only,s1,0.48023647575598377,0.47886754469484916,0.40741059659717777,0.5600513719858685,0.42691428502111484,0.5369641912888057
women,2.5,expectancy,90,3 Cognitive only,s1,0.4474567150574709,0.4460905903987423,0.3741318270821525,0.52845448322814,0.3939474108248919,0.5043490754017572
women,2.5,expectancy,92,3 Cognitive only,s1,0.41179421994632104,0.4101461420743041,0.338851114987051,0.4932729643611333,0.35848505548871157,0.46876641731232904
women,2.5,expectancy,94,3 Cognitive only,s1,0.37350029450588057,0.3716945201037888,0.3016240780051351,0.4554790826925925,0.32078752485759554,0.42992056878029705
women,2.5,expectancy,96,3 Cognitive only,s1,0.33314471040032634,0.33116703980664647,0.2635447083913537,0.4151471525182492,0.281460379770163,0.3891226154745081
women,2.5,expectancy,98,3 Cognitive only,s1,0.2917050333608389,0.2894203138463679,0.2239547404717813,0.3727656253951862,0.24096167506157648,0.3475867091862747
women,2.5,expectancy,100,3 Cognitive only,s1,0.250572397504415,0.24786305936234573,0.18494600543180204,0.33125451595948163,0.2009197472419595,0.3059082395203363
women,2.5,expectancy,102,3 Cognitive only,s1,0.2114518608314616,0.20853758544060508,0.14800810382303836,0.29272835823276566,0.16326643674117783,0.265964181778487
women,2.5,expectancy,104,3 Cognitive only,s1,0.1762873932073292,0.17280210601579107,0.11541198364720823,0.2584751050707289,0.12950832688961803,0.23011234008068018
women,2.5,expectancy,106,3 Cognitive only,s1,0.14778513701379048,0.14364154453223824,0.08797643033406648,0.23251733515320774,0.10152195575684367,0.20234795259216512
women,2.5,expectancy,108,3 Cognitive only,s1,0.13290965030872096,0.12748546756003248,0.07037872481881598,0.22751306319706133,0.08403835872156358,0.19247038495489666
women,2.5,expectancy,110,3 Cognitive only,s1,0.1614820996353828,0.1530421023124066,0.07570006963246888,0.2958239994173578,0.09358697828102461,0.24650492920712097
women,2.5,expectancy,50,4 Both,s1,1.0890737355933138,1.087601948384826,1.0030040100301774,1.1834437522443586,1.0258143126753287,1.1549638115020553
women,2.5,expectancy,52,4 Both,s1,1.0957140717168616,1.0942166913941793,1.0089792039776664,1.190992205319829,1.0319295124137378,1.1621735823937398
women,2.5,expectancy,54,4 Both,s1,1.1015445259642436,1.1000460396563287,1.0135241126347365,1.1979000573662755,1.0369747666718878,1.1690616635707887
women,2.5,expectancy,56,4 Both,s1,1.1058122158646555,1.1044088766956643,1.0163236758776812,1.203815022580565,1.0399758756617485,1.1744107894380842
women,2.5,expectancy,58,4 Both,s1,1.1090689314204063,1.1077368440703048,1.017845854191136,1.2089582921124848,1.04201459639233,1.1790559470364115
women,2.5,expectancy,60,4 Both,s1,1.111696910083269,1.1103845034759259,1.018393310486829,1.213781051056819,1.0432790514062664,1.1827687971151188
women,2.5,expectancy,62,4 Both,s1,1.113896741146479,1.1125177424146138,1.0184026607725616,1.2180432344049752,1.0439202605313822,1.1866955027232422
women,2.5,expectancy,64,4 Both,s1,1.115754365463365,1.1142913277064639,1.0177035414463775,1.2223984294819847,1.0443406635415229,1.1903845558364714
women,2.5,expectancy,66,4 Both,s1,1.1172865391743096,1.115763930825046,1.0170354963427755,1.226910259541279,1.0438108647777096,1.1940726187677013
women,2.5,expectancy,68,4 Both,s1,1.1184688148352573,1.1169884454366197,1.0156449539476402,1.2315271238873633,1.0431273166689103,1.1974581421190835
women,2.5,expectancy,70,4 Both,s1,1.1192545582148727,1.1176094893647948,1.0133401121415107,1.2358870712648984,1.0417220585850382,1.2004924963018662
women,2.5,expectancy,72,4 Both,s1,1.1195906157779905,1.1177845116869725,1.01028096478764,1.2397301829836735,1.0397915692795556,1.2031493046270323
women,2.5,expectancy,74,4 Both,s1,1.1194329467035884,1.1175792982157269,1.0065603704928692,1.2434774589224704,1.037281140479628,1.2055831198543216
women,2.5,expectancy,76,4 Both,s1,1.1187638833848543,1.1168008478778004,1.0021258161575963,1.24721041064277,1.0340172069214217,1.2078783437323115
women,2.5,expectancy,78,4 Both,s1,1.1176112021017903,1.1155950149866023,0.996878028704322,1.2507687184849876,1.0302065053178402,1.2097044099123173
women,2.5,expectancy,80,4 Both,s1,1.1160675325621567,1.1138806592840527,0.991181093865152,1.2540197354662108,1.0252525631758973,1.2117555529939705
women,2.5,expectancy,82,4 Both,s1,1.114306677913774,1.1117824546983992,0.9843797527921264,1.258300562288964,1.0197945440520637,1.2137036917836217
women,2.5,expectancy,84,4 Both,s1,1.1125913133294922,1.109527451798797,0.9770886928472821,1.2626728700238705,1.0134384187025116,1.216238266390078
women,2.5,expectancy,86,4 Both,s1,1.1112649073657714,1.1080839195501828,0.9697722764525885,1.2688177033526922,1.0074883442766858,1.2203669978624054
women,2.5,expectancy,88,4 Both,s1,1.1107208779851294,1.1071266379750777,0.9633607196494733,1.2775366197138094,1.0015671338381893,1.2254719101658016
women,2.5,expectancy,90,4 Both,s1,1.1113459707700808,1.1073336040210386,0.9555308046939582,1.2890866991332954,0.9957121010198233,1.233013424838151
women,2.5,expectancy,92,4 Both,s1,1.113444577642571,1.1086423097409035,0.9491233151824258,1.3014795337639355,0.990666326022827,1.2437679169726203
women,2.5,expectancy,94,4 Both,s1,1.1171658253102617,1.1117858087066412,0.9425431776337818,1.3191724515329815,0.9867275708823504,1.2559724059581752
women,2.5,expectancy,96,4 Both,s1,1.122470601953305,1.1165855658033963,0.936890395955764,1.3401443611704151,0.984123073085402,1.2709802356661073
women,2.5,expectancy,98,4 Both,s1,1.1291867881895026,1.121839431131999,0.9321967704163892,1.3631800082449392,0.9814125897803384,1.2892919250888475
women,2.5,expectancy,100,4 Both,s1,1.1372358511184038,1.1291060754088384,0.9274471434766216,1.3895168132253295,0.9796788758280605,1.3099155377951106
women,2.5,expectancy,102,4 Both,s1,1.147322521515076,1.1381833785506157,0.9237146329906386,1.4193329328398483,0.9789659794871254,1.3336514258648606
women,2.5,expectancy,104,4 Both,s1,1.1633183997354652,1.1527901986045053,0.9253722504589714,1.457765434633845,0.9836322832932746,1.3647577370630524
women,2.5,expectancy,106,4 Both,s1,1.2016053599743584,1.1887642464000858,0.9440438877179161,1.52599339730742,1.0061510425941065,1.4229170354025444
women,2.5,expectancy,108,4 Both,s1,1.3319181519945795,1.3157652959752508,1.0365604320203288,1.7057524990174062,1.1083046643660355,1.5848670885625364
women,2.5,expectancy,110,4 Both,s1,1.879283100488791,1.8691555934850295,1.4980425151337542,2.30196994410132,1.6001718291707572,2.175415838591686
women,2.5,expectancy,50,1 Functional,s2,20.72138270351868,20.729124552365477,20.15198517358325,21.25471950852491,20.318757196135795,21.105088413789215
women,2.5,expectancy,52,1 Functional,s2,21.166039745196162,21.170396481431204,20.721850715975588,21.588430183317353,20.85003829439244,21.47093277597376
women,2.5,expectancy,54,1 Functional,s2,20.763622179690145,20.766450993612658,20.42259309819837,21.08968482434413,20.521704545171993,20.997977470150452
women,2.5,expectancy,56,1 Functional,s2,19.879067723373623,19.880195489651697,19.60726752444518,20.144284568314436,19.687196099481866,20.06830923018173
women,2.5,expectancy,58,1 Functional,s2,18.735966120449977,18.735682981719034,18.501664245917688,18.965336899167134,18.571199165383934,18.90300325034644
women,2.5,expectancy,60,1 Functional,s2,17.46116642557385,17.460469926852667,17.246657929216262,17.67899938452146,17.30533255547479,17.61886146054983
women,2.5,expectancy,62,1 Functional,s2,16.125468457909385,16.12527340301858,15.912664443278516,16.34222066551774,15.971982597837993,16.280825835317124
women,2.5,expectancy,64,1 Functional,s2,14.769341563301326,14.769971065529873,14.556477274042775,14.988528724910916,14.61468901979113,14.924584115487212
women,2.5,expectancy,66,1 Functional,s2,13.417419555647475,13.41832101431703,13.201822659878834,13.63972317920164,13.261112086923365,13.575780521451899
women,2.5,expectancy,68,1 Functional,s2,12.086276182966085,12.086413420171965,11.869849695117422,12.309985206209316,11.928681795263834,12.245362868962692
women,2.5,expectancy,70,1 Functional,s2,10.78848711512477,10.788491058041567,10.571788480754893,11.01256152569251,10.629939913287807,10.948762578679474
women,2.5,expectancy,72,1 Functional,s2,9.534699739704815,9.534660490640963,9.31852278160306,9.759517021927353,9.377008830477081,9.69381240137016
women,2.5,expectancy,74,1 Functional,s2,8.33463256087241,8.33410286298255,8.121391877550455,8.557256186351065,8.179064817755675,8.491776317395242
women,2.5,expectancy,76,1 Functional,s2,7.197480002936595,7.196741714203199,6.988751246135373,7.415582375150681,7.044428691182029,7.351552475086071
women,2.5,expectancy,78,1 Functional,s2,6.131963935961598,6.130830689074978,5.9292138029231944,6.342988475644775,5.983156560963332,6.281641538592881
women,2.5,expectancy,80,1 Functional,s2,5.14615719869137,5.145520188999915,4.950507350450359,5.349067456803144,5.002163119784441,5.290610338129437
women,2.5,expectancy,82,1 Functional,s2,4.247153580686495,4.24618185724402,4.059105928648113,4.441260932060915,4.109502373726754,4.385282299208409
women,2.5,expectancy,84,1 Functional,s2,3.4406435862234637,3.439535442606278,3.262790371226892,3.6243456035677033,3.3115169918704046,3.5712156957419072
women,2.5,expectancy,86,1 Functional,s2,2.7304579753948457,2.7293989715959275,2.565446605539124,2.902198721626506,2.6100783812379347,2.8526935335177908
women,2.5,expectancy,88,1 Functional,s2,2.1181484335682628,2.1171514227444606,1.9674808195752667,2.277147829747329,2.007819724935501,2.2306250123793725
women,2.5,expectancy,90,1 Functional,s2,1.6026759750286252,1.601357939968784,1.467867915454126,1.745965209893219,1.5038972378621038,1.7040771339224203
women,2.5,expectancy,92,1 Functional,s2,1.1802662417246073,1.1788029826057396,1.0613743378884553,1.3073377011934102,1.0935741678940103,1.2697605293010836
women,2.5,expectancy,94,1 Functional,s2,0.8444686457552022,0.8429959258149393,0.7419831261700173,0.9556345527370542,0.7701804639416487,0.9213238666117757
women,2.5,expectancy,96,1 Functional,s2,0.5864353288106325,0.5849389001286278,0.5012515233226142,0.6796959361276518,0.5245434050428253,0.6514629665975102
women,2.5,expectancy,98,1 Functional,s2,0.3954288647241892,0.3939250169992541,0.32683768808369673,0.4719594214528959,0.34504780125871826,0.44844349417352375
women,2.5,expectancy,100,1 Functional,s2,0.25956714295419436,0.2582332855601187,0.20549344336109457,0.3205191351087409,0.21994276630971862,0.3021098599203695
women,2.5,expectancy,102,1 Functional,s2,0.1667853172050586,0.16553032203430018,0.12503779340994756,0.21457620436988115,0.13604135364620348,0.20015320027193537
women,2.5,expectancy,104,1 Functional,s2,0.10592385658324693,0.1047922325179367,0.07365908664650171,0.14392254806848612,0.08229693047289686,0.13187930539116902
women,2.5,expectancy,106,1 Functional,s2,0.06785355897455997,0.06674889611449103,0.042994825753721655,0.09856981448479842,0.049287351045553415,0.0886060956868634
women,2.5,expectancy,108,1 Functional,s2,0.047089644678638985,0.04577956901182524,0.02630606552795462,0.07485410059798307,0.031241223061288896,0.06512322843663776
women,2.5,expectancy,110,1 Functional,s2,0.047541443983531384,0.04573123132281183,0.02308145333088889,0.08146739147455997,0.028562506042891282,0.06963817876642922
women,2.5,expectancy,50,2 Physical only,s2,7.174111704933873,7.172831374292649,6.932409262628354,7.427904754901115,6.997512489596651,7.353292089367481
women,2.5,expectancy,52,2 Physical only,s2,5.8579979860605516,5.856093721925579,5.646438865259673,6.077184870510361,5.703645287656131,6.015002132035963
women,2.5,expectancy,54,2 Physical only,s2,5.096317331778944,5.095387772040345,4.927859171532856,5.271713311297079,4.971397184740347,5.221930375633088
women,2.5,expectancy,56,2 Physical only,s2,4.617632120438064,4.61690994553663,4.475729117137826,4.7636273913123475,4.513517374796867,4.722002536743043
women,2.5,expectancy,58,2 Physical only,s2,4.287594735249871,4.2870697044214054,4.156672279996875,4.42223931519261,4.191850976213822,4.382735869356086
women,2.5,expectancy,60,2 Physical only,s2,4.036041106701422,4.035209893960998,3.906958582400487,4.169017838268259,3.9432539702767735,4.130507514577259
women,2.5,expectancy,62,2 Physical only,s2,3.8261403844962527,3.8255253550875317,3.694826807290348,3.9619545860561702,3.7317471464799037,3.9224257190156275
women,2.5,expectancy,64,2 Physical only,s2,3.638472797605593,3.638049770693555,3.503323929031326,3.779218170980511,3.54163216438632,3.7374763899843146
women,2.5,expectancy,66,2 Physical only,s2,3.4626462143544177,3.4620037358249394,3.323236920023213,3.607408770566646,3.363550969271319,3.564205158796159
women,2.5,expectancy,68,2 Physical only,s2,3.2929412446512933,3.2920578180673,3.1512351937092467,3.4407026551097246,3.1917965882972865,3.3968170513334193
women,2.5,expectancy,70,2 Physical only,s2,3.1260852597701128,3.1251518243633836,2.982045844201713,3.2767249067015185,3.022223533358341,3.2332167343379052
women,2.5,expectancy,72,2 Physical only,s2,2.960132103713373,2.959007898629973,2.8135648913140856,3.1134809310799785,2.8543102772327957,3.068806527098707
women,2.5,expectancy,74,2 Physical only,s2,2.7939085482038877,2.792797377033701,2.645385116710967,2.949148540337754,2.6864700474082803,2.9041746680438574
women,2.5,expectancy,76,2 Physical only,s2,2.6267483432880354,2.625477654712051,2.476603027003244,2.7846916483486615,2.518504615104872,2.737797189852444
women,2.5,expectancy,78,2 Physical only,s2,2.4583699570733892,2.4567609487876436,2.3078293943154757,2.618368718531758,2.3497703592079215,2.570831728323606
women,2.5,expectancy,80,2 Physical only,s2,2.288822686534625,2.2871614301726373,2.137764880375534,2.4501863751659454,2.1795251929763384,2.4022363823003285
women,2.5,expectancy,82,2 Physical only,s2,2.118460010338321,2.116649172642745,1.967252786989852,2.2806105384513984,2.0085632050178157,2.2321483787925795
women,2.5,expectancy,84,2 Physical only,s2,1.9479165769002411,1.9461246169209625,1.7954991834452696,2.1105984212581177,1.8385795539434056,2.062009150149645
women,2.5,expectancy,86,2 Physical only,s2,1.7780760064887655,1.7762358303883534,1.6259478393639977,1.9407946215460767,1.6686409883551294,1.892524118209811
women,2.5,expectancy,88,2 Physical only,s2,1.6100262318126748,1.6079781211178028,1.4585734621118678,1.7723724857057548,1.5003247556058001,1.7249109336559854
women,2.5,expectancy,90,2 Physical only,s2,1.4450093222044795,1.4431428653025544,1.2938748378399223,1.608314368325846,1.3362753020707732,1.5596384010406577
women,2.5,expectancy,92,2 Physical only,s2,1.284381198580899,1.2822671249859492,1.135211358682054,1.4472210644091503,1.1757520875865333,1.3987605733754864
women,2.5,expectancy,94,2 Physical only,s2,1.129596318171325,1.1271963928039355,0.9821687015384069,1.2923779156928217,1.0218638545225327,1.2448282745892474
women,2.5,expectancy,96,2 Physical only,s2,0.9822163442557776,0.9792450211158247,0.8350988821621489,1.1460151226464574,0.8743070468830167,1.0973138585210724
women,2.5,expectancy,98,2 Physical only,s2,0.8439165585241654,0.8409444480050473,0.6976566772943298,1.0095182271804017,0.7355892195689796,0.959847562816173
women,2.5,expectancy,100,2 Physical only,s2,0.7164644551624755,0.712864033154418,0.5702816627432649,0.8856901402874772,0.6075736308340188,0.8330401813939227
women,2.5,expectancy,102,2 Physical only,s2,0.6017353864802003,0.5972288835467643,0.4566540256198959,0.7728330625609181,0.4924193381765455,0.7199084614976077
women,2.5,expectancy,104,2 Physical only,s2,0.5021315239077581,0.4966647135491251,0.3568441729961849,0.674316553541547,0.39283107065038714,0.6225772277595124
women,2.5,expectancy,106,2 Physical only,s2,0.4228398615903611,0.41678682451597143,0.2770330184580019,0.601476245918502,0.3114853576448366,0.546843920736676
women,2.5,expectancy,108,2 Physical only,s2,0.38241867954371733,0.37414007110264946,0.22707253038729977,0.582429259375329,0.2630938291011159,0.5181496661279538
women,2.5,expectancy,110,2 Physical only,s2,0.46629257089305015,0.45540189431061096,0.25194721778091794,0.7454292201473907,0.29955653909985874,0.6549041320456512
women,2.5,expectancy,50,3 Cognitive only,s2,0.6660534735697438,0.6655591081516792,0.6163429170222562,0.719121733589277,0.6293314749811718,0.7036276683417707
women,2.5,expectancy,52,3 Cognitive only,s2,0.6883818887829386,0.6878090453780074,0.6379174031748189,0.7421502793732174,0.6512263258129076,0.7265012668815675
women,2.5,expectancy,54,3 Cognitive only,s2,0.6969285165228695,0.6964325204264152,0.6456099153683974,0.7519565678739878,0.6590967177330714,0.735932149987866
women,2.5,expectancy,56,3 Cognitive only,s2,0.6985369147261955,0.6980976014130371,0.6458866612634849,0.7549483582871255,0.6597743647706815,0.7386110150724398
women,2.5,expectancy,58,3 Cognitive only,s2,0.696970498597912,0.6965455906690327,0.6430750719335642,0.7548159874830819,0.6572901446963336,0.738184369403204
women,2.5,expectancy,60,3 Cognitive only,s2,0.6936255733165283,0.6932083733240479,0.6379651516211851,0.7530187498486475,0.6530147758731473,0.7357963089937075
women,2.5,expectancy,62,3 Cognitive only,s2,0.6889884504727857,0.6884863077017718,0.6317307783182039,0.7500992382686839,0.6473211035891073,0.7323003521970222
women,2.5,expectancy,64,3 Cognitive only,s2,0.6831903393142827,0.682560529520312,0.6244687324764914,0.7459205579559873,0.6404437471186835,0.7275444979568738
women,2.5,expectancy,66,3 Cognitive only,s2,0.6762096424379789,0.6754441722041815,0.6160015167725802,0.7406381304756849,0.6323340477221742,0.7216117618197467
women,2.5,expectancy,68,3 Cognitive only,s2,0.6679514826976797,0.6670148887670452,0.6063089474381685,0.7339475998178937,0.6230261878079123,0.7143420780262904
women,2.5,expectancy,70,3 Cognitive only,s2,0.6582820547545825,0.6572454483235506,0.5951042891114475,0.7259302200458113,0.6123737869774911,0.7058029438007973
women,2.5,expectancy,72,3 Cognitive only,s2,0.6470452961541986,0.6460121289383289,0.5822433965660211,0.7163018607714707,0.6000247461855868,0.695808752857341
women,2.5,expectancy,74,3 Cognitive only,s2,0.634072408955383,0.6330778285462646,0.5680474450570965,0.7046893659941337,0.586005571915642,0.6841672057015274
women,2.5,expectancy,76,3 Cognitive only,s2,0.6191883825891864,0.6182858341543571,0.5511627522472353,0.6914704440119287,0.5701219765044269,0.6705649610827106
women,2.5,expectancy,78,3 Cognitive only,s2,0.6022169977899688,0.6011521874003108,0.5331595208951273,0.6760459422736804,0.5520752510492565,0.6546620239489503
women,2.5,expectancy,80,3 Cognitive only,s2,0.5829846511960495,0.5818852721359125,0.5131791519589713,0.6578590488185193,0.5318408514354369,0.6364353295238623
women,2.5,expectancy,82,3 Cognitive only,s2,0.5613230984784182,0.5601667495729031,0.49002834505389364,0.6376698089860581,0.5095155269526386,0.6157934949393706
women,2.5,expectancy,84,3 Cognitive only,s2,0.5370718677062876,0.5359323677821095,0.46492908376387154,0.6145487901053271,0.4845463704940182,0.5921907327839896
women,2.5,expectancy,86,3 Cognitive only,s2,0.5100829117910751,0.508826844766131,0.43712344326502184,0.5886249569687895,0.4570206961403546,0.5659454685102981
women,2.5,expectancy,88,3 Cognitive only,s2,0.48023320384390006,0.47886418532716035,0.40740751945012743,0.5600468031956822,0.42691133964446476,0.5369590370072842
women,2.5,expectancy,90,3 Cognitive only,s2,0.4474547352024981,0.44608878774486926,0.37412950919282173,0.5284521625057638,0.3939457781481031,0.5043470051344853
women,2.5,expectancy,92,3 Cognitive only,s2,0.41179304938950145,0.41014487984352005,0.3388500078793429,0.49327150392868413,0.3584842957932329,0.46876505836127325
women,2.5,expectancy,94,3 Cognitive only,s2,0.37349961839007406,0.3716935852003079,0.3016235562491883,0.45547838262581486,0.32078701238944,0.429919735232323
women,2.5,expectancy,96,3 Cognitive only,s2,0.33314432910178454,0.3311666789639814,0.26354425247104296,0.41514654465641204,0.2814600948183316,0.3891223008132487
women,2.5,expectancy,98,3 Cognitive only,s2,0.2917048236115637,0.28942012928949595,0.22395455279904106,0.37276536474662586,0.2409614729038439,0.3475861860116908
women,2.5,expectancy,100,3 Cognitive only,s2,0.2505722850649455,0.24786294695516012,0.18494585006598846,0.33125435570512757,0.20091967419717302,0.30590812549974944
women,2.5,expectancy,102,3 Cognitive only,s2,0.21145180209048392,0.20853752457295355,0.14800804874637066,0.2927283076247371,0.16326637605809857,0.2659641070217813
women,2.5,expectancy,104,3 Cognitive only,s2,0.17628736321088517,0.1728020655775615,0.11541194657806687,0.25847508253661705,0.12950829396299163,0.23011229753179718
women,2.5,expectancy,106,3 Cognitive only,s2,0.14778512184892706,0.1436415342818063,0.08797642245128053,0.23251731028513362,0.10152194250200952,0.20234792006640925
women,2.5,expectancy,108,3 Cognitive only,s2,0.13290964222430407,0.12748546231136249,0.07037871636019809,0.2275130556066914,0.08403835088995941,0.19247038035003317
women,2.5,expectancy,110,3 Cognitive only,s2,0.16148209336320798,0.1530420979998298,0.07570006595918473,0.29582399758101074,0.09358697570261576,0.24650492708224522
women,2.5,expectancy,50,4 Both,s2,1.1286564246613695,1.1278889132208865,1.0447594392015263,1.2197960183832144,1.0668211967409589,1.192297269336542
women,2.5,expectancy,52,4 Both,s2,1.150799922813945,1.1496461856632365,1.065513872230035,1.24393906334077,1.0882757921268345,1.2154069918299875
women,2.5,expectancy,54,4 Both,s2,1.1401539736696058,1.1386813088178556,1.053599372761328,1.235019606961228,1.0768160872527004,1.2057423471686157
women,2.5,expectancy,56,4 Both,s2,1.13034848979679,1.128738753827045,1.0420753424000848,1.2272600044826962,1.0656537619669895,1.1974318464545413
women,2.5,expectancy,58,4 Both,s2,1.1243002951996395,1.1229189599567526,1.033605515053961,1.2232876149764829,1.0580537550109468,1.1933925764665654
women,2.5,expectancy,60,4 Both,s2,1.1211068261195876,1.1197749123333733,1.02843707558832,1.2228448474202458,1.0532073832923614,1.1919921656679988
women,2.5,expectancy,62,4 Both,s2,1.1197134415355383,1.118352184359774,1.0244603031411919,1.2238252921294215,1.049992249899546,1.192204501274896
women,2.5,expectancy,64,4 Both,s2,1.119355526097392,1.1179244933803436,1.0217171798994924,1.2262064953808447,1.0481279441937175,1.1938183580332091
women,2.5,expectancy,66,4 Both,s2,1.119517770729652,1.1179731042370142,1.0192260908695654,1.2289476529095806,1.0461514720227858,1.1962296151866472
women,2.5,expectancy,68,4 Both,s2,1.1198501060782158,1.1183103290709029,1.016907508242339,1.2328894667156256,1.0445357452922166,1.1987948263870354
women,2.5,expectancy,70,4 Both,s2,1.1201072461115618,1.1184811467738616,1.0140971447498743,1.2368029618027678,1.0426056331572617,1.201437427560361
women,2.5,expectancy,72,4 Both,s2,1.12011434872837,1.1183351788498244,1.0107764813776037,1.2401965919763538,1.0403233910936256,1.203723348258055
women,2.5,expectancy,74,4 Both,s2,1.119752313648719,1.1179070391318007,1.0068764014084344,1.2437884650754047,1.037634299832599,1.2058751195873032
women,2.5,expectancy,76,4 Both,s2,1.11895682562893,1.1170047350223375,1.0023190940744728,1.2473906397532757,1.034197929943313,1.20805003077651
women,2.5,expectancy,78,4 Both,s2,1.1177264740241306,1.11571764844952,0.9970007761449852,1.2509013845823704,1.0303298718384015,1.2098575912869298
women,2.5,expectancy,80,4 Both,s2,1.1161355368595407,1.113953935450009,0.9912479541063101,1.2540961716627026,1.0253162115678756,1.2118401929902525
women,2.5,expectancy,82,4 Both,s2,1.1143462537974325,1.1118314001144725,0.9844163348081133,1.2583376211120856,1.0198202360726738,1.213737307694846
women,2.5,expectancy,84,4 Both,s2,1.1126140237899889,1.1095486899219935,0.9771081918672627,1.2626969110845394,1.0134600798784086,1.2162605412555816
women,2.5,expectancy,86,4 Both,s2,1.1112777613062055,1.1080966422622929,0.9697813635275867,1.268830188818211,1.007500400477314,1.2203815949575492
women,2.5,expectancy,88,4 Both,s2,1.1107280607832006,1.1071339115682644,0.9633662709006411,1.2775441249168007,1.001572666740179,1.2254816286460264
women,2.5,expectancy,90,4 Both,s2,1.111349940362303,1.1073371942842738,0.9555352520019934,1.2890928559154626,0.9957147067196833,1.2330183910136467
women,2.5,expectancy,92,4 Both,s2,1.1134467524270213,1.108644411621339,0.9491247003053865,1.3014829684854141,0.9906683681510849,1.24377075775905
women,2.5,expectancy,94,4 Both,s2,1.117167009737506,1.1117868709059113,0.942543518530154,1.319173485057668,0.9867284075718201,1.2559731738412532
women,2.5,expectancy,96,4 Both,s2,1.122471244987645,1.1165858713314853,0.9368906985538922,1.3401449257082698,0.9841233531875659,1.2709809374852108
women,2.5,expectancy,98,4 Both,s2,1.1291871369563575,1.121839705175978,0.9321970068042938,1.3631806762132395,0.9814128194598003,1.289292200500888
women,2.5,expectancy,100,4 Both,s2,1.137236040217209,1.12910625612076,0.927447294449244,1.3895171351719797,0.979678988224179,1.3099157670857042
women,2.5,expectancy,102,4 Both,s2,1.147322623808794,1.1381835219795327,0.9237146718002225,1.419333264082608,0.9789660691824384,1.3336516444997273
women,2.5,expectancy,104,4 Both,s2,1.1633184546636788,1.1527902335086893,0.9253722718451463,1.4577655276684354,0.9836323281892541,1.3647578026926466
women,2.5,expectancy,106,4 Both,s2,1.2016053891547382,1.188764262235111,0.9440438967521649,1.5259934605668861,1.0061510485398961,1.4229171048697153
women,2.5,expectancy,108,4 Both,s2,1.331918168239293,1.3157653139898717,1.03656043534278,1.7057525422238813,1.1083046751312646,1.5848671152459763
women,2.5,expectancy,110,4 Both,s2,1.8792831158728522,1.869155605400642,1.4980425206363472,2.3019699716144966,1.6001718317926756,2.175415854921775
women,2.5,expectancy,50,1 Functional,s3,22.642780975009295,22.66989762886007,21.712175595323526,23.414110570306175,22.004450633696585,23.227488090646624
women,2.5,expectancy,52,1 Functional,s3,22.549942291694002,22.56403247661853,21.915320158071708,23.089448740341474,22.112682249485054,22.954512947022987
women,2.5,expectancy,54,1 Functional,s3,21.560081496726934,21.567355919227403,21.158185675839253,21.907131034552158,21.284021876984042,21.8184161812444
women,2.5,expectancy,56,1 Functional,s3,20.309958454223548,20.312649309957827,20.032868550332342,20.569422238078992,20.115299113021024,20.49973523624925
women,2.5,expectancy,58,1 Functional,s3,18.964528012103976,18.96472626050333,18.735878037721303,19.18879408743765,18.80163468282028,19.127034117715144
women,2.5,expectancy,60,1 Functional,s3,17.581917422091895,17.58129013937068,17.368667643085647,17.798273390180658,17.42742958111053,17.73727002105678
women,2.5,expectancy,62,1 Functional,s3,16.189442044151868,16.189708488318438,15.979029653145332,16.404043596174347,16.035593663544773,16.343741165296137
women,2.5,expectancy,64,1 Functional,s3,14.803430016821345,14.80389176644567,14.590965237671872,15.022406478713913,14.648790268827103,14.959338089961397
women,2.5,expectancy,66,1 Functional,s3,13.435701155980048,13.436085934233827,13.219701916357195,13.65783517646617,13.278615713208364,13.593491786385677
women,2.5,expectancy,68,1 Functional,s3,12.09613555127951,12.096102565763026,11.87944375618527,12.319931767264594,11.937926992690912,12.2555554016839
women,2.5,expectancy,70,1 Functional,s3,10.793823192016644,10.7939439770686,10.57739200833005,11.018134083810121,10.635329829760781,10.954143104979645
women,2.5,expectancy,72,1 Functional,s3,9.537589415538225,9.537461205745556,9.321500832392166,9.762466838402673,9.379874558065097,9.697078047836385
women,2.5,expectancy,74,1 Functional,s3,8.336192721212221,8.33571257677128,8.122978469034047,8.559175900899557,8.180593150615916,8.49364803881791
women,2.5,expectancy,76,1 Functional,s3,7.198316487876166,7.197601949120463,6.989528743140465,7.416488054230387,7.045290700036264,7.3525778301440825
women,2.5,expectancy,78,1 Functional,s3,6.132407476402741,6.131246263435881,5.929749998329333,6.34345970477085,5.983568404214294,6.282049282739054
women,2.5,expectancy,80,1 Functional,s3,5.146388855520072,5.145744043364058,4.950712257969097,5.349308181338757,5.00234177652379,5.290902872597659
women,2.5,expectancy,82,1 Functional,s3,4.247272308608021,4.246287502580077,4.059227031680812,4.441364316392798,4.109617575126701,4.385420837116626
women,2.5,expectancy,84,1 Functional,s3,3.4407030951126463,3.4395904487967512,3.2628355514225973,3.624392586712065,3.3115861659573085,3.571291156153065
women,2.5,expectancy,86,1 Functional,s3,2.730487059894926,2.7294275727424955,2.565481542132212,2.9022278267759822,2.6101033214400933,2.8527263299894297
women,2.5,expectancy,88,1 Functional,s3,2.1181622609833797,2.1171645444228746,1.9674955130647525,2.2771652615500404,2.007830210120022,2.2306379296992644
women,2.5,expectancy,90,1 Functional,s3,1.6026823573627467,1.601362741667633,1.4678723512430691,1.7459705390911702,1.5039013415801232,1.7040858048230363
women,2.5,expectancy,92,1 Functional,s3,1.1802690975034484,1.1788059863946598,1.061377606087343,1.3073408276387657,1.093576965640552,1.2697642482233087
women,2.5,expectancy,94,1 Functional,s3,0.8444698831461581,0.8429970240064368,0.7419841055073971,0.9556361299813081,0.7701817621381126,0.9213253965740367
women,2.5,expectancy,96,1 Functional,s3,0.5864358477536129,0.5849393693994799,0.5012518193907375,0.679696568925438,0.524543931042345,0.651463395640052
women,2.5,expectancy,98,1 Functional,s3,0.3954290755211491,0.39392525130029415,0.3268378050857805,0.471959644893073,0.3450480240401361,0.44844367329655926
women,2.5,expectancy,100,1 Functional,s3,0.25956722613203914,0.25823339613021745,0.20549350403123356,0.32051922017097445,0.21994280913634845,0.30210992618482074
women,2.5,expectancy,102,1 Functional,s3,0.16678534929183517,0.16553034958175228,0.12503782688130888,0.21457623999050252,0.13604138992758394,0.2001532148942099
women,2.5,expectancy,104,1 Functional,s3,0.105923868814588,0.10479223606697055,0.07365910277038346,0.1439225534833704,0.08229694116433751,0.13187931663506686
women,2.5,expectancy,106,1 Functional,s3,0.06785356366586562,0.06674890012844756,0.042994830735478516,0.09856981817152868,0.04928735804170142,0.08860609737069862
women,2.5,expectancy,108,1 Functional,s3,0.04708964660870175,0.04577956946236529,0.026306067348969408,0.07485410166740612,0.031241225658682835,0.06512322932666728
women,2.5,expectancy,110,1 Functional,s3,0.047541445221933536,0.04573123182507086,0.023081454515133954,0.08146739269847181,0.02856250687114012,0.06963817913434957
women,2.5,expectancy,50,2 Physical only,s3,4.719036454870139,4.708785732984673,4.434359804333509,5.071099254930905,4.503175528257849,4.953846351826755
women,2.5,expectancy,52,2 Physical only,s3,4.72641930979701,4.7176874773495525,4.505824391923168,5.0018456031796585,4.5593725097153674,4.9114934975982605
women,2.5,expectancy,54,2 Physical only,s3,4.571137352808241,4.568673554580974,4.408513903867301,4.752123384575278,4.450028938474575,4.699159196273637
women,2.5,expectancy,56,2 Physical only,s3,4.368659399946261,4.367758918019199,4.230282268273704,4.511436412401338,4.268296150244128,4.470923195685423
women,2.5,expectancy,58,2 Physical only,s3,4.167902741176097,4.167070827817368,4.037830181580439,4.3010939236528145,4.07354585254751,4.262784727064238
women,2.5,expectancy,60,2 Physical only,s3,3.978061214075914,3.9771291376574016,3.8486678179626463,4.111941313784901,3.885009058770292,4.0728455828022305
women,2.5,expectancy,62,2 Physical only,s3,3.7979533296365084,3.7971289986565515,3.666020689895695,3.935461137523373,3.7032972431503026,3.8946048718850936
women,2.5,expectancy,64,2 Physical only,s3,3.624757469597216,3.6240779554691667,3.488800893841533,3.7659536894395798,3.5277475746227576,3.724044348757404
women,2.5,expectancy,66,2 Physical only,s3,3.4559823101572515,3.455224062283489,3.3164385817193187,3.60081480565212,3.3568109670460373,3.5575968493199155
women,2.5,expectancy,68,2 Physical only,s3,3.2897164949076996,3.2889453868907386,3.148064607137497,3.4374916382309513,3.1883508533754426,3.3939510639627546
women,2.5,expectancy,70,2 Physical only,s3,3.1245360500660624,3.1235930635228706,2.980337623197588,3.275379590113434,3.0206268092451407,3.2316959846854325
women,2.5,expectancy,72,2 Physical only,s3,2.9593963132407306,2.9582492321427853,2.8127456821120655,3.112895034236899,2.8535236139925924,3.0680420317279373
women,2.5,expectancy,74,2 Physical only,s3,2.7935649735176207,2.792400376894757,2.6450307312446855,2.9488177032448464,2.686141019063578,2.903816877395203
women,2.5,expectancy,76,2 Physical only,s3,2.6265918016422454,2.625288946668475,2.4764023340638768,2.7846066803514615,2.518381097482073,2.7376431575738644
women,2.5,expectancy,78,2 Physical only,s3,2.4583011170480016,2.456674907535696,2.307757905764357,2.6183197546428567,2.3496750341017396,2.5707779328423617
women,2.5,expectancy,80,2 Physical only,s3,2.28879397247632,2.287133343624112,2.1377311923072844,2.4501670883804403,2.179483475879428,2.4022029869789345
women,2.5,expectancy,82,2 Physical only,s3,2.1184490127865194,2.1166382168624507,1.967242205421775,2.2806060333045077,2.008551789436928,2.2321417606698386
women,2.5,expectancy,84,2 Physical only,s3,1.9479129985046344,1.9461201795539749,1.7954954438615232,2.1105903752511774,1.8385755732078917,2.062007462427179
women,2.5,expectancy,86,2 Physical only,s3,1.7780752830450346,1.776235026516244,1.625946908605631,1.9407942343458695,1.6686404713179244,1.8925242122040744
women,2.5,expectancy,88,2 Physical only,s3,1.610026445407718,1.6079782260405953,1.458573895157055,1.7723730134269202,1.5003239246478488,1.7249106105404264
women,2.5,expectancy,90,2 Physical only,s3,1.4450097322044488,1.4431434843146642,1.2938747282113776,1.608314834659663,1.3362758220564475,1.5596383976697468
women,2.5,expectancy,92,2 Physical only,s3,1.2843815604117248,1.2822675710840123,1.1352126222358399,1.4472208259340347,1.1757521937648192,1.398761105367694
women,2.5,expectancy,94,2 Physical only,s3,1.129596579243529,1.1271968143774058,0.982169235033046,1.2923784137908678,1.0218644485087924,1.2448283621318719
women,2.5,expectancy,96,2 Physical only,s3,0.9822165155995598,0.979245242331285,0.8350991548339375,1.1460150406966136,0.8743073639776353,1.0973142525352777
women,2.5,expectancy,98,2 Physical only,s3,0.8439166650632278,0.8409446813199362,0.6976571463752158,1.009518287939577,0.7355893789744272,0.9598475398287717
women,2.5,expectancy,100,2 Physical only,s3,0.7164645192099507,0.7128641244121856,0.5702819183743771,0.8856901939474697,0.6075738071752883,0.8330401935360021
women,2.5,expectancy,102,2 Physical only,s3,0.6017354241134611,0.5972289327365685,0.45665414508788377,0.772833087682827,0.4924193763890772,0.7199084981645498
women,2.5,expectancy,104,2 Physical only,s3,0.5021315456408432,0.49666474172436614,0.35684421625087154,0.6743165709959211,0.39283108934420846,0.6225772316536013
women,2.5,expectancy,106,2 Physical only,s3,0.4228398740254976,0.4167868374139362,0.2770330421613018,0.6014762577710123,0.3114853988031395,0.5468439191340423
women,2.5,expectancy,108,2 Physical only,s3,0.3824186869570888,0.3741400748228431,0.2270725338296999,0.5824292585070396,0.2630938385810624,0.5181496648927725
women,2.5,expectancy,110,2 Physical only,s3,0.46629257689927067,0.4554018994845098,0.251947224937186,0.7454292186623134,0.2995565494056705,0.654904133313815
women,2.5,expectancy,50,3 Cognitive only,s3,2.08530530778,2.075392424188853,1.923455559615768,2.300491663893524,1.9620831080330214,2.2285249382901005
women,2.5,expectancy,52,3 Cognitive only,s3,0.9440626925831469,0.9369866321386702,0.830234256202527,1.09567448745997,0.8573945399721223,1.044973978374405
women,2.5,expectancy,54,3 Cognitive only,s3,0.7533647948632892,0.7515991647153429,0.69100553147239,0.8247715909873768,0.708034075893242,0.8022373869018429
women,2.5,expectancy,56,3 Cognitive only,s3,0.7133651050499168,0.7129183294365012,0.6590601973765023,0.7710426901815853,0.6736526653677846,0.7543660255118192
women,2.5,expectancy,58,3 Cognitive only,s3,0.701535231591915,0.7010977048462225,0.6471349834871091,0.7597932956319028,0.6617014432458612,0.7428250482313545
women,2.5,expectancy,60,3 Cognitive only,s3,0.6952606298831446,0.6947812583832096,0.6394265016369343,0.7546636547980756,0.6544751195381773,0.737503124265511
women,2.5,expectancy,62,3 Cognitive only,s3,0.6896710299192909,0.6891757182790144,0.6323742710105986,0.7508695929519513,0.647919166160558,0.7330363427521437
women,2.5,expectancy,64,3 Cognitive only,s3,0.6835231059208916,0.6828733491926439,0.6246889895432327,0.7463085223546454,0.6407050930937869,0.7279246547436536
women,2.5,expectancy,66,3 Cognitive only,s3,0.6763967151543343,0.6756203529282343,0.616178989210851,0.7408994635987172,0.6324510219403621,0.7218242207837655
women,2.5,expectancy,68,3 Cognitive only,s3,0.6680688742626141,0.6671131145172855,0.6064100185075243,0.7340664429605659,0.6231463957215859,0.714461588756828
women,2.5,expectancy,70,3 Cognitive only,s3,0.6583609934094437,0.657327579964263,0.5951629586497958,0.7260227948750132,0.6124400830312934,0.7058887810690779
women,2.5,expectancy,72,3 Cognitive only,s3,0.6471002184462221,0.6460719857107742,0.5822873013528289,0.7163529369471956,0.6000792763918973,0.6958686815452798
women,2.5,expectancy,74,3 Cognitive only,s3,0.6341110042724777,0.6331078570838758,0.5680663077853817,0.7047327285642605,0.5860502899047437,0.68420855654994
women,2.5,expectancy,76,3 Cognitive only,s3,0.6192153742757569,0.6183157732475686,0.5511966849299731,0.6914946340848047,0.5701368812272005,0.670598487405499
women,2.5,expectancy,78,3 Cognitive only,s3,0.6022356231145016,0.6011686573918296,0.5331755679721251,0.6760586594165309,0.5520899557908394,0.6546751876404079
women,2.5,expectancy,80,3 Cognitive only,s3,0.5829972702635643,0.581895948360621,0.5131874974751788,0.6578749203709513,0.5318502757490601,0.6364457303919143
women,2.5,expectancy,82,3 Cognitive only,s3,0.5613314700236282,0.5601748879891477,0.4900378269613294,0.6376799007332434,0.5095265692186581,0.6158036381231565
women,2.5,expectancy,84,3 Cognitive only,s3,0.5370772977680075,0.5359386569656435,0.4649351477063116,0.6145558430602529,0.4845488664235522,0.5921955425294372
women,2.5,expectancy,86,3 Cognitive only,s3,0.5100863532486516,0.5088310412018054,0.437127351743759,0.5886283898347997,0.4570243678061656,0.5659494696813627
women,2.5,expectancy,88,3 Cognitive only,s3,0.48023533470633356,0.47886597763003,0.40740884491859963,0.5600484554055665,0.42691304198201707,0.5369625148620467
women,2.5,expectancy,90,3 Cognitive only,s3,0.44745602430923714,0.4460901185353917,0.3741313336991353,0.5284539395371417,0.39394691750386707,0.5043482188267246
women,2.5,expectancy,92,3 Cognitive only,s3,0.41179381143925436,0.41014568586026545,0.33885072714511355,0.49327247569189175,0.35848469850086284,0.46876614590186266
women,2.5,expectancy,94,3 Cognitive only,s3,0.37350005850349605,0.3716942536564367,0.30162396059116836,0.455478918090979,0.32078735544023745,0.4299201675662779
women,2.5,expectancy,96,3 Cognitive only,s3,0.3331445772848074,0.33116688761656304,0.2635445958917334,0.41514697798579586,0.28146027705134025,0.3891225096927464
women,2.5,expectancy,98,3 Cognitive only,s3,0.2917049601274659,0.28942024907982156,0.2239546732441278,0.372765578534049,0.24096157052993705,0.34758666612375655
women,2.5,expectancy,100,3 Cognitive only,s3,0.2505723582462357,0.24786302656403397,0.18494586989405173,0.33125445999895503,0.2009197203254567,0.3059082060269433
women,2.5,expectancy,102,3 Cognitive only,s3,0.2114518403255739,0.20853756359540673,0.1480080946895817,0.29272834438108286,0.1632664238525426,0.2659641599229572
women,2.5,expectancy,104,3 Cognitive only,s3,0.17628738274062813,0.17280208488647403,0.115411973479265,0.2584750930871387,0.12950831613730004,0.2301123276313694
women,2.5,expectancy,106,3 Cognitive only,s3,0.1477851317268141,0.14364154126820028,0.08797642833779513,0.2325173270561401,0.10152195088202944,0.20234794160902095
women,2.5,expectancy,108,3 Cognitive only,s3,0.13290964749401843,0.12748546532155453,0.07037871996984645,0.22751306084396733,0.0840383549147047,0.19247038374005174
women,2.5,expectancy,110,3 Cognitive only,s3,0.16148209745515696,0.15304209989999265,0.07570006870599955,0.2958239986075672,0.09358697719915074,0.24650492856693676
women,2.5,expectancy,50,4 Both,s3,1.2368133070704095,1.2335979661449117,1.1179882151585463,1.3741673622284098,1.1487398522533872,1.3317299875448085
women,2.5,expectancy,52,4 Both,s3,1.2107572310867127,1.2085164265380648,1.1069979135395187,1.326483110238313,1.1341026703071468,1.290740921687209
women,2.5,expectancy,54,4 Both,s3,1.1498567832365532,1.1485476490556912,1.0585869157781111,1.2486660358444206,1.083322116269582,1.2178331626841528
women,2.5,expectancy,56,4 Both,s3,1.1263563683623419,1.1250733744707182,1.036753403105491,1.2244338044330965,1.0606946448080197,1.194175297680781
women,2.5,expectancy,58,4 Both,s3,1.1186291475966308,1.1173459617761106,1.0274374990147983,1.2176387555539931,1.0517984251502797,1.1880642009898548
women,2.5,expectancy,60,4 Both,s3,1.116559845028711,1.1152689268505847,1.0237000440487205,1.2181142709743327,1.048291871560791,1.18757439014725
women,2.5,expectancy,62,4 Both,s3,1.1165444488609677,1.1151283136157448,1.021566118639439,1.2205220103945176,1.0466605674855984,1.1893129550441977
women,2.5,expectancy,64,4 Both,s3,1.1172642299473547,1.1157408575555254,1.0195999116908807,1.2240070818735072,1.0458216611122357,1.1917737132723878
women,2.5,expectancy,66,4 Both,s3,1.1181731204281005,1.1166593791410615,1.0178338638431486,1.2275342850100945,1.044794404301301,1.1949786741079669
women,2.5,expectancy,68,4 Both,s3,1.1189983999833057,1.1174526723357536,1.0161788059359875,1.2319286525780488,1.0437176512079005,1.1979805016637923
women,2.5,expectancy,70,4 Both,s3,1.1195736088860628,1.1179519418650155,1.0136885701204645,1.2362456216378224,1.0421070787947688,1.20085305535331
women,2.5,expectancy,72,4 Both,s3,1.119783270646016,1.1179726522992004,1.0104729733689994,1.2398527796423853,1.0400099642075917,1.2033355320013883
women,2.5,expectancy,74,4 Both,s3,1.119548998454561,1.1176951743764298,1.0066851842789126,1.2435921670758638,1.0373955420066658,1.205689791410773
women,2.5,expectancy,76,4 Both,s3,1.118833367912323,1.1168795712989836,1.0022250332696676,1.2472782367861777,1.0340678408182717,1.2079212457148636
women,2.5,expectancy,78,4 Both,s3,1.1176524360403992,1.1156441602070726,0.9969414263373854,1.2508081505238708,1.030250171868161,1.2097683239960906
women,2.5,expectancy,80,4 Both,s3,1.1160917331718483,1.1139081253513952,0.9912047483475454,1.254036083095677,1.0252744016358002,1.2117866575625782
women,2.5,expectancy,82,4 Both,s3,1.114320705388498,1.1117985229813832,0.9843959674332093,1.2583156928493044,1.0198085874764833,1.2137122039629866
women,2.5,expectancy,84,4 Both,s3,1.112599337616575,1.1095339870503393,0.9770941628548412,1.2626807401059246,1.0134461752204016,1.2162466512773442
women,2.5,expectancy,86,4 Both,s3,1.1112694377193124,1.1080887818001905,0.9697735429332703,1.2688253029533554,1.007490447963149,1.2203696445883512
women,2.5,expectancy,88,4 Both,s3,1.1107234045105985,1.1071284206982783,0.9633616515317662,1.277538720484458,1.0015691848997295,1.2254735057402293
women,2.5,expectancy,90,4 Both,s3,1.1113473648225174,1.1073346770026928,0.9555333077734962,1.2890894363422427,0.9957130321557762,1.2330152434451584
women,2.5,expectancy,92,4 Both,s3,1.1134453403883398,1.1086430722924632,0.9491236607633248,1.301480913426755,0.9906672136828796,1.2437691183176476
women,2.5,expectancy,94,4 Both,s3,1.1171662402561537,1.111786252908553,0.942543249853238,1.3191727767550883,0.9867277660457375,1.2559727541754415
women,2.5,expectancy,96,4 Both,s3,1.1224708270087915,1.11658566001694,0.9368904873123297,1.3401445281657638,0.9841231857137085,1.2709803939665232
women,2.5,expectancy,98,4 Both,s3,1.1291869101397112,1.121839513241255,0.932196814112027,1.3631802272000926,0.9814126606795517,1.2892920234482483
women,2.5,expectancy,100,4 Both,s3,1.1372359171757014,1.1291061090111867,0.9274471912142948,1.3895169376312266,0.979678910818596,1.3099155864653182
women,2.5,expectancy,102,4 Both,s3,1.1473225572128385,1.138183440439358,0.9237146479123683,1.4193329864696689,0.9789660078454823,1.33365148867663
women,2.5,expectancy,104,4 Both,s3,1.1633184188829317,1.152790211461531,0.9253722587044366,1.4577654712454637,0.9836322981667639,1.3647577570263763
women,2.5,expectancy,106,4 Both,s3,1.2016053701339655,1.1887642513855696,0.9440438895195068,1.5259934363844736,1.006151045356665,1.422917059330394
women,2.5,expectancy,108,4 Both,s3,1.3319181576429724,1.315765301152608,1.0365604337200112,1.7057525123225594,1.1083046679731732,1.5848670964299139
women,2.5,expectancy,110,4 Both,s3,1.8792831058369364,1.8691555984418662,1.4980425173968386,2.301969953800821,1.6001718298358263,2.17541584325904
women,2.5,expectancy,50,1 Functional,s4,18.901580237130528,18.915209233065227,17.182465650659474,20.5318182444881,17.691218400198718,20.081630455222893
women,2.5,expectancy,52,1 Functional,s4,20.486814202385627,20.492749656628433,19.39936017281661,21.55108854418291,19.71017010603347,21.260392672603164
women,2.5,expectancy,54,1 Functional,s4,20.474005407959766,20.481161492885732,19.802621993199057,21.104465598411565,19.997597177872372,20.929418827823234
women,2.5,expectancy,56,1 Functional,s4,19.7421762053759,19.749219065312104,19.324620753987706,20.127276471445047,19.443579376553572,20.024108190994763
women,2.5,expectancy,58,1 Functional,s4,18.667417444219904,18.670430060058347,18.38020038771575,18.943030011235987,18.460336677506586,18.86821834729501
women,2.5,expectancy,60,1 Functional,s4,17.425744981893097,17.425436240787796,17.19176088724893,17.66116200242816,17.25780829202217,17.59497623878601
women,2.5,expectancy,62,1 Functional,s4,16.1068182840586,16.106165962990616,15.889840194560811,16.328998734902697,15.949573734026252,16.265610166307745
women,2.5,expectancy,64,1 Functional,s4,14.759397076530524,14.759292945698391,14.54477045396384,14.979379076385065,14.60410299316886,14.915741281344756
women,2.5,expectancy,66,1 Functional,s4,13.412068996173698,13.412329232399397,13.195530936051599,13.63454395842246,13.255192519761808,13.570822349453538
women,2.5,expectancy,68,1 Functional,s4,12.083379729652805,12.083697078081485,11.866447631029994,12.30745465668465,11.925708986176488,12.242774342990296
women,2.5,expectancy,70,1 Functional,s4,10.786914289459046,10.78684513715912,10.570117919033128,11.011687206610546,10.62851773205012,10.947255500194217
women,2.5,expectancy,72,1 Functional,s4,9.533845872761143,9.53381446209221,9.317916037847912,9.758839554753294,9.376254231933572,9.693026872582877
women,2.5,expectancy,74,1 Functional,s4,8.334170822973089,8.333730959396725,8.121000649992904,8.556997719040341,8.178590374003502,8.491477838315403
women,2.5,expectancy,76,1 Functional,s4,7.197232262293691,7.196472541990801,6.988418482623427,7.415311488822652,7.044086893751847,7.351397212392009
women,2.5,expectancy,78,1 Functional,s4,6.131832575303712,6.130722944046663,5.929238765708213,6.343152111117063,5.983032400374399,6.281484210769198
women,2.5,expectancy,80,1 Functional,s4,5.146088632505338,5.145464843702318,4.950412190318941,5.349055327791275,5.0020384598164185,5.290594681213212
women,2.5,expectancy,82,1 Functional,s4,4.247118477478653,4.246130144176276,4.059061721218219,4.441201208640672,4.109462509682653,4.385251255690244
women,2.5,expectancy,84,1 Functional,s4,3.440626017126961,3.439506140440757,3.262794545068491,3.624315917992314,3.3114901941614896,3.571206414964865
women,2.5,expectancy,86,1 Functional,s4,2.7304494033172446,2.729392262797674,2.5654200297616008,2.902183301397455,2.6100528306335344,2.8526828458099134
women,2.5,expectancy,88,1 Functional,s4,2.118144366000811,2.1171476004955148,1.9674692427797518,2.277147004559676,2.0078077259363134,2.2306124249014827
women,2.5,expectancy,90,1 Functional,s4,1.602674101434796,1.6013557038887096,1.4678677340135715,1.745964097184248,1.503895811097848,1.704075505741413
women,2.5,expectancy,92,1 Functional,s4,1.1802654052185062,1.178802669838649,1.0613752018222031,1.3073360566703038,1.093573533642415,1.2697594186749082
women,2.5,expectancy,94,1 Functional,s4,0.8444682841322463,0.8429949694355581,0.7419829063161859,0.9556339803819568,0.7701800704077034,0.921322648027676
women,2.5,expectancy,96,1 Functional,s4,0.5864351775106342,0.5849388365453158,0.5012510653684772,0.6796959249970231,0.5245432740579712,0.6514628464896856
women,2.5,expectancy,98,1 Functional,s4,0.3954288034132028,0.3939249339464899,0.32683768193029605,0.47195935495875124,0.3450476850385947,0.4484434541447928
women,2.5,expectancy,100,1 Functional,s4,0.2595671188183009,0.25823329997179,0.20549341947279604,0.320519099278767,0.21994275249149164,0.30210983150373344
women,2.5,expectancy,102,1 Functional,s4,0.1667853079137407,0.16553032302114223,0.1250377927719919,0.21457618887844945,0.1360413491676556,0.20015318579576188
women,2.5,expectancy,104,1 Functional,s4,0.10592385304675393,0.10479223308952347,0.07365908607149889,0.14392254256328876,0.08229693007348687,0.13187930946369086
women,2.5,expectancy,106,1 Functional,s4,0.06785355761893327,0.06674889608843515,0.04299482554698228,0.09856981380596436,0.04928735019024681,0.08860609547776024
women,2.5,expectancy,108,1 Functional,s4,0.04708964412064713,0.045779569089042474,0.026306065183405277,0.07485409990298646,0.031241221459429293,0.06512322856272129
women,2.5,expectancy,110,1 Functional,s4,0.04754144362533901,0.04573123087583489,0.023081452688090115,0.08146739128826516,0.028562505678258382,0.06963817877011723
women,2.5,expectancy,50,2 Physical only,s4,5.416438817096221,5.412847991453406,4.865056057828628,5.998203660070151,5.0159639073154265,5.825676568070946
women,2.5,expectancy,52,2 Physical only,s4,5.567423351397299,5.56414034244162,5.151672830437256,6.008103572153837,5.26079947795398,5.878340385038847
women,2.5,expectancy,54,2 Physical only,s4,5.068868218018018,5.067260396777898,4.799698670343986,5.348695511464797,4.871853574595387,5.268407695395321
women,2.5,expectancy,56,2 Physical only,s4,4.63130561715749,4.63096068891875,4.448231793099906,4.821441266057505,4.497895626931274,4.767492233719345
women,2.5,expectancy,58,2 Physical only,s4,4.30164239418297,4.301312357974748,4.156526121053574,4.451134697317598,4.195951749739777,4.40837351027415
women,2.5,expectancy,60,2 Physical only,s4,4.045128384325154,4.044385271282678,3.909659153925751,4.183046016632484,3.9485962437393147,4.142581681565596
women,2.5,expectancy,62,2 Physical only,s4,3.831302138293815,3.8306766684863165,3.6981256441526553,3.969324633429167,3.736216608536641,3.928116569183252
women,2.5,expectancy,64,2 Physical only,s4,3.64123882989487,3.6404367743651083,3.5055277683025667,3.7816891217108375,3.5440870843977432,3.740625870542287
women,2.5,expectancy,66,2 Physical only,s4,3.464079964325486,3.4633526332928835,3.3246612422567408,3.608976895186276,3.3648639510028318,3.5654450858980025
women,2.5,expectancy,68,2 Physical only,s4,3.293667221610304,3.29285300292833,3.151681814895396,3.4412069157525194,3.1924338321289447,3.397875287860101
women,2.5,expectancy,70,2 Physical only,s4,3.126445477336755,3.1254975530905544,2.982304889968366,3.2772184106938504,3.0224927729368782,3.233536104721608
women,2.5,expectancy,72,2 Physical only,s4,2.960307117863019,2.9592213237227516,2.8136318744181255,3.113816940664604,2.854553945386598,3.0689517342975954
women,2.5,expectancy,74,2 Physical only,s4,2.793991499395976,2.7928567806064053,2.645446754456229,2.949281954439504,2.686587137070639,2.9042023657177047
women,2.5,expectancy,76,2 Physical only,s4,2.626786433196611,2.625501158898091,2.4765885640199268,2.7847989512500777,2.518549776572615,2.7378706085287075
women,2.5,expectancy,78,2 Physical only,s4,2.4583867078419677,2.4567638332025004,2.3078851046209445,2.6183745650433075,2.349792149056314,2.5708543513326076
women,2.5,expectancy,80,2 Physical only,s4,2.2888296004619266,2.2871623249351503,2.1377636180623534,2.4501928593572173,2.179517932234332,2.4022414821979963
women,2.5,expectancy,82,2 Physical only,s4,2.1184625806105637,2.1166535849080965,1.967252849361602,2.2806094835059367,2.0085582314603014,2.232149209602963
women,2.5,expectancy,84,2 Physical only,s4,1.9479173460689947,1.9461246835087502,1.7954986117296579,2.110598154247189,1.838581944229643,2.0620092361385614
women,2.5,expectancy,86,2 Physical only,s4,1.7780761016536086,1.7762366322953178,1.6259492455801072,1.9407944166673166,1.6686408329383997,1.8925239761081398
women,2.5,expectancy,88,2 Physical only,s4,1.610026122139228,1.607977949919642,1.4585732338339874,1.7723726770912134,1.5003255077534208,1.7249109247408083
women,2.5,expectancy,90,2 Physical only,s4,1.4450091841409822,1.4431427764430746,1.2938748012574925,1.6083133954719173,1.3362750327202806,1.55963836170504
women,2.5,expectancy,92,2 Physical only,s4,1.2843810863622984,1.282267072222277,1.1352110201894867,1.4472210228385107,1.1757520558165333,1.3987602278923454
women,2.5,expectancy,94,2 Physical only,s4,1.1295962399182156,1.127196226942695,0.982168582703103,1.2923777756355161,1.021863954699451,1.2448282505489643
women,2.5,expectancy,96,2 Physical only,s4,0.9822162938089097,0.9792450149365008,0.8350987463066519,1.1460152047436105,0.8743068562468747,1.0973139112749208
women,2.5,expectancy,98,2 Physical only,s4,0.843916527477327,0.8409443819740705,0.6976564662451787,1.0095181854013124,0.7355892215541899,0.9598475631306551
women,2.5,expectancy,100,2 Physical only,s4,0.7164644366061345,0.7128640182916199,0.5702815343440254,0.8856901222068708,0.6075736018848547,0.8330401716765322
women,2.5,expectancy,102,2 Physical only,s4,0.6017353756070747,0.597228870236034,0.456653924402413,0.7728330652299058,0.492419340263276,0.7199084298942743
women,2.5,expectancy,104,2 Physical only,s4,0.5021315176326795,0.49666470554912057,0.35684417488173603,0.6743165423077662,0.39283106423774394,0.6225772284703308
women,2.5,expectancy,106,2 Physical only,s4,0.42283985799757023,0.4167868202707964,0.2770330058200427,0.6014762448203721,0.3114853605976193,0.5468439217554848
women,2.5,expectancy,108,2 Physical only,s4,0.38241867739951446,0.3741400697928277,0.22707252931358995,0.5824292590818937,0.26309382891150274,0.5181496666300068
women,2.5,expectancy,110,2 Physical only,s4,0.4662925691544673,0.4554018948000137,0.2519472143961891,0.7454292196648487,0.2995565371681964,0.6549041317680084
women,2.5,expectancy,50,3 Cognitive only,s4,0.7392328135402976,0.7329756809828727,0.6391122242210813,0.8779877284056852,0.6630006580589538,0.8290738832175826
women,2.5,expectancy,52,3 Cognitive only,s4,0.7650007750975888,0.7602715640479133,0.6839659285267085,0.8722982878127562,0.7040331804504207,0.8355275149704446
women,2.5,expectancy,54,3 Cognitive only,s4,0.7237997082058025,0.7227834337944805,0.6662987146130881,0.787133977668738,0.6812130431160097,0.7682690367265577
women,2.5,expectancy,56,3 Cognitive only,s4,0.7069145745617237,0.7064677695669266,0.6532504505311937,0.7646133201340078,0.6674607809407783,0.7475130597593899
women,2.5,expectancy,58,3 Cognitive only,s4,0.6995597784395834,0.6991407820798348,0.6454537353796922,0.7576850618193245,0.6597983928112379,0.7406064342062358
women,2.5,expectancy,60,3 Cognitive only,s4,0.6944295245076841,0.6939990878915541,0.6388272674081402,0.7537914119168915,0.6536640049145667,0.7366486011499546
women,2.5,expectancy,62,3 Cognitive only,s4,0.6892306853895582,0.6887147995983814,0.6320815391049771,0.7502949093216787,0.6475951082842262,0.7325628005100815
women,2.5,expectancy,64,3 Cognitive only,s4,0.6832524877720025,0.6826203973463059,0.6244899268899995,0.745938473068321,0.6405416820300159,0.7275755739997972
women,2.5,expectancy,66,3 Cognitive only,s4,0.6762146725132376,0.6754500563281076,0.6159914809068635,0.7405828284360174,0.6323472358241281,0.7216149826573145
women,2.5,expectancy,68,3 Cognitive only,s4,0.6679401626594786,0.6670243381581074,0.6063073467339258,0.733930008826822,0.6230431120280895,0.7143381513436627
women,2.5,expectancy,70,3 Cognitive only,s4,0.6582679939708987,0.6572342012125147,0.5950856749590289,0.7259290745082901,0.6123502196582513,0.7057803235537625
women,2.5,expectancy,72,3 Cognitive only,s4,0.647032801668915,0.6460096477664111,0.5822363471074817,0.7162949083339386,0.6000155616694894,0.6958091890713942
women,2.5,expectancy,74,3 Cognitive only,s4,0.6340625280929546,0.6330634731837187,0.5680430096875515,0.7046697322019264,0.5859989927233992,0.6841666717490756
women,2.5,expectancy,76,3 Cognitive only,s4,0.6191810353105096,0.6182761854559047,0.5511568122132692,0.691462618632523,0.570112576425693,0.670564516970339
women,2.5,expectancy,78,3 Cognitive only,s4,0.6022117573661491,0.6011464055764666,0.5331519007068841,0.6760397956643939,0.5520738153344384,0.6546323329752282
women,2.5,expectancy,80,3 Cognitive only,s4,0.5829810355866852,0.5818777145933709,0.5131678935391889,0.6578641276162295,0.531839619500915,0.6364312931146492
women,2.5,expectancy,82,3 Cognitive only,s4,0.5613206758268086,0.5601628751604993,0.4900274171007886,0.6376567027376296,0.5095146535143341,0.6157950074315937
women,2.5,expectancy,84,3 Cognitive only,s4,0.5370702879283085,0.5359296320986858,0.4649254060159735,0.6145459259906575,0.48454507443710343,0.5921877037958739
women,2.5,expectancy,86,3 Cognitive only,s4,0.510081907978205,0.5088268139357264,0.4371211007779679,0.588623002980777,0.45701927270655957,0.5659455689456097
women,2.5,expectancy,88,3 Cognitive only,s4,0.4802325817315169,0.47886305424456943,0.407406465844153,0.5600438237260768,0.42691075292635616,0.5369579963765135
women,2.5,expectancy,90,3 Cognitive only,s4,0.4474543588796136,0.44608869246884975,0.3741281937670423,0.5284514258159491,0.3939456256087429,0.5043467233581923
women,2.5,expectancy,92,3 Cognitive only,s4,0.41179282709503284,0.4101444462736007,0.33884962414670594,0.49327109695616567,0.3584842370878652,0.46876449484958455
women,2.5,expectancy,94,3 Cognitive only,s4,0.37349949015798733,0.3716936184293363,0.3016235234216151,0.4554785267515201,0.3207868483226883,0.4299195355440286
women,2.5,expectancy,96,3 Cognitive only,s4,0.33314425689652477,0.3311665937371891,0.26354426510407597,0.41514635018243756,0.281460069485883,0.38912223601794815
women,2.5,expectancy,98,3 Cognitive only,s4,0.2917047839588303,0.28942013077032647,0.22395446513578762,0.37276533213732854,0.24096145943863162,0.34758609900420573
women,2.5,expectancy,100,3 Cognitive only,s4,0.25057226384409065,0.2478629214147759,0.184945747432345,0.3312542997996277,0.2009196568301096,0.3059081020303945
women,2.5,expectancy,102,3 Cognitive only,s4,0.2114517910206127,0.20853749908488012,0.1480080325670573,0.29272831724949117,0.16326636930203167,0.2659640897807754
women,2.5,expectancy,104,3 Cognitive only,s4,0.176287357563823,0.1728020603483616,0.11541193802070676,0.2584750772368461,0.12950828662491318,0.23011229258383015
women,2.5,expectancy,106,3 Cognitive only,s4,0.1477851189949727,0.14364153499954707,0.0879764192864363,0.2325173098607259,0.10152194001720746,0.20234792110401945
women,2.5,expectancy,108,3 Cognitive only,s4,0.13290964070211636,0.1274854612834228,0.07037871351668273,0.2275130538298301,0.08403835137684275,0.19247038062245192
women,2.5,expectancy,110,3 Cognitive only,s4,0.161482092181728,0.15304209656698786,0.07570006581533809,0.2958239972777674,0.09358697518260467,0.24650492666458929
women,2.5,expectancy,50,4 Both,s4,2.489092611724741,2.479314060030343,2.2956121189701966,2.7326768923693163,2.341858840765884,2.651557567267735
women,2.5,expectancy,52,4 Both,s4,1.431641239407503,1.424572133238762,1.2712780771908612,1.6299118650567972,1.31088729878509,1.5646815631217315
women,2.5,expectancy,54,4 Both,s4,1.213054768763312,1.2109998755926539,1.108476415596999,1.3312977194826667,1.1359159076426173,1.294191788948055
women,2.5,expectancy,56,4 Both,s4,1.1537123056009224,1.1524550867045316,1.0608593879846027,1.2536203314470595,1.0860597860424004,1.2234598892400583
women,2.5,expectancy,58,4 Both,s4,1.133243984867303,1.1318736785417594,1.0413632587306632,1.2331327369293954,1.0662745098400612,1.2022678586598023
women,2.5,expectancy,60,4 Both,s4,1.1250524766033807,1.12366504770766,1.0314629105911401,1.2266986085012572,1.0570212633060145,1.1955943620202023
women,2.5,expectancy,62,4 Both,s4,1.1216496275072587,1.1201803406955984,1.026620751586005,1.225524757796552,1.0518759647307787,1.1941037356064932
women,2.5,expectancy,64,4 Both,s4,1.1203797598169738,1.1189356289947945,1.0227568294452856,1.226862217095484,1.048926833301594,1.1949413300980594
women,2.5,expectancy,66,4 Both,s4,1.1200875461704871,1.118653173278899,1.0196645314910855,1.2295164343169758,1.0468889226425724,1.1967613679152793
women,2.5,expectancy,68,4 Both,s4,1.1201773824927264,1.1187193619730864,1.0172798214118188,1.2330156506657148,1.0447933403564371,1.1990495256014264
women,2.5,expectancy,70,4 Both,s4,1.1202988209670122,1.1186535143042184,1.0143213739497627,1.2368432121900803,1.042785424537819,1.2015354968084304
women,2.5,expectancy,72,4 Both,s4,1.1202275594014273,1.1184638553785295,1.0108673073669041,1.2402911599102346,1.0405159077940376,1.2038299343755923
women,2.5,expectancy,74,4 Both,s4,1.1198193902139573,1.1179545546926293,1.0069618615142397,1.2438549216540808,1.0376932952378577,1.2059168311636836
women,2.5,expectancy,76,4 Both,s4,1.1189964677436686,1.1170512251268074,1.002376416264484,1.2474120509743354,1.0342263905999125,1.208106484607593
women,2.5,expectancy,78,4 Both,s4,1.1177497532644205,1.1157447558215345,0.9970218416009342,1.2508969762417128,1.0303530685575006,1.2098960161913501
women,2.5,expectancy,80,4 Both,s4,1.1161490817724045,1.1139651569579638,0.9912429777757644,1.2541075318832873,1.0253187715223966,1.2118355621480932
women,2.5,expectancy,82,4 Both,s4,1.114354047512998,1.1118373448837784,0.984432570605539,1.2583371364702014,1.0198317514751318,1.2137320042054776
women,2.5,expectancy,84,4 Both,s4,1.1126184539553263,1.1095529197132552,0.9771148483230304,1.2627002890276635,1.013467363876003,1.2162713005935646
women,2.5,expectancy,86,4 Both,s4,1.111280248610568,1.1081006742062862,0.9697806496499823,1.2688330005681931,1.007499887572167,1.2203878777138957
women,2.5,expectancy,88,4 Both,s4,1.1107294410955897,1.1071369626534908,0.9633660885524954,1.2775479666555976,1.001574160978825,1.2254828750034257
women,2.5,expectancy,90,4 Both,s4,1.1113506986485095,1.1073382376051628,0.955535919658935,1.2890912762985873,0.995716604899542,1.2330192973563676
women,2.5,expectancy,92,4 Both,s4,1.1134471657384102,1.1086447153718164,0.9491250004319517,1.3014842403788822,0.990668799361792,1.2437710743338062
women,2.5,expectancy,94,4 Both,s4,1.1171672338704297,1.1117869581308475,0.9425436006467243,1.319173961128865,0.9867282912491219,1.2559732556128598
women,2.5,expectancy,96,4 Both,s4,1.122471366257615,1.116585881724999,0.9368907253169073,1.3401448991719769,0.9841234803568765,1.270980951744462
women,2.5,expectancy,98,4 Both,s4,1.1291872025727985,1.1218397798973938,0.9321970275524315,1.3631808762170707,0.9814128305567096,1.2892922409019212
women,2.5,expectancy,100,4 Both,s4,1.137236075749962,1.129106282815131,0.9274473400906418,1.3895171886198732,0.9796790353541456,1.3099157502611387
women,2.5,expectancy,102,4 Both,s4,1.1473226430318104,1.1381835049172437,0.9237146820343338,1.4193332681336361,0.9789660810683523,1.33365164647956
women,2.5,expectancy,104,4 Both,s4,1.1633184650010966,1.1527902340354803,0.925372282410398,1.4577655377040188,0.9836323442877726,1.3647578292154767
women,2.5,expectancy,106,4 Both,s4,1.201605394662673,1.1887642669819853,0.9440438999819484,1.525993479554074,1.00615105037619,1.4229171270386431
women,2.5,expectancy,108,4 Both,s4,1.3319181713185249,1.3157653109820586,1.03656043554413,1.7057525392916375,1.1083046749451462,1.5848671167528248
women,2.5,expectancy,110,4 Both,s4,1.8792831187837233,1.8691556090670423,1.498042522258862,2.3019699783606073,1.6001718322758391,2.175415862591356
women,2.5,total_expectancy,50,Total,population,31.468299775928596,31.46891168483856,31.16355016400888,31.775082792064595,31.250432306080285,31.6859836718495
women,2.5,total_expectancy,52,Total,population,29.84683167827063,29.84690155240266,29.55938160552638,30.138738417416548,29.640329466534922,30.052919290081725
women,2.5,total_expectancy,54,Total,population,28.22744203652491,28.22800777845433,27.949265194586065,28.510785974879568,28.026069471039843,28.427339518772353
women,2.5,total_expectancy,56,Total,population,26.610489250844033,26.61088975366612,26.335340920949125,26.89362009341078,26.410231609910593,26.811359712400293
women,2.5,total_expectancy,58,Total,population,24.998565240543932,24.99873260363758,24.719864322724632,25.28622630056326,24.79613463339059,25.20223635538156
women,2.5,total_expectancy,60,Total,population,23.39559375172715,23.394389178442346,23.11120786343627,23.688173530039183,23.189597710594818,23.602994204575676
women,2.5,total_expectancy,62,Total,population,21.806277046260277,21.805021076018342,21.516699279527206,22.106888349556048,21.59682427114561,22.020838926021327
women,2.5,total_expectancy,64,Total,population,20.235858257438757,20.23442395367556,19.939487889968753,20.543577088904847,20.02180922539312,20.454213382891627
women,2.5,total_expectancy,66,Total,population,18.690049842809035,18.68879068252238,18.386721937213945,19.003583250321256,18.472237267403926,18.912282174044996
women,2.5,total_expectancy,68,Total,population,17.175033555412234,17.173669896532047,16.868783422984208,17.49330822554942,16.95427515681167,17.40146428861081
women,2.5,total_expectancy,70,Total,population,15.69747689753271,15.696190109662979,15.387929322832763,16.01844422342488,15.474627258733719,15.925583485524172
women,2.5,total_expectancy,72,Total,population,14.26453130083076,14.263045938250597,13.954771280244431,14.587119723796857,14.03953777201761,14.493738843700775
women,2.5,total_expectancy,74,Total,population,12.88378659544055,12.88245766509662,12.574406915615256,13.208431065795635,12.659448875205852,13.11230363756335
women,2.5,total_expectancy,76,Total,population,11.56316078111285,11.561779600656973,11.256538970313374,11.883716647968166,11.340357517821703,11.789194954854331
women,2.5,total_expectancy,78,Total,population,10.310707753068538,10.308720963204646,10.00986047315383,10.627280281402438,10.090929373910491,10.53385612565082
women,2.5,total_expectancy,80,Total,population,9.134331420823683,9.13224078304756,8.839960655809826,9.445979569055647,8.919066639373547,9.352664961242791
women,2.5,total_expectancy,82,Total,population,8.041404835582172,8.039433095249754,7.755773814616953,8.348008479280235,7.831273101693609,8.254421377659032
women,2.5,total_expectancy,84,Total,population,7.038308848638072,7.035883634077216,6.761442388348906,7.335622891142996,6.835521447928624,7.245935598657907
women,2.5,total_expectancy,86,Total,population,6.129926228743959,6.127588551864346,5.863199219643531,6.414498415344739,5.934720069851781,6.3293343622319105
women,2.5,total_expectancy,88,Total,population,5.319151410291798,5.316213922812327,5.063794752199999,5.589859927793403,5.133593696619085,5.509722533298106
women,2.5,total_expectancy,90,Total,population,4.606497372230695,4.603752532248203,4.363013638130129,4.865613421665326,4.429952477566759,4.787912407963176
women,2.5,total_expectancy,92,Total,population,3.989890692054607,3.9870628781901383,3.7596296618280336,4.237947805060193,3.8223530284909337,4.162524075549161
women,2.5,total_expectancy,94,Total,population,3.4647331626716773,3.462243124136186,3.247584650845317,3.6999791987150754,3.3068743783464503,3.62862630271193
women,2.5,total_expectancy,96,Total,population,3.0242679463604816,3.0212591120969297,2.8208586277117744,3.2481507011272583,2.8753073397482822,3.1798941701925387
women,2.5,total_expectancy,98,Total,population,2.6602376888029773,2.6566722871067565,2.468878461012231,2.8763553391887133,2.519437759645138,2.8090573431856782
women,2.5,total_expectancy,100,Total,population,2.363840054197551,2.3590610860504464,2.181343377486721,2.576136075827558,2.2294679677632527,2.5082893959390455
women,2.5,total_expectancy,102,Total,population,2.127295185147105,2.120909570661257,1.9504928524716005,2.3374440619690557,1.9966860257663028,2.269992537515564
women,2.5,total_expectancy,104,Total,population,1.9476612221610312,1.9399966388504817,1.7725662529732604,2.1641194244357806,1.8173286496720276,2.092641548964351
women,2.5,total_expectancy,106,Total,population,1.840083942291536,1.8303859933655944,1.6580511119921844,2.0725805486137876,1.703079558356203,1.9953249538419116
women,2.5,total_expectancy,108,Total,population,1.8943361400793628,1.8832052663092227,1.6928616763957598,2.1544231100042777,1.742824057024524,2.0670283135568157
women,2.5,total_expectancy,110,Total,population,2.5545992258581443,2.5435644607314827,2.4026474896241896,2.7661336957479583,2.438143605236723,2.691843888589581
women,2.5,total_expectancy,50,Total,s1,31.761664795482936,31.762790180313072,31.466202687074123,32.06029659079834,31.547012119078904,31.97338243766722
women,2.5,total_expectancy,52,Total,s1,29.99956703588904,30.000023166542597,29.71622830598798,30.287738760607294,29.795233608448974,30.203260278307315
women,2.5,total_expectancy,54,Total,s1,28.30737423904451,28.307591590285302,28.030827370776944,28.589979339370075,28.106242992467983,28.5070799421842
women,2.5,total_expectancy,56,Total,s1,26.652755675501318,26.652746081960878,26.37624739383065,26.93557836968593,26.45252037824053,26.853697041579117
women,2.5,total_expectancy,58,Total,s1,25.02117956639949,25.02138071878703,24.742470337003677,25.30858742649339,24.819249416140547,25.225004193281798
women,2.5,total_expectancy,60,Total,s1,23.40784153396838,23.40659477251142,23.12390488278803,23.7002769398894,23.201531050993616,23.615309913093153
women,2.5,total_expectancy,62,Total,s1,21.812989076510924,21.81180790801339,21.523548682035965,22.1133979449893,21.603483538250185,22.027408177251093
women,2.5,total_expectancy,64,Total,s1,20.239575777288206,20.238085474110463,19.942893839773088,20.547268127900047,20.025638621902754,20.458015236811725
women,2.5,total_expectancy,66,Total,s1,18.692126538892897,18.690962637587262,18.388671217740416,19.005593962992453,18.474391933220737,18.91438188144187
women,2.5,total_expectancy,68,Total,s1,17.17620036614517,17.174779684956015,16.86982163731821,17.494737504556763,16.95544681645709,17.402727508114037
women,2.5,total_expectancy,70,Total,s1,15.69813404001046,15.696832559011227,15.388583346578306,16.01912825675807,15.475327890790174,15.926191429801243
women,2.5,total_expectancy,72,Total,s1,14.264900869070889,14.263374371785554,13.955017737558823,14.58755656190589,14.039915940964477,14.494088300418175
women,2.5,total_expectancy,74,Total,s1,12.883993304372014,12.88271035709366,12.57457633333077,13.208626344929025,12.659632346916759,13.11250707507601
women,2.5,total_expectancy,76,Total,s1,11.563275306132539,11.561884928212267,11.25668202636918,11.883800659882407,11.34049684631822,11.78930531316626
women,2.5,total_expectancy,78,Total,s1,10.310770361833601,10.308786697736952,10.009926023075137,10.62734644737576,10.090975563802333,10.533911739592659
women,2.5,total_expectancy,80,Total,s1,9.1343650735354,9.13227189179134,8.839998542141164,9.446018717545721,8.91909373747525,9.352703365052804
women,2.5,total_expectancy,82,Total,s1,8.041422565843668,8.039450152548623,7.755796632839534,8.34802123617781,7.831289873065652,8.254438833869152
women,2.5,total_expectancy,84,Total,s1,7.038317982251489,7.035893608859498,6.761450309210397,7.335630156784173,6.8355318906999845,7.245943855749912
women,2.5,total_expectancy,86,Total,s1,6.129930821114239,6.127592835183573,5.863203844473209,6.414503153103267,5.934724304419264,6.329339337991313
women,2.5,total_expectancy,88,Total,s1,5.319153661813702,5.31621597581822,5.0637967101798145,5.589862290095716,5.133595469873969,5.509724702502382
women,2.5,total_expectancy,90,Total,s1,4.6064984484061915,4.603753446590142,4.363014929800008,4.86561467312483,4.429953809662645,4.7879134972799084
women,2.5,total_expectancy,92,Total,s1,3.989891193800635,3.9870633887047346,3.759630020494744,4.237948485839785,3.822353384301654,4.1625244910562795
women,2.5,total_expectancy,94,Total,s1,3.464733391091852,3.4622433362487826,3.2475848640749296,3.6999794256616414,3.3068746950091032,3.6286265482840934
women,2.5,total_expectancy,96,Total,s1,3.024268048046606,3.0212591667730866,2.8208586950796968,3.2481508003881703,2.8753074471574616,3.17989430378015
women,2.5,total_expectancy,98,Total,s1,2.660237733157177,2.656672324347544,2.4688784934439476,2.8763553765472563,2.519437800979448,2.8090573894926507
women,2.5,total_expectancy,100,Total,s1,2.3638400732195737,2.3590611008998517,2.1813433916673772,2.5761360996668774,2.2294679813272458,2.508289415020753
women,2.5,total_expectancy,102,Total,s1,2.127295193227584,2.1209095766074855,1.9504928586333545,2.3374440722615173,1.9966860309774246,2.2699925545665494
women,2.5,total_expectancy,104,Total,s1,1.947661225621638,1.9399966397416792,1.7725662541718885,2.1641194283168694,1.817328652009433,2.0926415523297894
women,2.5,total_expectancy,106,Total,s1,1.8400839438510024,1.8303859938079472,1.6580511135409213,2.0725805506716455,1.703079559005034,1.9953249560223099
women,2.5,total_expectancy,108,Total,s1,1.8943361408637331,1.8832052670401767,1.6928616767804099,2.1544231098670843,1.7428240573936944,2.0670283147421027
women,2.5,total_expectancy,110,Total,s1,2.5545992261120007,2.543564461157037,2.40264748978826,2.7661336961360705,2.4381436053087153,2.691843888985184
women,2.5,total_expectancy,50,Total,s2,29.690204306683665,29.70080838624326,29.090422902912167,30.236551729990317,29.266866693092748,30.088156365975216
women,2.5,total_expectancy,52,Total,s2,28.863219542853596,28.866487495848872,28.465777153304387,29.24230785708422,28.58196746594771,29.13707802479366
women,2.5,total_expectancy,54,Total,s2,27.697022001661566,27.697344208166573,27.380196162855068,28.014225080660665,27.47229717364888,27.921954250547373
women,2.5,total_expectancy,56,Total,s2,26.325585248334672,26.325359116418774,26.03685427718506,26.61901046563074,26.11743158044915,26.534251390129974
women,2.5,total_expectancy,58,Total,s2,24.8448316494974,24.844689759554228,24.563386519280716,25.13543945484265,24.64040681884752,25.050555527067406
women,2.5,total_expectancy,60,Total,s2,23.311939931711386,23.31078521054945,23.027792307126848,23.60500744376501,23.105514383670968,23.52093958987615
women,2.5,total_expectancy,62,Total,s2,21.760310734413963,21.758852943608165,21.471127513851137,22.06130226216374,21.549944509648995,21.974820269219993
women,2.5,total_expectancy,64,Total,s2,20.210360226318592,20.208609236433695,19.912862298250317,20.518187766647774,19.996272822950598,20.429087266866485
women,2.5,total_expectancy,66,Total,s2,18.675793183169525,18.674374429269996,18.372447508084157,18.989886770644215,18.45850275606566,18.897942596193467
women,2.5,total_expectancy,68,Total,s2,17.167019016393272,17.16587887899913,16.860531669139682,17.48544467545808,16.945995395238363,17.393639633284394
women,2.5,total_expectancy,70,Total,s2,15.692961675761026,15.691690042732525,15.383312511295095,16.01388788220065,15.470198962384615,15.920808519706114
women,2.5,total_expectancy,72,Total,s2,14.261991488300756,14.260312342147252,13.952036102195894,14.584624793790333,14.037151135468925,14.491124911469928
women,2.5,total_expectancy,74,Total,s2,12.882365831680401,12.880960310210359,12.57323435185201,13.206784748181418,12.658176568812468,13.110825208840954
women,2.5,total_expectancy,76,Total,s2,11.562373554442747,11.561024492356353,11.255603954772837,11.88292967504882,11.339805932787668,11.788436173370714
women,2.5,total_expectancy,78,Total,s2,10.310277364849087,10.308300943711366,10.009424741803022,10.626836380981974,10.090584127412603,10.533409667522177
women,2.5,total_expectancy,80,Total,s2,9.134100073281585,9.132001144076158,8.839702932616898,9.445756407162218,8.918883293862368,9.352395285506235
women,2.5,total_expectancy,82,Total,s2,8.041282943300667,8.039314343835933,7.755628201028347,8.347878117108475,7.831150343253242,8.254299370045045
women,2.5,total_expectancy,84,Total,s2,7.038246054619981,7.035817470853951,6.7613867985238105,7.335573050288808,6.835447990369042,7.245879124941491
women,2.5,total_expectancy,86,Total,s2,6.129894654980892,6.12755784967448,5.863167525890985,6.414466759490304,5.934690283813537,6.329300645061262
women,2.5,total_expectancy,88,Total,s2,5.319135930008038,5.316200397088185,5.063781235900846,5.589843726669517,5.133581122338311,5.50970616703957
women,2.5,total_expectancy,90,Total,s2,4.606489972797906,4.603746394171371,4.363004786195941,4.86560509933739,4.429943351987395,4.787904798459751
women,2.5,total_expectancy,92,Total,s2,3.989887242122029,3.987059345193149,3.759627334525719,4.237942975393283,3.8223503736562505,4.162521119385644
women,2.5,total_expectancy,94,Total,s2,3.4647315920541075,3.462241664192759,3.2475832050676665,3.6999776469062526,3.3068722701337396,3.6286247065396244
women,2.5,total_expectancy,96,Total,s2,3.02426724715584,3.0212587132158824,2.8208581520380673,3.248150052478553,2.875306635026118,3.179893226647702
women,2.5,total_expectancy,98,Total,s2,2.6602373838162756,2.65667203105735,2.4688782396860467,2.876355086071699,2.5194374720391113,2.8090570360754037
women,2.5,total_expectancy,100,Total,s2,2.3638399233988245,2.359060984941691,2.181343274721798,2.576135912616883,2.2294678702216544,2.508289259230275
women,2.5,total_expectancy,102,Total,s2,2.1272951295845366,2.1209095288133786,1.950492812805333,2.337443989840304,1.9966859892835103,2.269992415854877
women,2.5,total_expectancy,104,Total,s2,1.947661198365569,1.9399966325140963,1.7725662450221875,2.1641193976354947,1.8173286343306012,2.092641525240976
women,2.5,total_expectancy,106,Total,s2,1.8400839315685864,1.830385990653037,1.6580511012792964,2.07258053416759,1.7030795538456804,1.9953249391161245
women,2.5,total_expectancy,108,Total,s2,1.8943361346859535,1.883205261510208,1.6928616735043154,2.1544231109449967,1.7428240547567677,2.067028305872305
women,2.5,total_expectancy,110,Total,s2,2.554599224112642,2.5435644578412013,2.4026474885252598,2.766133693050216,2.438143604748909,2.6918438859566436
women,2.5,total_expectancy,50,Total,s3,30.68393604472984,30.727956043693965,29.748695953077032,31.364951756687915,30.07587227728892,31.209076521876653
women,2.5,total_expectancy,52,Total,s3,29.431181525160873,29.439795063234797,28.977959269078234,29.83941032396577,29.11343222557793,29.732084873467755
women,2.5,total_expectancy,54,Total,s3,28.034440427635015,28.0357361756287,27.69766502184479,28.35595465847048,27.79852750899277,28.265954511844445
women,2.5,total_expectancy,56,Total,s3,26.518339327582066,26.51850470091117,26.225458206100264,26.812753034666457,26.30958410215817,26.72740718996282
women,2.5,total_expectancy,58,Total,s3,24.95259513246862,24.952447885175722,24.668437671630294,25.242994685732288,24.74778472369001,25.158349008344956
women,2.5,total_expectancy,60,Total,s3,23.371799111079667,23.37078234863936,23.08722766193368,23.664872319486506,23.165249003525535,23.580179277435196
women,2.5,total_expectancy,62,Total,s3,21.793610852568637,21.791967895284017,21.504016337327062,22.092854743575376,21.583707602777366,22.00799185103043
women,2.5,total_expectancy,64,Total,s3,20.22897482228681,20.227532901648456,19.931850050936394,20.535733658501048,20.014171569067937,20.447223834371417
women,2.5,total_expectancy,66,Total,s3,18.686253301719734,18.685204803390413,18.383251952519394,19.000761886741014,18.468707533350543,18.90840831174931
women,2.5,total_expectancy,68,Total,s3,17.17291932043313,17.1715627406385,16.866670175759623,17.49119510911191,16.952274763744796,17.399323397322796
women,2.5,total_expectancy,70,Total,s3,15.696293844378213,15.695039183096755,15.386741346957939,16.017647080977305,15.47334592942195,15.924215527494445
women,2.5,total_expectancy,72,Total,s3,14.263869217871193,14.262504728622629,13.954192051483794,14.586540545455186,14.03900405594743,14.49264965938648
women,2.5,total_expectancy,74,Total,s3,12.883417697456881,12.882135941557946,12.57436114846905,13.207981054066734,12.658990330849136,13.112035588784043
women,2.5,total_expectancy,76,Total,s3,11.562957031706492,11.5615533052416,11.256379365287572,11.883560853197258,11.340295491006184,11.789003234558919
women,2.5,total_expectancy,78,Total,s3,10.310596652605645,10.308643856862032,10.00964701917331,10.627117191531156,10.090822180024153,10.533762740898371
women,2.5,total_expectancy,80,Total,s3,9.134271831431803,9.132171194436772,8.839912069191993,9.44594533913806,8.918999164430437,9.352620307748149
women,2.5,total_expectancy,82,Total,s3,8.041373496806665,8.039411038976748,7.755748153647593,8.347975290865255,7.8312460958784555,8.254383043605625
women,2.5,total_expectancy,84,Total,s3,7.0382927290018635,7.035868559617038,6.761421601311353,7.335613723051099,6.835503200585345,7.24592469329078
women,2.5,total_expectancy,86,Total,s3,6.129918133907925,6.1275769077621005,5.863195486329583,6.4144877527572,5.934711464695536,6.329321485166415
women,2.5,total_expectancy,88,Total,s3,5.31914744560803,5.31620865385812,5.063792813161647,5.589856166632792,5.133590425549413,5.509719578598154
women,2.5,total_expectancy,90,Total,s3,4.60649547869895,4.60375051273452,4.363011537206383,4.865610360001204,4.42994951731271,4.787909764129913
women,2.5,total_expectancy,92,Total,s3,3.9898898097427673,3.9870615407205188,3.759628700416731,4.237947205211466,3.8223524128543707,4.162523051582209
women,2.5,total_expectancy,94,Total,s3,3.464732761149337,3.4622426336168335,3.247584184848507,3.699978995878566,3.3068740422854033,3.6286261249809075
women,2.5,total_expectancy,96,Total,s3,3.0242677676467715,3.0212590204520695,2.8208583210655758,3.248150413214663,2.8753071578535843,3.1798938282276445
women,2.5,total_expectancy,98,Total,s3,2.6602376108515537,2.6566722417381747,2.4688783696341994,2.8763552952943887,2.5194375778695095,2.8090572501145363
women,2.5,total_expectancy,100,Total,s3,2.363840020763927,2.3590610340989664,2.181343369434575,2.5761360356123846,2.2294679489648055,2.508289391363446
women,2.5,total_expectancy,102,Total,s3,2.1272951709437087,2.1209095557575126,1.950492847180326,2.3374440573906794,1.996686012714471,2.269992480506085
women,2.5,total_expectancy,104,Total,s3,1.947661216078991,1.939996636889325,1.7725662510766507,2.1641194170646805,1.8173286464600977,2.092641543660102
women,2.5,total_expectancy,106,Total,s3,1.8400839395521427,1.8303859926275252,1.6580511099063786,2.072580543378278,1.7030795568072925,1.9953249484596158
women,2.5,total_expectancy,108,Total,s3,1.8943361387027813,1.8832052648838666,1.6928616760265511,2.154423110241314,1.7428240567543871,2.0670283103127693
women,2.5,total_expectancy,110,Total,s3,2.5545992254132974,2.543564460824947,2.4026474892354885,2.766133695330466,2.438143605104643,2.691843887702214
women,2.5,total_expectancy,50,Total,s4,27.546344479491786,27.607384788390874,25.620856763648824,29.121101613573437,26.220686280486596,28.744846617122857
women,2.5,total_expectancy,52,Total,s4,28.250879568288017,28.272613184448772,27.39889991628524,28.97466105125902,27.679673872663667,28.784967861199384
women,2.5,total_expectancy,54,Total,s4,27.479728102946897,27.487190476798744,26.9991060342122,27.914459299000367,27.14289366868229,27.802313044747567
women,2.5,total_expectancy,56,Total,s4,26.234108702696037,26.23560826178924,25.894774113619924,26.569472007591795,25.988583863139304,26.47480287403983
women,2.5,total_expectancy,58,Total,s4,24.801863601709762,24.802091963952584,24.50700320425326,25.103699480857564,24.58666393604512,25.016870908006194
women,2.5,total_expectancy,60,Total,s4,23.290355367329315,23.289029996851895,23.001772250689278,23.587397515534956,23.080357618144337,23.502364007220752
women,2.5,total_expectancy,62,Total,s4,21.749000735249233,21.74733315586661,21.458628832079743,22.050949799685966,21.537613009324552,21.96394833076183
women,2.5,total_expectancy,64,Total,s4,20.204268154014372,20.20317839240704,19.90660872989376,20.513300500618406,19.989390658231013,20.42312153053034
women,2.5,total_expectancy,66,Total,s4,18.672451179182907,18.67117486036812,18.369579217600943,18.98662482563088,18.454412309768962,18.895062457910083
women,2.5,total_expectancy,68,Total,s4,17.165164496415315,17.164045422018468,16.85813964644895,17.483996948739318,16.944104459333946,17.39206475046595
women,2.5,total_expectancy,70,Total,s4,15.691926581733712,15.69035943800084,15.382904695414455,16.01359185255073,15.468731959365774,15.919806817268578
women,2.5,total_expectancy,72,Total,s4,14.261413351694506,14.259921370839411,13.952081296930885,14.58393314626164,14.036566779280054,14.490911154446094
women,2.5,total_expectancy,74,Total,s4,12.882044240675977,12.880704744066229,12.572869600153197,13.206746471975954,12.65780009892589,13.110321343252103
women,2.5,total_expectancy,76,Total,s4,11.56219619854448,11.560813614656059,11.255422800393488,11.882833071143812,11.339684629437585,11.788124837610965
women,2.5,total_expectancy,78,Total,s4,10.310180793776249,10.30823071415268,10.009201886206752,10.626771754310814,10.090521147951465,10.533325405934015
women,2.5,total_expectancy,80,Total,s4,9.134048350326355,9.131939845435234,8.839708749424465,9.445745154102658,8.918835237143481,9.352371392236993
women,2.5,total_expectancy,82,Total,s4,8.041255781429022,8.039282093942475,7.755590977315833,8.347854935102596,7.83117385107894,8.25423945969812
women,2.5,total_expectancy,84,Total,s4,7.038232105079591,7.035796315377771,6.761369793945935,7.335551800331401,6.835457897299111,7.24587366287687
women,2.5,total_expectancy,86,Total,s4,6.129887661559626,6.127547589521427,5.8631545327815076,6.414454035494656,5.9346913424481595,6.329288949336556
women,2.5,total_expectancy,88,Total,s4,5.319132510967146,5.316196234075731,5.063778451299633,5.589843634639927,5.13358163325863,5.509690177637297
women,2.5,total_expectancy,90,Total,s4,4.606488343103901,4.603743102391562,4.363001393036059,4.86560259938299,4.429942672030768,4.787902702416831
women,2.5,total_expectancy,92,Total,s4,3.9898864844142476,3.9870584121040316,3.759625677985878,4.237941395554335,3.8223502515078596,4.162521344098756
women,2.5,total_expectancy,94,Total,s4,3.4647312480788788,3.4622414224754126,3.247583070032536,3.6999768301476097,3.3068716642484492,3.628624521323823
women,2.5,total_expectancy,96,Total,s4,3.0242670944736836,3.021258747134911,2.820857979142898,3.2481498277417242,2.875306754991185,3.179893088462485
women,2.5,total_expectancy,98,Total,s4,2.6602373174221583,2.656671971851589,2.4688781398092603,2.876355106359241,2.5194373073679928,2.8090567498506718
women,2.5,total_expectancy,100,Total,s4,2.3638398950184882,2.3590609777365574,2.181343248317371,2.576135815583391,2.2294678481356764,2.508289228669615
women,2.5,total_expectancy,102,Total,s4,2.1272951175732384,2.1209095220175627,1.9504928065703704,2.337443958785867,1.9966859786628326,2.2699923644787554
women,2.5,total_expectancy,104,Total,s4,1.947661193244353,1.9399966316783646,1.772566241088651,2.164119394551458,1.817328623642057,2.092641525132213
women,2.5,total_expectancy,106,Total,s4,1.8400839292741493,1.830385989510292,1.658051097872064,2.072580529629792,1.7030795551788043,1.995324936679511
women,2.5,total_expectancy,108,Total,s4,1.8943361335408027,1.8832052601185612,1.6928616738656879,2.154423111260524,1.7428240541403284,2.067028303778476
women,2.5,total_expectancy,110,Total,s4,2.5545992237452575,2.543564457566986,2.402647488714714,2.7661336931148495,2.4381436046355267,2.6918438845953947
women,2.5,pct_remaining,50,1 Functional,population,78.61863667833066,78.62129489003095,78.12644345254823,79.10277965413177,78.26868303533635,78.96732103368015
women,2.5,pct_remaining,52,1 Functional,population,78.11870664371229,78.122098648919,77.60529445069874,78.62280225953162,77.7519440623238,78.48057551578947
women,2.5,pct_remaining,54,1 Functional,population,77.5633499189995,77.56549989060399,77.03507765652547,78.08011046227286,77.18593208779885,77.93601845991562
women,2.5,pct_remaining,56,1 Functional,population,76.92486877310274,76.92790449638122,76.38006343015604,77.46015062794173,76.53272964904748,77.307705926614
women,2.5,pct_remaining,58,1 Functional,population,76.18489362403623,76.18762737158553,75.61016412283661,76.75190069386122,75.7730308654674,76.5857864031253
women,2.5,pct_remaining,60,1 Functional,population,75.3288763306391,75.33089120301696,74.70971025421659,75.93705683316914,74.88868259440846,75.75772405456614
women,2.5,pct_remaining,62,1 Functional,population,74.34307817686661,74.34522968565969,73.66912293943497,75.00366755180646,73.86481920255024,74.80890346629224
women,2.5,pct_remaining,64,1 Functional,population,73.21282533865845,73.21568565318935,72.46958046359494,73.93603081513965,72.69301458218578,73.72270567177189
women,2.5,pct_remaining,66,1 Functional,population,71.92144635924575,71.92321950521135,71.1061838651568,72.7130951190494,71.35250298999473,72.478113677565
women,2.5,pct_remaining,68,1 Functional,population,70.44958624421065,70.45177045032801,69.55823076421503,71.3267153560497,69.82268509868692,71.06320423123084
women,2.5,pct_remaining,70,1 Functional,population,68.77475384772046,68.77612083394159,67.79349958648983,69.74179610397542,68.07967488015504,69.45514041428498
women,2.5,pct_remaining,72,1 Functional,population,66.87106855488639,66.87105180180646,65.78581462116941,67.93394982666301,66.10132547125971,67.6287800403102
women,2.5,pct_remaining,74,1 Functional,population,64.70926233580302,64.70692693312398,63.503377319668246,65.88491184485221,63.850763487006034,65.55236632634627
women,2.5,pct_remaining,76,1 Functional,population,62.257086592097835,62.256327778245904,60.90774202745167,63.56322876016375,61.30515243421577,63.19618103247984
women,2.5,pct_remaining,78,1 Functional,population,59.48038560515902,59.47617405647412,57.962840117877896,60.93524971064373,58.41668149039695,60.53912916414157
women,2.5,pct_remaining,80,1 Functional,population,56.345236234173996,56.341562555154326,54.64294753651119,57.97590490413747,55.153930785476156,57.53180719735029
women,2.5,pct_remaining,82,1 Functional,population,52.82170242583043,52.818603205067504,50.92602400739008,54.6502648214875,51.4938682763041,54.147585088476
women,2.5,pct_remaining,84,1 Functional,population,48.88985272828689,48.88766628821004,46.789870945119944,50.93632468438801,47.406745524429525,50.370842578344224
women,2.5,pct_remaining,86,1 Functional,population,44.548592237374955,44.54346880684761,42.228231981893614,46.837382027859235,42.908943702754215,46.190548411149116
women,2.5,pct_remaining,88,1 Functional,population,39.82729540650851,39.81724205344635,37.285012134384466,42.35538464297548,38.01917772047101,41.64234947212337
women,2.5,pct_remaining,90,1 Functional,population,34.798834384924746,34.78269492105814,32.07199806749704,37.539194069355354,32.85009930637406,36.77753291008597
women,2.5,pct_remaining,92,1 Functional,population,29.59020174483419,29.561715542089686,26.729825847135146,32.521107621100846,27.527246741318766,31.688224327044132
women,2.5,pct_remaining,94,1 Functional,population,24.38416075411529,24.350450462622426,21.44942510004408,27.410324573337604,22.27021705780362,26.556903989235504
women,2.5,pct_remaining,96,1 Functional,population,19.404359322847448,19.365863133451935,16.52538682368554,22.433364297188152,17.33551827664506,21.567758675813806
women,2.5,pct_remaining,98,1 Functional,population,14.88030016950589,14.830907270212396,12.166714529070921,17.795576765140986,12.92549505719083,16.940120282687836
women,2.5,pct_remaining,100,1 Functional,population,10.998724819933946,10.935409979259546,8.549734317913058,13.686439900572168,9.22869850415829,12.8851926532501
women,2.5,pct_remaining,102,1 Functional,population,7.859642754561683,7.7994862419952575,5.733143082277603,10.22806780166927,6.309338793136772,9.538500590714598
women,2.5,pct_remaining,104,1 Functional,population,5.458600521929661,5.398022434502482,3.659090696238181,7.506833674143895,4.130629148766701,6.90680544935818
women,2.5,pct_remaining,106,1 Functional,population,3.7075783231912913,3.6453801961541465,2.230289186951156,5.472852027965344,2.5996323972967508,4.934069425674768
women,2.5,pct_remaining,108,1 Functional,population,2.5037865259397747,2.438360622256626,1.3156571292759212,4.031439722993991,1.5964541631747178,3.5407534155826323
women,2.5,pct_remaining,110,1 Functional,population,1.8701140072318865,1.798032457649632,0.8676547999018346,3.245655361270191,1.0935209147626224,2.7722714226714626
women,2.5,pct_remaining,50,2 Physical only,population,15.626986020684667,15.626355720601033,15.241518384132734,16.020155597530852,15.347516376944094,15.907045899952829
women,2.5,pct_remaining,52,2 Physical only,population,15.811963229326865,15.810407215783929,15.415058936483586,16.214445247273865,15.524987619702834,16.10202528920803
women,2.5,pct_remaining,54,2 Physical only,population,16.018627547544515,16.017655289668554,15.617851514706347,16.426049030046652,15.725679162679507,16.31254317118418
women,2.5,pct_remaining,56,2 Physical only,population,16.269468044907093,16.26736488124375,15.856818691059717,16.689773151605984,15.969150903342047,16.570744990635486
women,2.5,pct_remaining,58,2 Physical only,population,16.576326906386196,16.575017046001058,16.142672429758203,17.024315343368027,16.261295357023453,16.894273206012457
women,2.5,pct_remaining,60,2 Physical only,population,16.946220178289014,16.94437626011566,16.476331225072823,17.43210903363241,16.607552852595806,17.291057919341878
women,2.5,pct_remaining,62,2 Physical only,population,17.384081329167334,17.381474749034773,16.871501648883036,17.91486916779857,17.014100133317932,17.760446970745065
women,2.5,pct_remaining,64,2 Physical only,population,17.89415988986739,17.891193722579928,17.330726038202734,18.47530060277297,17.48596708942766,18.307768112989578
women,2.5,pct_remaining,66,2 Physical only,population,18.48069397915915,18.478534567772808,17.855664596052318,19.122381759557562,18.029605961031216,18.941717260285515
women,2.5,pct_remaining,68,2 Physical only,population,19.14815113088215,19.14529608950923,18.455906770623844,19.861086684258684,18.645159839942764,19.660576258756223
women,2.5,pct_remaining,70,2 Physical only,population,19.901171399245452,19.898378969135983,19.12502217527653,20.69132438485578,19.344084308680724,20.470235888822767
women,2.5,pct_remaining,72,2 Physical only,population,20.744248615680743,20.74022820053721,19.88001321140352,21.624401144026955,20.12360137321638,21.381596783305824
women,2.5,pct_remaining,74,2 Physical only,population,21.68111652976542,21.676033454140175,20.708809663001144,22.668453561653877,20.986803806865368,22.38987422271657
women,2.5,pct_remaining,76,2 Physical only,population,22.713750538255834,22.705925909764517,21.629988288510972,23.83000951409455,21.933931055161477,23.50816086584746
women,2.5,pct_remaining,78,2 Physical only,population,23.84084714676923,23.831851166380478,22.618475092873755,25.102828099830276,22.960895587336317,24.73897354715457
women,2.5,pct_remaining,80,2 Physical only,population,25.05560796805013,25.042296478631545,23.67904279501293,26.47897439784313,24.055466076925537,26.06933659330076
women,2.5,pct_remaining,82,2 Physical only,population,26.34265637381073,26.326598630232787,24.781293859839717,27.96130685900025,25.201356555508593,27.49330674339829
women,2.5,pct_remaining,84,2 Physical only,population,27.6740047987502,27.659367480425423,25.90297937924959,29.527637765880236,26.374734037117133,28.987908619686856
women,2.5,pct_remaining,86,2 Physical only,population,29.004259730310547,28.98738184056002,26.96776817668453,31.128158163058504,27.514441989591063,30.513603077436883
women,2.5,pct_remaining,88,2 Physical only,population,30.265819201768043,30.24630874733846,27.903846318169087,32.72240875648875,28.553405756048598,32.01328372015449
women,2.5,pct_remaining,90,2 Physical only,population,31.3657588085197,31.340055983650274,28.62474644795232,34.22392727153667,29.390649159230982,33.391320819940624
women,2.5,pct_remaining,92,2 Physical only,population,32.1872512164039,32.160727670100265,28.987684500753886,35.522666268712854,29.87911054108939,34.556402334185464
women,2.5,pct_remaining,94,2 Physical only,population,32.599024229125106,32.571273740944065,28.857701207413506,36.523952252745,29.870227673176096,35.40461075576032
women,2.5,pct_remaining,96,2 Physical only,population,32.475230399106785,32.431726606960744,28.059376740487156,37.07668787686305,29.23008312756433,35.77163757250446
women,2.5,pct_remaining,98,2 Physical only,population,31.724022736216597,31.662161574299333,26.54395058746278,37.21339927627853,27.90076471628465,35.61290569469281
women,2.5,pct_remaining,100,2 Physical only,population,30.31684055510912,30.243423296486522,24.285762566772252,36.744377568952366,25.885142787394575,34.900906218296335
women,2.5,pct_remaining,102,2 Physical only,population,28.305717576908826,28.21358359869546,21.382189228114164,35.74526260935598,23.1866812292667,33.623431969590136
women,2.5,pct_remaining,104,2 Physical only,population,25.818452320205605,25.678226024456418,18.047751849984053,34.362016795187905,20.062615593854176,31.86773707933081
women,2.5,pct_remaining,106,2 Physical only,population,23.040217557275994,22.82161701457074,14.64640851136657,32.68684670673316,16.75222409710256,29.72982516297313
women,2.5,pct_remaining,108,2 Physical only,population,20.269275354940202,19.965194110136792,11.57149605947076,30.750598536381368,13.631298920559727,27.532738459389254
women,2.5,pct_remaining,110,2 Physical only,population,18.308606149416864,17.927019436250852,9.56014776068842,29.335147692675292,11.514947421138823,25.847098668666874
women,2.5,pct_remaining,50,3 Cognitive only,population,2.249906197099416,2.2489131409205028,2.092801359921088,2.416192752735161,2.1349404931826803,2.368993141396119
women,2.5,pct_remaining,52,3 Cognitive only,population,2.3678089619007285,2.366819653774607,2.199635644858825,2.5460297785560724,2.2447254350047317,2.4953186011038784
women,2.5,pct_remaining,54,3 Cognitive only,population,2.49634820438932,2.495058484603934,2.315135905411216,2.68856530519398,2.363873498640589,2.633371182392313
women,2.5,pct_remaining,56,3 Cognitive only,population,2.6379411043949417,2.6365684194829058,2.4423772255168337,2.8468020993059695,2.4957918341662935,2.785943709046328
women,2.5,pct_remaining,58,3 Cognitive only,population,2.7945407834325637,2.7930409750903684,2.582065023944303,3.0219951666768785,2.640435070454867,2.95497783223844
women,2.5,pct_remaining,60,3 Cognitive only,population,2.9682949670480365,2.9658789860065196,2.735960177351384,3.2172867775503136,2.799165730071445,3.142794209028601
women,2.5,pct_remaining,62,3 Cognitive only,population,3.161658720579092,3.1587366114371815,2.905750975426383,3.4335359923264126,2.976820262216393,3.353214677534065
women,2.5,pct_remaining,64,3 Cognitive only,population,3.3774513004152005,3.3739853608345722,3.096754222351154,3.677591591075579,3.17349417472561,3.5884565754200093
women,2.5,pct_remaining,66,3 Cognitive only,population,3.618903746475258,3.615008216737369,3.3079607745519484,3.9521601868566267,3.393873769611244,3.8526450923710134
women,2.5,pct_remaining,68,3 Cognitive only,population,3.8896963955939516,3.8855661887612647,3.5431536337769467,4.258849872812341,3.6379588574348194,4.1495979200418045
women,2.5,pct_remaining,70,3 Cognitive only,population,4.193974462752716,4.189291001246621,3.8059146532641015,4.605437735783399,3.9131658028659535,4.484411095005545
women,2.5,pct_remaining,72,3 Cognitive only,population,4.536319579962243,4.531532598495751,4.0979482933995515,4.997473079905717,4.219457539584574,4.8640031258190835
women,2.5,pct_remaining,74,3 Cognitive only,population,4.921639924731669,4.915553082216686,4.426009011574135,5.44312674915647,4.563189527432204,5.292439911615888
women,2.5,pct_remaining,76,3 Cognitive only,population,5.354918554777531,5.346433684983646,4.793051956754178,5.947706038452407,4.947186569138017,5.777532473981317
women,2.5,pct_remaining,78,3 Cognitive only,population,5.840726859200025,5.831501470329876,5.198546109913453,6.517544479220514,5.375374379687912,6.323152527904148
women,2.5,pct_remaining,80,3 Cognitive only,population,6.382368419980942,6.3730177606890415,5.643774146813034,7.1626893366768325,5.845696564420338,6.938632041517939
women,2.5,pct_remaining,82,3 Cognitive only,population,6.980476819573984,6.968234397207425,6.1261365061884145,7.884445724156352,6.361855230195043,7.623943051436302
women,2.5,pct_remaining,84,3 Cognitive only,population,7.630876146132827,7.615218376526203,6.644083774082712,8.686912333483304,6.911260194732327,8.378484310893441
women,2.5,pct_remaining,86,3 Cognitive only,population,8.321586247323646,8.301355752013354,7.177174273380943,9.55976497828977,7.4828705698147315,9.195367664251446
women,2.5,pct_remaining,88,3 Cognitive only,population,9.02912363879184,9.007154565577398,7.705023754383804,10.476489352572331,8.050993194929209,10.046115441224108
women,2.5,pct_remaining,90,3 Cognitive only,population,9.714845043989044,9.687806938030558,8.189347325911406,11.410825908536935,8.578834498463301,10.896339970896069
women,2.5,pct_remaining,92,3 Cognitive only,population,10.3230398436438,10.288181005829804,8.566619523188898,12.316573690513454,9.011242366840774,11.70263219543358
women,2.5,pct_remaining,94,3 Cognitive only,population,10.783473809508262,10.73361638182887,8.76399364281712,13.091859553161527,9.277236728803945,12.380388977065417
women,2.5,pct_remaining,96,3 Cognitive only,population,11.02115455255801,10.963582781103607,8.714585763652574,13.674022826480757,9.315127564843477,12.862511428437829
women,2.5,pct_remaining,98,3 Cognitive only,population,10.973866579007563,10.897832960420816,8.381232670082328,13.992943603302027,9.046829922473615,13.057168932007668
women,2.5,pct_remaining,100,3 Cognitive only,population,10.613096721376849,10.513867068705236,7.755721715535023,14.022701742256078,8.47220753650626,12.96827135182853
women,2.5,pct_remaining,102,3 Cognitive only,population,9.958729561933056,9.834491838628969,6.858299245732883,13.814563779508807,7.619316898199231,12.590619216658427
women,2.5,pct_remaining,104,3 Cognitive only,population,9.077606241528509,8.912083462691966,5.780482711966569,13.394497134991784,6.56531357990018,11.962315825835233
women,2.5,pct_remaining,106,3 Cognitive only,population,8.066878640272776,7.852519318607904,4.5991318169824424,12.815023482138452,5.42947302806634,11.193622079870979
women,2.5,pct_remaining,108,3 Cognitive only,population,7.058682874295623,6.781621174629096,3.544553966165789,12.19892669266632,4.331141570527594,10.370546556131087
women,2.5,pct_remaining,110,3 Cognitive only,population,6.347785694579593,6.022400072657046,2.8491952737693165,11.7371532862098,3.598586464996582,9.764667558884458
women,2.5,pct_remaining,50,4 Both,population,3.5044711038852614,3.500296343671027,3.2418632343281035,3.791915188350091,3.312907520694233,3.7039277882710158
women,2.5,pct_remaining,52,4 Both,population,3.7015211650601216,3.697206918071553,3.420914334295248,4.008934593720527,3.4970417464673376,3.914441484938738
women,2.5,pct_remaining,54,4 Both,population,3.92167432906666,3.9168812656266203,3.619629309532243,4.250170953535633,3.7016796192815575,4.150826730056461
women,2.5,pct_remaining,56,4 Both,population,4.167722077595219,4.162746981698721,3.8421364807276484,4.521594897943877,3.930377766129719,4.414320516313368
women,2.5,pct_remaining,58,4 Both,population,4.444238686145004,4.438230452659646,4.091781370610141,4.827079601945566,4.186861964661021,4.711305885106857
women,2.5,pct_remaining,60,4 Both,population,4.756608524023845,4.750331547941899,4.372843755890041,5.1719146944730605,4.476228580146698,5.047443054886872
women,2.5,pct_remaining,62,4 Both,population,5.111181773386955,5.104384134311527,4.689226455155233,5.5656496000541775,4.804979853795307,5.428956215073287
women,2.5,pct_remaining,64,4 Both,population,5.515563471058959,5.508455267243145,5.054260387296354,6.016647390816795,5.178947704858861,5.86573434741667
women,2.5,pct_remaining,66,4 Both,population,5.978955915119841,5.971176966550326,5.467463390708864,6.532750887211942,5.606480558178202,6.366452679965949
women,2.5,pct_remaining,68,4 Both,population,6.512566229313253,6.503334771486009,5.945603048791642,7.128023357172786,6.09831571792532,6.941641681239199
women,2.5,pct_remaining,70,4 Both,population,7.130100290281377,7.1202448352311185,6.492904811239599,7.821294987418613,6.6664980394548445,7.611605560657521
women,2.5,pct_remaining,72,4 Both,population,7.848363249470629,7.837607167949722,7.126966398981487,8.628698747099396,7.324610572841015,8.391376791101411
women,2.5,pct_remaining,74,4 Both,population,8.6879812096999,8.674111567611362,7.867713841412156,9.576184252420527,8.094068613115533,9.307064428630298
women,2.5,pct_remaining,76,4 Both,population,9.6742443148688,9.658895878579894,8.737230067611096,10.691701626300427,8.992736204097652,10.38448096760011
women,2.5,pct_remaining,78,4 Both,population,10.838040388871722,10.820575660846286,9.751024183607358,12.012207838314415,10.04823106326127,11.656464079076843
women,2.5,pct_remaining,80,4 Both,population,12.216787377794931,12.195157533022261,10.95443376509994,13.59320819758782,11.294244739813008,13.173585970794344
women,2.5,pct_remaining,82,4 Both,population,13.855164380784851,13.830375729263693,12.365792490026994,15.479059734193465,12.76831184650319,14.984755552406291
women,2.5,pct_remaining,84,4 Both,population,15.80526632683008,15.773410278435813,14.039300586354665,17.727966388781127,14.516420441513048,17.15129273127236
women,2.5,pct_remaining,86,4 Both,population,18.12556178499085,18.088459529236246,16.012541617085777,20.430928714363095,16.574986033626367,19.731234151771076
women,2.5,pct_remaining,88,4 Both,population,20.877761752931608,20.831591204331055,18.323097821431787,23.65367063561373,18.993481331994584,22.818189680709065
women,2.5,pct_remaining,90,4 Both,population,24.120561762566506,24.060010606115483,21.047152960093687,27.480427675319234,21.84644293565155,26.478618947743353
women,2.5,pct_remaining,92,4 Both,population,27.89950719511811,27.821350727726553,24.172601072028417,31.964912411568957,25.139119193346612,30.76162570416469
women,2.5,pct_remaining,94,4 Both,population,32.233341207251335,32.15231502321113,27.708150766464485,37.14408889625279,28.91707939583794,35.70681923550864
women,2.5,pct_remaining,96,4 Both,population,37.09925572548776,37.01443777508581,31.639177471766086,43.00442088272616,33.119408355009156,41.292378378127864
women,2.5,pct_remaining,98,4 Both,population,42.421810515269954,42.32181310091322,35.867296405795976,49.45035248029006,37.68167735887116,47.41228466267237
women,2.5,pct_remaining,100,4 Both,population,48.07133790358009,47.96466100087288,40.31365178853288,56.36438386991701,42.42513045912708,53.93461764698226
women,2.5,pct_remaining,102,4 Both,population,53.875910106596436,53.785391063800454,44.79973973107551,63.32977578495075,47.28929838491918,60.65496975859865
women,2.5,pct_remaining,104,4 Both,population,59.645340916336224,59.59699709374036,49.26535305361682,70.20257476064639,52.123173293893124,67.30099560962805
women,2.5,pct_remaining,106,4 Both,population,65.18532547925994,65.19024065436086,53.53289011266901,76.52928129161587,56.818099962834275,73.56338649713872
women,2.5,pct_remaining,108,4 Both,population,70.16825524482441,70.30738200009179,57.37176615962857,82.03360710339943,61.102579595528546,79.05030704935757
women,2.5,pct_remaining,110,4 Both,population,73.47349414877166,73.7601884146812,59.95032836507351,85.39277112679781,64.0178924014097,82.56612340328229
women,2.5,pct_remaining,50,1 Functional,s1,79.92411197359702,79.9266647391795,79.44191666582874,80.39793834175416,79.57820586484597,80.26224141339148
women,2.5,pct_remaining,52,1 Functional,s1,78.8190363621435,78.82149132494513,78.31248017022399,79.31477312077301,78.45690776483433,79.17328328981634
women,2.5,pct_remaining,54,1 Functional,s1,77.94162039033989,77.94377247976045,77.41545940839603,78.45633774397064,77.56686640679992,78.3069096327094
women,2.5,pct_remaining,56,1 Functional,s1,77.13026185038458,77.13263861652155,76.58632174785758,77.66830495957073,76.7400493353378,77.51011138500797
women,2.5,pct_remaining,58,1 Functional,s1,76.29715629482675,76.29982890923105,75.72010660252128,76.86393721974076,75.884752062584,76.69835268770667
women,2.5,pct_remaining,60,1 Functional,s1,75.39076138514352,75.39265349325063,74.77057958116303,76.000480933518,74.95040914299064,75.8188040909524
women,2.5,pct_remaining,62,1 Functional,s1,74.37754816603369,74.3799472711782,73.70181830771622,75.0373783624705,73.89936103302549,74.843177301605
women,2.5,pct_remaining,64,1 Functional,s1,73.2322539618293,73.23475496333678,72.49060884521217,73.95509749570097,72.71285336028936,73.74201917606335
women,2.5,pct_remaining,66,1 Functional,s1,71.93253746758182,71.9340226579209,71.11626089370877,72.72551781519185,71.36370122706894,72.49012148187289
women,2.5,pct_remaining,68,1 Functional,s1,70.45599994388888,70.45810244802485,69.56449142548223,71.33324218005059,69.82877992835094,71.0692890496735
women,2.5,pct_remaining,70,1 Functional,s1,68.77850840912123,68.77954551239729,67.79694923821134,69.74606169980079,68.08343758101674,69.45934021305786
women,2.5,pct_remaining,72,1 Functional,s1,66.87329026640049,66.87337309358253,65.78791773587658,67.93612626303262,66.10340512614776,67.63117465749517
women,2.5,pct_remaining,74,1 Functional,s1,64.71058828421283,64.70831993179698,63.50477887366691,65.88594308584157,63.85176014830127,65.55371326226653
women,2.5,pct_remaining,76,1 Functional,s1,62.257882437108506,62.257079892704205,60.90851799723938,63.56386327365588,61.30599201530894,63.196856082413596
women,2.5,pct_remaining,78,1 Functional,s1,59.480864370307856,59.47661527896338,57.96327585294186,60.93580008508002,58.41705149395425,60.53958992410496
women,2.5,pct_remaining,80,1 Functional,s1,56.34552382075972,56.34180720238909,54.64328448214546,57.97621932719989,55.15424092766866,57.53206573924948
women,2.5,pct_remaining,82,1 Functional,s1,52.82187421600099,52.81877408135892,50.926175030720685,54.65043110765106,51.49403533885071,54.14771272037944
women,2.5,pct_remaining,84,1 Functional,s1,48.889954338537684,48.88778046208261,46.78994773957793,50.93644166387166,47.406869172598334,50.37095983368911
women,2.5,pct_remaining,86,1 Functional,s1,44.54865147678812,44.54353870184832,42.22828251441413,46.8374438644339,42.909004060312085,46.19061865183164
women,2.5,pct_remaining,88,1 Functional,s1,39.82732928560323,39.81727904338082,37.28503875989672,42.35541619041828,38.01920213015613,41.642386464876495
women,2.5,pct_remaining,90,1 Functional,s1,34.79885329506323,34.78271574964053,32.07202302575251,37.539208005869234,32.85012494720266,36.77755516603824
women,2.5,pct_remaining,92,1 Functional,s1,29.590211991690342,29.561726542226904,26.729833854907586,32.521117872132365,27.527260980201344,31.68823718347258
women,2.5,pct_remaining,94,1 Functional,s1,24.384166115701955,24.35045513046113,21.449430290486042,27.410331575160036,22.270223306289967,26.55690930181314
women,2.5,pct_remaining,96,1 Functional,s1,19.404362018545765,19.365865572561056,16.52538994839987,22.4333664727753,17.335523122363547,21.567761073787896
women,2.5,pct_remaining,98,1 Functional,s1,14.880301467221344,14.83090811854203,12.166715908400986,17.79557832533522,12.925496325394587,16.940121320514614
women,2.5,pct_remaining,100,1 Functional,s1,10.998725417526266,10.935410675054404,8.549734933512324,13.68644041160078,9.228699284441195,12.885193048223709
women,2.5,pct_remaining,102,1 Functional,s1,7.859643018491897,7.799486559917925,5.733143284240425,10.228068025560217,6.309339128602228,9.53850094358663
women,2.5,pct_remaining,104,1 Functional,s1,5.458600634303302,5.398022658345864,3.659090783767798,7.506833725804396,4.130629251925573,6.906805548693811
women,2.5,pct_remaining,106,1 Functional,s1,3.707578369449065,3.645380208007786,2.230289303918441,5.472852054741113,2.599632481600724,4.934069453849913
women,2.5,pct_remaining,108,1 Functional,s1,2.5037865445650365,2.438360658367535,1.3156571568927697,4.031439729000017,1.596454185861128,3.5407534249428143
women,2.5,pct_remaining,110,1 Functional,s1,1.8701140164054177,1.7980324660880016,0.8676548153827232,3.245655368297948,1.0935209196333047,2.7722714338056154
women,2.5,pct_remaining,50,2 Physical only,s1,14.42245392143925,14.421557730933321,14.053788119440782,14.798733618149697,14.154309502725287,14.693994492718009
women,2.5,pct_remaining,52,2 Physical only,s1,15.169503537190712,15.168306614253627,14.786755643154155,15.562601241840238,14.890810465463291,15.45282366017195
women,2.5,pct_remaining,54,2 Physical only,s1,15.67533622110718,15.674037402752788,15.280413935243631,16.077950446022285,15.388731045814483,15.965944981884551
women,2.5,pct_remaining,56,2 Physical only,s1,16.0857710759044,16.08416588806645,15.676989360297348,16.505159040200333,15.7875070145001,16.386692282544953
women,2.5,pct_remaining,58,2 Physical only,s1,16.47775362977737,16.476541900229627,16.04506617189972,16.925016752934017,16.16313033016628,16.795585405885266
women,2.5,pct_remaining,60,2 Physical only,s1,16.89309133148894,16.891806226923794,16.423983386897156,17.379093573024512,16.55483372850053,17.237875578102614
women,2.5,pct_remaining,62,2 Physical only,s1,17.355277525342114,17.352989914689147,16.841407142179467,17.88735292580081,16.984431616098846,17.731011660841308
women,2.5,pct_remaining,64,2 Physical only,s1,17.87843411490987,17.875650832110995,17.314640879957214,18.459777836119567,17.47046478256543,18.29242886045592
women,2.5,pct_remaining,66,2 Physical only,s1,18.472042045570404,18.469650078651377,17.84706631228529,19.114408541690963,18.020816130008285,18.93303365986891
women,2.5,pct_remaining,68,2 Physical only,s1,19.143353761819757,19.14052981053395,18.450967108410442,19.85613679562771,18.640208297862213,19.655810081855325
women,2.5,pct_remaining,70,2 Physical only,s1,19.898491930342697,19.895779610579567,19.122252457422878,20.688391342370615,19.341459159696527,20.46756068542013
women,2.5,pct_remaining,72,2 Physical only,s1,20.74274302176979,20.738699834518563,19.87837656317316,21.62292392413265,20.121945651827854,21.380337185251705
women,2.5,pct_remaining,74,2 Physical only,s1,21.680267130280903,21.67521792641265,20.707830512991325,22.667724291217393,20.985832414035993,22.389152225338254
women,2.5,pct_remaining,76,2 Physical only,s1,22.71327074956473,22.70541795351404,21.629548613564594,23.82954801491303,21.933443777078814,23.5075400185443
women,2.5,pct_remaining,78,2 Physical only,s1,23.840576787509306,23.831562981416063,22.618196302150594,25.102518686452406,22.96065309955836,24.73865340107895
women,2.5,pct_remaining,80,2 Physical only,s1,25.05545668891464,25.042139994650924,23.678899613919956,26.478866080041637,24.055310239559898,26.069185985397343
women,2.5,pct_remaining,82,2 Physical only,s1,26.34257281104345,26.326519981943548,24.781217936401053,27.961210525004496,25.201270637750483,27.493210085557745
women,2.5,pct_remaining,84,2 Physical only,s1,27.673959580968933,27.659327533252224,25.902925728770835,29.527595312211247,26.374686815303292,28.98785963544653
women,2.5,pct_remaining,86,2 Physical only,s1,29.004236013273378,28.987362703545507,26.96774547232172,31.128124680997637,27.514424096061973,30.51358168077536
women,2.5,pct_remaining,88,2 Physical only,s1,30.265807335894948,30.246299307339278,27.903836270470368,32.72239976899038,28.55339200482483,32.01327330896646
women,2.5,pct_remaining,90,2 Physical only,s1,31.365753300801362,31.340050210911482,28.624739828378065,34.22391409499142,29.390644197695938,33.39131305330074
women,2.5,pct_remaining,92,2 Physical only,s1,32.18724898129793,32.1607236626996,28.987681711466347,35.52266196392573,29.879106005648243,34.55639808024902
women,2.5,pct_remaining,94,2 Physical only,s1,32.599023572465356,32.57127266240571,28.857701116046226,36.52395153537244,29.87022661262664,35.404609450045356
women,2.5,pct_remaining,96,2 Physical only,s1,32.475230423879196,32.43172692140715,28.05937718611009,37.07668830321126,29.2300831194129,35.77163571563745
women,2.5,pct_remaining,98,2 Physical only,s1,31.724022993916122,31.66216169444928,26.54395121514488,37.213399618657945,27.900765233797983,35.61290539134112
women,2.5,pct_remaining,100,2 Physical only,s1,30.316840841640616,30.243423236775545,24.285762715417036,36.74437721498036,25.885143132311896,34.90090600499707
women,2.5,pct_remaining,102,2 Physical only,s1,28.305717814515184,28.21358399700064,21.382190769805856,35.74526266402932,23.186681637944844,33.62343184333895
women,2.5,pct_remaining,104,2 Physical only,s1,25.818452491093392,25.67822616670242,18.047752432332317,34.36201668401287,20.062615711989235,31.86773725727061
women,2.5,pct_remaining,106,2 Physical only,s1,23.040217668412375,22.821617120279896,14.64640879208256,32.686846645182634,16.752224136526127,29.7298252113562
women,2.5,pct_remaining,108,2 Physical only,s1,20.269275421924316,19.965194143037913,11.571496144804758,30.75059854143368,13.631298990857696,27.532738593609633
women,2.5,pct_remaining,110,2 Physical only,s1,18.30860619297138,17.92701947604751,9.560147789511772,29.33514769301004,11.51494749932411,25.847098658248836
women,2.5,pct_remaining,50,3 Cognitive only,s1,2.2246727396884696,2.223655258824503,2.0677247178331983,2.3918152751356923,2.1092347594517316,2.3444813119326176
women,2.5,pct_remaining,52,3 Cognitive only,s1,2.359183289853356,2.358069338256729,2.190755692315193,2.537671719436743,2.2361321589228744,2.4870173497663193
women,2.5,pct_remaining,54,3 Cognitive only,s1,2.4918627452484094,2.490512036655188,2.31081351334555,2.684356739489213,2.3598800996991613,2.629002126843266
women,2.5,pct_remaining,56,3 Cognitive only,s1,2.6352357518177767,2.6339622353594088,2.43998512089836,2.8440552455306274,2.4932080919968964,2.7831236652835036
women,2.5,pct_remaining,58,3 Cognitive only,s1,2.7928450051058205,2.7911929465059675,2.5805791606041777,3.0204062122065065,2.6386117018650355,2.953296040181891
women,2.5,pct_remaining,60,3 Cognitive only,s1,2.9672263573501247,2.9647761393089844,2.734817053954652,3.2161403690033974,2.798319251064591,3.1418395142418967
women,2.5,pct_remaining,62,3 Cognitive only,s1,3.160989240525276,3.15806515728765,2.905029417698727,3.432906223185981,2.976096130144405,3.352554145644645
women,2.5,pct_remaining,64,3 Cognitive only,s1,3.377036757239689,3.3735042132881836,3.096206554714896,3.6772093204196414,3.173070281376954,3.588049836227566
women,2.5,pct_remaining,66,3 Cognitive only,s1,3.6186515009672893,3.61467621595422,3.3077392647502992,3.9518734104625763,3.393700979795656,3.8523858022975763
women,2.5,pct_remaining,68,3 Cognitive only,s1,3.889546756319436,3.8854168212010878,3.5430395883939854,4.258713482804831,3.6378064781538564,4.1494708315907385
women,2.5,pct_remaining,70,3 Cognitive only,s1,4.193889016721238,4.189212275580856,3.8058391631406128,4.605390501392879,3.9130510684639144,4.484274157333585
women,2.5,pct_remaining,72,3 Cognitive only,s1,4.536273687215639,4.531498254450525,4.097872166748664,4.9974234110836715,4.2193965554795945,4.863953348576651
women,2.5,pct_remaining,74,3 Cognitive only,s1,4.92161786156549,4.915536284162714,4.425995909589836,5.443105580761596,4.563165876993212,5.292403979502398
women,2.5,pct_remaining,76,3 Cognitive only,s1,5.354910367280935,5.346421628445798,4.793046081946783,5.947702485984149,4.947177680538766,5.777524762898721
women,2.5,pct_remaining,78,3 Cognitive only,s1,5.840726323367108,5.831492528049683,5.198544405457642,6.5175443539700835,5.375367845733049,6.323159658912431
women,2.5,pct_remaining,80,3 Cognitive only,s1,6.3823717172471195,6.373026000220246,5.6437771707406155,7.162696273323852,5.845702645372998,6.938634605311113
women,2.5,pct_remaining,82,3 Cognitive only,s1,6.98048167494918,6.968240235769479,6.126144375055171,7.884453035654301,6.361861675814278,7.623946524749995
women,2.5,pct_remaining,84,3 Cognitive only,s1,7.630881266111946,7.615223185445899,6.644087680695316,8.68691674101888,6.91126488970364,8.378491612487819
women,2.5,pct_remaining,86,3 Cognitive only,s1,8.32159095295727,8.301359723823158,7.17718067156391,9.559769194296551,7.4828756199475315,9.19537122705105
women,2.5,pct_remaining,88,3 Cognitive only,s1,9.029127626650098,9.007158040384159,7.7050273391119095,10.47649427111761,8.050996958961973,10.046119483197732
women,2.5,pct_remaining,90,3 Cognitive only,s1,9.714848231538728,9.68780976529867,8.189349270657457,11.410828291281524,8.578836363077322,10.896341803454414
women,2.5,pct_remaining,92,3 Cognitive only,s1,10.32304227060296,10.288183061514566,8.566622610089878,12.316576867615433,9.011244243018082,11.70263536852769
women,2.5,pct_remaining,94,3 Cognitive only,s1,10.783475576227495,10.733618011742127,8.763995625393422,13.091861025730557,9.277237915219576,12.380391332126171
women,2.5,pct_remaining,96,3 Cognitive only,s1,11.021155782529865,10.963583564967927,8.71458644234465,13.674023945424215,9.315128196775872,12.86251278528108
women,2.5,pct_remaining,98,3 Cognitive only,s1,10.973867396663529,10.897834071690422,8.381233701732194,13.992944585393923,9.046830613892256,13.057169700058319
women,2.5,pct_remaining,100,3 Cognitive only,s1,10.613097239312795,10.513867419797704,7.755722171212387,14.022702569508082,8.472207856559065,12.968272052797685
women,2.5,pct_remaining,102,3 Cognitive only,s1,9.95872987404947,9.834492364674654,6.858299488765992,13.814564189757245,7.619317245711832,12.590619839804667
women,2.5,pct_remaining,104,3 Cognitive only,s1,9.077606420318514,8.91208367964138,5.780482819407651,13.394497441876688,6.565313701388257,11.962316083217006
women,2.5,pct_remaining,106,3 Cognitive only,s1,8.066878737534427,7.852519434878548,4.599131890821537,12.815023547100962,5.429473145939468,11.193622166263175
women,2.5,pct_remaining,108,3 Cognitive only,s1,7.05868292515057,6.781621201923881,3.5445540172023886,12.19892672845697,4.331141633933,10.370546607024963
women,2.5,pct_remaining,110,3 Cognitive only,s1,6.347785724937812,6.0224001480897265,2.8491952921633246,11.73715329500237,3.598586500222576,9.764667576427202
women,2.5,pct_remaining,50,4 Both,s1,3.428761365275253,3.423963097027237,3.1634105263352637,3.717947382492347,3.2356960009539,3.629378077177301
women,2.5,pct_remaining,52,4 Both,s1,3.6522768108124275,3.6474103213197857,3.3691881508909027,3.9602571280767385,3.4465344523504755,3.8664288772696978
women,2.5,pct_remaining,54,4 Both,s1,3.8911806433045135,3.88607340606229,3.588248758282354,4.220591161170328,3.67014675905375,4.120677685189294
women,2.5,pct_remaining,56,4 Both,s1,4.148731321893239,4.143313545225702,3.822831003042555,4.503075999647465,3.910537925095196,4.396060034588963
women,2.5,pct_remaining,58,4 Both,s1,4.4322450702900635,4.426434027092547,4.079303589005589,4.815002096484262,4.174759756804715,4.699640880331194
women,2.5,pct_remaining,60,4 Both,s1,4.7489209260174174,4.742803895094953,4.364339994841481,5.164345570782647,4.468414607940766,5.039971669465634
women,2.5,pct_remaining,62,4 Both,s1,5.106185068098926,5.099471843540176,4.684720080495551,5.560948448385593,4.799687068379995,5.424277340287461
women,2.5,pct_remaining,64,4 Both,s1,5.512275166021138,5.505073920858936,5.050589776967288,6.013495173055831,5.175556355018718,5.8623395721403995
women,2.5,pct_remaining,66,4 Both,s1,5.976768985880479,5.969069389842875,5.465590554268749,6.530738539086886,5.604256249569601,6.36389692553869
women,2.5,pct_remaining,68,4 Both,s1,6.511099537971928,6.50199598378296,5.944097958532091,7.126427405682883,6.097034683899325,6.940134420577183
women,2.5,pct_remaining,70,4 Both,s1,7.12911064381484,7.119274013755803,6.491861708286347,7.820193114239794,6.6655028300821355,7.610676122902897
women,2.5,pct_remaining,72,4 Both,s1,7.847693024614083,7.836941931940427,7.126454471483327,8.62787927886683,7.323969397559633,8.390694085526114
women,2.5,pct_remaining,74,4 Both,s1,8.687526723940769,8.673632183333893,7.867282723531277,9.575789791551149,8.093564620083296,9.30665910335901
women,2.5,pct_remaining,76,4 Both,s1,9.673936446045827,9.658511558780546,8.737024806260099,10.691392652456896,8.992427481515408,10.38424736409134
women,2.5,pct_remaining,78,4 Both,s1,10.837832518815736,10.820391013830054,9.75081201434216,12.011993479443598,10.048052482401951,11.656266277217567
women,2.5,pct_remaining,80,4 Both,s1,12.216647773078519,12.19502188164621,10.95430620704196,13.59301397329672,11.294079565837205,13.173427923431518
women,2.5,pct_remaining,82,4 Both,s1,13.85507129800638,13.830284161277124,12.365708978559494,15.478942823211854,12.768226585163227,14.98466083539307
women,2.5,pct_remaining,84,4 Both,s1,15.805204814381435,15.773353746210658,14.039228238533267,17.727908588778487,14.51634950648906,17.151216779884447
women,2.5,pct_remaining,86,4 Both,s1,18.12552155698123,18.08843722243602,16.0125077539159,20.43089011940416,16.57494399773606,19.731190483198535
women,2.5,pct_remaining,88,4 Both,s1,20.877735751851727,20.83156807663851,18.32307761379602,23.653630694322224,18.993454593036432,22.81816348679323
women,2.5,pct_remaining,90,4 Both,s1,24.120545172596678,24.05999648628647,21.047141258041083,27.480408918819737,21.84642577929528,26.478592846308313
women,2.5,pct_remaining,92,4 Both,s1,27.89949675640877,27.821338290181046,24.172593223640586,31.964900648326033,25.139107280038225,30.761613287458122
women,2.5,pct_remaining,94,4 Both,s1,32.23333473560519,32.152307699304856,27.708147140126037,37.14408336026613,28.91707351992851,35.70681346948853
women,2.5,pct_remaining,96,4 Both,s1,37.099251775045175,37.014434873044316,31.6391751193736,43.00441479857852,33.119403927915066,41.292374829707704
women,2.5,pct_remaining,98,4 Both,s1,42.421808142199005,42.32181149590642,35.867294791280536,49.45034917245674,37.68167520970521,47.41228263712146
women,2.5,pct_remaining,100,4 Both,s1,48.07133650152033,47.96466030634828,40.313651168461654,56.364382189696165,42.425129875942424,53.93461644761787
women,2.5,pct_remaining,102,4 Both,s1,53.87590929294345,53.78539001212884,44.79973931155493,63.329773222955396,47.289298008756234,60.65496823675241
women,2.5,pct_remaining,104,4 Both,s1,59.64534045428479,59.59699679189356,49.265352921929065,70.20257447620858,52.12317310342298,67.30099517129787
women,2.5,pct_remaining,106,4 Both,s1,65.18532522460413,65.19024025039528,53.53289003159336,76.52928090532717,56.81809982142768,73.56338566750732
women,2.5,pct_remaining,108,4 Both,s1,70.16825510836007,70.30738189905681,57.37176611922755,82.03360677098993,61.102579572513825,79.05030694638863
women,2.5,pct_remaining,110,4 Both,s1,73.47349406568539,73.76018839042055,59.95032837612278,85.39277097267998,64.01789236543392,82.56612313061918
women,2.5,pct_remaining,50,1 Functional,s2,69.79056138932715,69.79937249698347,68.83683945148172,70.70560791871037,69.11231581648215,70.44650787437516
women,2.5,pct_remaining,52,1 Functional,s2,73.33133069866467,73.33881323707243,72.43050335920404,74.19530764458871,72.69345145953419,73.95328040700974
women,2.5,pct_remaining,54,1 Functional,s2,74.966688382653075,74.97344903788473,74.20764047412308,75.69796108339457,74.42858492460236,75.49319966290831
women,2.5,pct_remaining,56,1 Functional,s2,75.51249804458094,75.51637449463429,74.85852237490037,76.14897318853318,75.04212657697462,75.96816490978004
women,2.5,pct_remaining,58,1 Functional,s2,75.41237782126422,75.41602796852183,74.79535573610966,76.01535029956455,74.96889135557487,75.84541497783056
women,2.5,pct_remaining,60,1 Functional,s2,74.90291583041852,74.90729121288359,74.27590456105635,75.51997758655264,74.4546629882856,75.34084088870519
women,2.5,pct_remaining,62,1 Functional,s2,74.10580796494396,74.10791813498682,73.43188723367474,74.76780580623164,73.62531551534099,74.5704880344475
women,2.5,pct_remaining,64,1 Functional,s2,73.07909852040024,73.0814032218845,72.33988202151242,73.79619820228187,72.55775142459134,73.58803130289256
women,2.5,pct_remaining,66,1 Functional,s2,71.84511440877459,71.84671477882927,71.03422111961916,72.63573387775226,71.27690663780308,72.39999931957546
women,2.5,pct_remaining,68,1 Functional,s2,70.4054506918087,70.40711094820621,69.51511742939046,71.28227502119215,69.77870205455993,71.01761349560667
women,2.5,pct_remaining,70,1 Functional,s2,68.74892003687465,68.74994850972882,67.76871841179063,69.71508522963991,68.05471391422522,69.42842069742473
women,2.5,pct_remaining,72,1 Functional,s2,66.85578336302449,66.85529730210706,65.77058242722974,67.91902245630148,66.08649723656191,67.6129735036609
women,2.5,pct_remaining,74,1 Functional,s2,64.70014075031227,64.69788353884921,63.493801690389596,65.8742501167248,63.84186675600644,65.54285916234494
women,2.5,pct_remaining,76,1 Functional,s2,62.251612150751235,62.25054445886618,60.903104539716985,63.557166536311385,61.29944535491958,63.19067033983511
women,2.5,pct_remaining,78,1 Functional,s2,59.47709247882828,59.47271437734936,57.95974280641391,60.93162662497305,58.4137679108699,60.53573189767634
women,2.5,pct_remaining,80,1 Functional,s2,56.34325819294244,56.33948693267119,54.640586468945216,57.97367101525027,55.15168502970671,57.52991036254355
women,2.5,pct_remaining,82,1 Functional,s2,52.820520878123055,52.81750121510876,50.92491401692385,54.649149450944286,51.49272917689704,54.14663602500843
women,2.5,pct_remaining,84,1 Functional,s2,48.889153882990165,48.88690478065078,46.78927441184273,50.93583735741688,47.40603140576235,50.37004992554658
women,2.5,pct_remaining,86,1 Functional,s2,44.54818481198317,44.54296332491084,42.22788380615031,46.8369677646145,42.908547607237296,46.19009854040105
women,2.5,pct_remaining,88,1 Functional,s2,39.82706240155682,39.81700268927327,37.28483839501208,42.355177372238344,38.01900894438007,41.642086029195255
women,2.5,pct_remaining,90,1 Functional,s2,34.79870433044528,34.78254406313329,32.0718274754224,37.539097357982484,32.84990242605006,36.777382348810164
women,2.5,pct_remaining,92,1 Functional,s2,29.590131272437894,29.56163885032235,26.7297693924733,32.52103457138155,27.52714621209208,31.688118457556886
women,2.5,pct_remaining,94,1 Functional,s2,24.384123880154497,24.35042042370205,21.449388563378434,27.41027732953034,22.27017661937101,26.55686938712276
women,2.5,pct_remaining,96,1 Functional,s2,19.404340783415527,19.365846473730635,16.525365421871676,22.433349404875788,17.335485045769946,21.567742518583138
women,2.5,pct_remaining,98,1 Functional,s2,14.880291244572476,14.830901816461239,12.166705524669519,17.79556665050891,12.92548665501232,16.940113047773416
women,2.5,pct_remaining,100,1 Functional,s2,10.998720710005847,10.935405012775618,8.54973003083344,13.686436341858464,9.228692938435925,12.885190024955287
women,2.5,pct_remaining,102,1 Functional,s2,7.859640939351291,7.799483937394141,5.7331416814220635,10.22806622214808,6.309336576452421,9.53849816207674
women,2.5,pct_remaining,104,1 Functional,s2,5.458599749041422,5.39802088227705,3.6590900778927216,7.5068333304406085,4.130628429836451,6.9068047700708295
women,2.5,pct_remaining,106,1 Functional,s2,3.7075780050229876,3.6453801122980227,2.230288348620158,5.472851855035665,2.599631795487657,4.934069225875215
women,2.5,pct_remaining,108,1 Functional,s2,2.503786397825372,2.4383603688698035,1.3156569426710456,4.031439682045701,1.5964540057038092,3.540753347104418
women,2.5,pct_remaining,110,1 Functional,s2,1.8701139441287649,1.7980323998587904,0.8676546948416529,3.2456553114844606,1.0935208820260947,2.772271346839123
women,2.5,pct_remaining,50,2 Physical only,s2,24.1646111426896,24.155309421301034,23.324552595300254,25.046748867857147,23.553602999166745,24.784395678667686
women,2.5,pct_remaining,52,2 Physical only,s2,20.29664931821396,20.287304845136735,19.527348914604374,21.111197945320992,19.7313246895468,20.872495256784838
women,2.5,pct_remaining,54,2 Physical only,s2,18.400686341135227,18.394663779468637,17.77957019647216,19.05251882230871,17.94409139655542,18.868659307512957
women,2.5,pct_remaining,56,2 Physical only,s2,17.540577298109785,17.538718529867374,17.021407035643183,18.07536781757058,17.161620543734394,17.923421094197888
women,2.5,pct_remaining,58,2 Physical only,s2,17.25738080273458,17.255351707816505,16.7780869614036,17.746078697949564,16.914117611323245,17.604140640972247
women,2.5,pct_remaining,60,2 Physical only,s2,17.312945879320456,17.31123010128966,16.832352269203202,17.807103290529195,16.965642229162746,17.66348137961445
women,2.5,pct_remaining,62,2 Physical only,s2,17.582770591511238,17.579818034500814,17.068477513167604,18.11303217818504,17.211274495639397,17.959217172869042
women,2.5,pct_remaining,64,2 Physical only,s2,18.002582757400152,18.000004770802054,17.43957978123991,18.582313258574462,17.594824744836732,18.416425074680518
women,2.5,pct_remaining,66,2 Physical only,s2,18.540322079049517,18.537418711959592,17.915734702248148,19.180196324465285,18.09008664205872,18.999604504420525
women,2.5,pct_remaining,68,2 Physical only,s2,19.181203399088368,19.178467442046703,18.490764675288236,19.892643019307084,18.67901435463508,19.69354954169295
women,2.5,pct_remaining,70,2 Physical only,s2,19.919627137171847,19.917031410057856,19.14404253491338,20.711042206741148,19.363143086326865,20.489406562044586
women,2.5,pct_remaining,72,2 Physical only,s2,20.754616621653934,20.75056973400551,19.8910798119882,21.63406410538137,20.133689202797452,21.39144995417758
women,2.5,pct_remaining,74,2 Physical only,s2,21.686964723954155,21.68184646932721,20.715579982175658,22.674340910485,20.992713074246844,22.395720001820006
women,2.5,pct_remaining,76,2 Physical only,s2,22.717053460773585,22.709091402826388,21.633094234722332,23.83353805702612,21.93747290471369,23.511500222983635
women,2.5,pct_remaining,78,2 Physical only,s2,23.842708134269373,23.833717206475164,22.620377027954095,25.105015879914532,22.962828533335884,24.74081180820131
women,2.5,pct_remaining,80,2 Physical only,s2,25.056649205718486,25.043482303187453,23.67971835317622,26.479975011176393,24.056369389889138,26.070600488100016
women,2.5,pct_remaining,82,2 Physical only,s2,26.343231505479885,26.32720640364781,24.781804275219102,27.96195248111322,25.201995970090934,27.49399346976522
women,2.5,pct_remaining,84,2 Physical only,s2,27.67431601597775,27.65962650713246,25.903331800555563,29.527926378973646,26.37504533684777,28.988218830007753
women,2.5,pct_remaining,86,2 Physical only,s2,29.004422973256638,28.9875352811413,26.967925127030334,31.128373026305763,27.5145715602473,30.513751715613935
women,2.5,pct_remaining,88,2 Physical only,s2,30.265900882809472,30.2463747416879,27.9039128108634,32.72247562983296,28.553471937757053,32.01335531261899
women,2.5,pct_remaining,90,2 Physical only,s2,31.365796730431466,31.34009524676074,28.624789742862838,34.22402170090276,29.39068424025819,33.391374165995124
women,2.5,pct_remaining,92,2 Physical only,s2,32.18726661322546,32.16075557723096,28.98770398325016,35.52269588368226,29.879142646368923,34.556430975396395
women,2.5,pct_remaining,94,2 Physical only,s2,32.5990287598509,32.57128102757092,28.857701841363507,36.52395729804297,29.870235150538473,35.40462019490616
women,2.5,pct_remaining,96,2 Physical only,s2,32.47523023718543,32.43172421908971,28.059373647959124,37.076685044202776,29.230083184311955,35.771650710513214
women,2.5,pct_remaining,98,2 Physical only,s2,31.72402096872901,31.662160810985135,26.543946109997243,37.213397074725926,27.900761153570162,35.61290777052588
women,2.5,pct_remaining,100,2 Physical only,s2,30.316838587199815,30.243423720625817,24.285761530763107,36.74437998844364,25.885140403076704,34.90090764310744
women,2.5,pct_remaining,102,2 Physical only,s2,28.305715944239612,28.213580698229165,21.382178052347538,35.74526224328735,23.186678516333263,33.62343277704106
women,2.5,pct_remaining,104,2 Physical only,s2,25.818451145684165,25.67822506579879,18.047747775062042,34.36201757398013,20.062614784529757,31.867735894024893
women,2.5,pct_remaining,106,2 Physical only,s2,23.04021679330437,22.82161629080685,14.646406636681606,32.68684714130124,16.752223823906657,29.729824812752735
women,2.5,pct_remaining,108,2 Physical only,s2,20.26927489442571,19.9651938870892,11.571495482617944,30.75059850252304,13.631298437433681,27.532737531572696
women,2.5,pct_remaining,110,2 Physical only,s2,18.308605849960294,17.9270191609428,9.560147578780457,29.335147690448427,11.514946890539791,25.847098744860226
women,2.5,pct_remaining,50,3 Cognitive only,s2,2.2433212110389835,2.241398814007972,2.081938220529799,2.416568708385384,2.1249305015326687,2.3652548954849846
women,2.5,pct_remaining,52,3 Cognitive only,s2,2.384947218442939,2.3830323024483886,2.213949444388791,2.5682677725869056,2.2591882309511053,2.513946892680369
women,2.5,pct_remaining,54,3 Cognitive only,s2,2.516208586385023,2.5144976375438484,2.3340235396254756,2.709524170279169,2.3827417206092085,2.65407144376935
women,2.5,pct_remaining,56,3 Cognitive only,s2,2.6533848768834107,2.651867191156219,2.4568143647861036,2.862184030122356,2.5102551104644317,2.801720931159997
women,2.5,pct_remaining,58,3 Cognitive only,s2,2.805207813847337,2.8034427561623976,2.592182365297464,3.0322082373942156,2.6505399070232154,2.96523038423529
women,2.5,pct_remaining,60,3 Cognitive only,s2,2.975304829528807,2.9731494265579266,2.742634201144111,3.2240090280987097,2.806496413133874,3.149466636535716
women,2.5,pct_remaining,62,3 Cognitive only,s2,3.166138920180315,3.163445392380953,2.9104298819117758,3.438237322393982,2.980756441778376,3.357495309712862
women,2.5,pct_remaining,64,3 Cognitive only,s2,3.3802540428178682,3.3769739449266094,3.0997839119177795,3.680301469415855,3.1762492198484304,3.5912290013066688
women,2.5,pct_remaining,66,3 Cognitive only,s2,3.620618735593254,3.616742802579868,3.3095173922809975,3.953910888442285,3.3956575285951853,3.8543075264567768
women,2.5,pct_remaining,68,3 Cognitive only,s2,3.8907169794784675,3.886627349238214,3.5441443291329984,4.259826494284694,3.638786390193811,4.150590053832961
women,2.5,pct_remaining,70,3 Cognitive only,s2,4.194558245893445,4.189887950434223,3.8064775869559573,4.605747017356257,3.9136063364332525,4.485015815237311
women,2.5,pct_remaining,72,3 Cognitive only,s2,4.536633375618548,4.531782328645979,4.0982727579381635,4.9978641799033365,4.21988660211491,4.864324915957054
women,2.5,pct_remaining,74,3 Cognitive only,s2,4.92179075907655,4.915685804737915,4.426146975444409,5.443276956152863,4.563347349091411,5.29260142757361
women,2.5,pct_remaining,76,3 Cognitive only,s2,5.35497439807323,5.3465213624684225,4.793132806528236,5.947726403147608,4.947174786128107,5.777586239593569
women,2.5,pct_remaining,78,3 Cognitive only,s2,5.840730294908044,5.831510432474092,5.198557329838004,6.517537840668971,5.375386770533109,6.3230989324819475
women,2.5,pct_remaining,80,3 Cognitive only,s2,6.38234560510075,6.372958094900835,5.643753807085846,7.162647410581296,5.845654108979625,6.9386131204636134
women,2.5,pct_remaining,82,3 Cognitive only,s2,6.980443348537598,6.968203308531255,6.126087432484585,7.884395123929734,6.361810028473255,7.623919369915887
women,2.5,pct_remaining,84,3 Cognitive only,s2,7.630840888450824,7.615185066050616,6.644057240459426,8.686882935401709,6.9112292269595645,8.378436124641208
women,2.5,pct_remaining,86,3 Cognitive only,s2,8.321553858292518,8.301332882220487,7.177129574166323,9.559736347744883,7.482835630346181,9.195330915591478
women,2.5,pct_remaining,88,3 Cognitive only,s2,9.029096197393146,9.007129852905337,7.705000972004808,10.476454174753908,8.05096590544233,10.046087265355782
women,2.5,pct_remaining,90,3 Cognitive only,s2,9.714823113333146,9.687788299018642,8.189335445718616,11.410810347834941,8.578821481475545,10.896328176945515
women,2.5,pct_remaining,92,3 Cognitive only,s2,10.323023147890071,10.288167510488467,8.56659928211862,12.316552095021484,9.011229160596436,11.702611189950945
women,2.5,pct_remaining,94,3 Cognitive only,s2,10.783461656852976,10.73360487638394,8.763979629113306,13.091849321376962,9.277228442246399,12.38037335927313
women,2.5,pct_remaining,96,3 Cognitive only,s2,11.021146092650788,10.963577322068573,8.714581126379219,13.674014923148839,9.315123169645648,12.862502683102372
women,2.5,pct_remaining,98,3 Cognitive only,s2,10.97386095542504,10.89782517804191,8.381225443306327,13.992936912265543,9.046825195565583,13.05716360443337
women,2.5,pct_remaining,100,3 Cognitive only,s2,10.613093159355351,10.513864712269758,7.755718692168196,14.022696031935789,8.472205360626456,12.968266430467008
women,2.5,pct_remaining,102,3 Cognitive only,s2,9.958727415469891,9.834488171069493,6.858297533680901,13.814560778780608,7.619314378914383,12.590615006841887
women,2.5,pct_remaining,104,3 Cognitive only,s2,9.0776050119734,8.912081944417794,5.78048198201704,13.394494899285297,6.565312735870572,11.962314018913672
women,2.5,pct_remaining,106,3 Cognitive only,s2,8.06687797137621,7.8525185452229875,4.59913132923344,12.815023022605862,5.429472270209856,11.193621507710429
women,2.5,pct_remaining,108,3 Cognitive only,s2,7.058682524529547,6.781620982212003,3.54455362815319,12.19892645230361,4.331141166882702,10.37054619799518
women,2.5,pct_remaining,110,3 Cognitive only,s2,6.347785485770455,6.02239956791701,2.849195146728881,11.737153227851167,3.5985862296948232,9.764667430308787
women,2.5,pct_remaining,50,4 Both,s2,3.8015062569442617,3.7985428196280147,3.5216938421174984,4.105213677840804,3.599576555280614,4.012998368960303
women,2.5,pct_remaining,52,4 Both,s2,3.987072764678433,3.983745453706033,3.6939980159263786,4.304934316571813,3.7749424660266047,4.209027378709128
women,2.5,pct_remaining,54,4 Both,s2,4.1164166898266785,4.111272779396767,3.8108671730469155,4.449920133305213,3.8936773488982817,4.346409391663293
women,2.5,pct_remaining,56,4 Both,s2,4.293539780425869,4.287941312903709,3.967700087511044,4.649806343180522,4.056283646733249,4.539801881649839
women,2.5,pct_remaining,58,4 Both,s2,4.525033562153865,4.519622999013798,4.171667944548593,4.908427214636728,4.268333125398617,4.791744148292396
women,2.5,pct_remaining,60,4 Both,s2,4.808833460732222,4.802710137766173,4.425481889890359,5.2267689249505995,4.529608292946993,5.098770585344808
women,2.5,pct_remaining,62,4 Both,s2,5.145282523364478,5.138419942638203,4.725745066011555,5.6003791154462,4.839480061146043,5.461794515860031
women,2.5,pct_remaining,64,4 Both,s2,5.5380646793817405,5.530761740702577,5.075867657488199,6.038316880395914,5.2012643524884306,5.888192083446501
women,2.5,pct_remaining,66,4 Both,s2,5.993944776582644,5.986175004022542,5.483191396244809,6.547874738577374,5.621218512578743,6.38138183194248
women,2.5,pct_remaining,68,4 Both,s2,6.522628929624464,6.513944170158028,5.9557786230976815,7.137907599785705,6.108173670188943,6.951911227395266
women,2.5,pct_remaining,70,4 Both,s2,7.136894580060061,7.127139543471471,6.499763337669314,7.82790116621087,6.673395955962335,7.618118472868445
women,2.5,pct_remaining,72,4 Both,s2,7.852966639703033,7.8425142367612946,7.131479082304745,8.633555360889263,7.329074982073552,8.39547160388653
women,2.5,pct_remaining,74,4 Both,s2,8.691103766657017,8.67728132431509,7.870557464659917,9.579752531914778,8.097013003247987,9.310232696580838
women,2.5,pct_remaining,76,4 Both,s2,9.67635999040195,9.661001260273933,8.73894233119527,10.693914612367486,8.994837575726375,10.385915394960238
women,2.5,pct_remaining,78,4 Both,s2,10.839469091994303,10.821948337875423,9.752405683085046,12.013641454332813,10.04949967334839,11.658260247403819
women,2.5,pct_remaining,80,4 Both,s2,12.217746996238324,12.19606852449039,10.955371549522138,13.59455319033131,11.295080064077313,13.174550689841672
women,2.5,pct_remaining,82,4 Both,s2,13.855804267859462,13.831014832473503,12.366370353573384,15.479835857712102,12.768900505692413,14.985425397694877
women,2.5,pct_remaining,84,4 Both,s2,15.805689212581258,15.773786216258351,14.039803765311765,17.728389278143762,14.516861118507915,17.151810491638955
women,2.5,pct_remaining,86,4 Both,s2,18.125838356467675,18.088617559713636,16.012772732720762,20.431198685711074,16.575274653076974,19.731536827900403
women,2.5,pct_remaining,88,4 Both,s2,20.877940518240557,20.831748977279048,18.323238806904783,23.653954040358546,18.993651613250915,22.818380952894476
women,2.5,pct_remaining,90,4 Both,s2,24.1206758257901,24.06010845938122,21.04723308401126,27.480549997230966,21.846550963993817,26.478796130722305
women,2.5,pct_remaining,92,4 Both,s2,27.899578966446573,27.821436874268286,24.172654857428117,31.96499479471206,25.139205967764024,30.761713646881873
women,2.5,pct_remaining,94,4 Both,s2,32.23338570314162,32.152364707142,27.708176761779974,37.144131885768935,28.9171185707031,35.706859053510534
women,2.5,pct_remaining,96,4 Both,s2,37.099282886748256,37.01445755415155,31.63919309119004,43.004459834769655,33.1194375250467,41.29240550713539
women,2.5,pct_remaining,98,4 Both,s2,42.42182683127347,42.321823793850626,35.867307714170266,49.45037453414191,37.68169259262036,47.41229810940212
women,2.5,pct_remaining,100,4 Both,s2,48.07134754343899,47.96466577935451,40.313655953624455,56.36439520351334,42.42513448686993,53.93462610173005
women,2.5,pct_remaining,102,4 Both,s2,53.87591570093921,53.78539848849433,44.79974259537901,63.32979335618115,47.28930099935726,60.65497991546015
women,2.5,pct_remaining,104,4 Both,s2,59.64534409330101,59.59699920890483,49.26535397124255,70.20257667567438,52.12317460996455,67.30099872049541
women,2.5,pct_remaining,106,4 Both,s2,65.18532723029644,65.19024346425793,53.53289066852148,76.52928394442998,56.81810093632563,73.56339237341358
women,2.5,pct_remaining,108,4 Both,s2,70.16825618321937,70.30738268113204,57.371766431397965,82.03360927792117,61.102579752537636,79.05030781816617
women,2.5,pct_remaining,110,4 Both,s2,73.47349472014048,73.76018857158203,59.950328290159824,85.39277210318677,64.01789265647098,82.56612532339551
women,2.5,pct_remaining,50,1 Functional,s3,73.79003569547312,73.82693003235703,72.2634821365034,75.08489260798055,72.73773265851182,74.76731036146055
women,2.5,pct_remaining,52,1 Functional,s3,76.6169908326069,76.64784591399746,75.3298807328999,77.71983808479696,75.73677242722682,77.43689747861525
women,2.5,pct_remaining,54,1 Functional,s3,76.90515482099407,76.91974844342894,76.03826788877639,77.6786126066495,76.31141191826087,77.47141021392763
women,2.5,pct_remaining,56,1 Functional,s3,76.58852835200987,76.59164307248591,75.93018267522551,77.2172744659626,76.12528886405366,77.04719580470287
women,2.5,pct_remaining,58,1 Functional,s3,76.00273108030662,76.0044351660315,75.39501695148532,76.60331341821156,75.57014206636381,76.430082045435
women,2.5,pct_remaining,60,1 Functional,s3,75.22776446115465,75.23080496830099,74.60098704923135,75.84558626931857,74.78328455948427,75.66679237001381
women,2.5,pct_remaining,62,1 Functional,s3,74.28613753142564,74.2896977202015,73.60959760087778,74.94646802993736,73.80880288244043,74.75440001989281
women,2.5,pct_remaining,64,1 Functional,s3,73.18037353383001,73.18353127672619,72.44163439553348,73.90204858331475,72.66085106046518,73.69087363948569
women,2.5,pct_remaining,66,1 Functional,s3,71.90273583563467,71.9047978193404,71.08698231163072,72.69387756455977,71.33413600210409,72.46077973227986
women,2.5,pct_remaining,68,1 Functional,s3,70.43867473610989,70.4411486972064,69.5481219369012,71.31550108254824,69.81217471203067,71.05333028210993
women,2.5,pct_remaining,70,1 Functional,s3,68.76832180409112,68.76979753868585,67.78637900092795,69.73479501536781,68.07326947830902,69.4493940777948
women,2.5,pct_remaining,72,1 Functional,s3,66.86724126339779,66.86754416859293,65.78033659236094,67.92986001795913,66.09675684980917,67.62529142628367
women,2.5,pct_remaining,74,1 Functional,s3,64.70696820248992,64.70493500918175,63.49999564490325,65.8815207876489,63.84915090816339,65.54992841560778
women,2.5,pct_remaining,76,1 Functional,s3,62.25570505064076,62.25461306604966,60.90656654015293,63.56210551090973,61.30421578091803,63.1949351868547
women,2.5,pct_remaining,78,1 Functional,s3,59.47955242663515,59.47548254676409,57.96194910491151,60.934751218748275,58.41617817604468,60.538428416332266
women,2.5,pct_remaining,80,1 Functional,s3,56.344734841508526,56.34103094594665,54.64255736669512,57.975464012804665,55.153175798750084,57.53147876390722
women,2.5,pct_remaining,82,1 Functional,s3,52.82140252020946,52.81849556307441,50.92584965223511,54.650090871504794,51.493502217841076,54.14738816344258
women,2.5,pct_remaining,84,1 Functional,s3,48.88967516871114,48.88752597845582,46.78976370035268,50.93624041707849,47.406621377149094,50.37049691584921
women,2.5,pct_remaining,86,1 Functional,s3,44.54848864414543,44.54327535970497,42.228133573172876,46.83727499870558,42.90884701418158,46.19046012490173
women,2.5,pct_remaining,88,1 Functional,s3,39.82723612749357,39.817206272416115,37.28496404213727,42.355353551264656,38.019164367324244,41.64232927624249
women,2.5,pct_remaining,90,1 Functional,s3,34.798801281105646,34.78264132560755,32.07193874759953,37.53917362990139,32.85007162696443,36.77752309953098
women,2.5,pct_remaining,92,1 Functional,s3,29.590183798540217,29.561703860139023,26.729809374980107,32.52108427188925,27.527214738517834,31.688198219600668
women,2.5,pct_remaining,94,1 Functional,s3,24.384151359630774,24.350445792518265,21.449422531678437,27.41032358491287,22.270211414707823,26.556891072797814
women,2.5,pct_remaining,96,1 Functional,s3,19.404354597525924,19.365857257238808,16.52537851081389,22.433363581340902,17.33551533245189,21.567752012985395
women,2.5,pct_remaining,98,1 Functional,s3,14.880297894050349,14.830905118581553,12.166712332598227,17.79557409843513,12.925492345899844,16.940119505507916
women,2.5,pct_remaining,100,1 Functional,s3,10.998723772089356,10.935408520851993,8.549733438357345,13.686438919620274,9.228697087497578,12.885191586200104
women,2.5,pct_remaining,102,1 Functional,s3,7.859642292029033,7.799485744577263,5.733142898399183,10.228067296698839,6.309337979401279,9.538500068807702
women,2.5,pct_remaining,104,1 Functional,s3,5.458600325277113,5.39802234008431,3.6590906109892685,7.506833558314262,4.13062907036156,6.90680530155942
women,2.5,pct_remaining,106,1 Functional,s3,3.707578242447363,3.645380180576457,2.2302890483064335,5.47285195326318,2.5996322338058118,4.934069362214786
women,2.5,pct_remaining,108,1 Functional,s3,2.503786493551183,2.4383605471030343,1.3156570628057243,4.031439713983196,1.5964541128564902,3.5407534114066297
women,2.5,pct_remaining,110,1 Functional,s3,1.8701139913388645,1.7980324391097708,0.8676547715334878,3.2456553403953508,1.093520906165217,2.7722714078895025
women,2.5,pct_remaining,50,2 Physical only,s3,15.380875187490771,15.333372126360628,14.491681034409433,16.573850494296614,14.69550834350353,16.16189843757249
women,2.5,pct_remaining,52,2 Physical only,s3,16.060573400594773,16.02578591001303,15.270944918818453,17.085342224183734,15.457005389838699,16.740972654127322
women,2.5,pct_remaining,54,2 Physical only,s3,16.305926147047057,16.28965085356827,15.715678689270877,16.984415805776294,15.86693170538201,16.778446951182886
women,2.5,pct_remaining,56,2 Physical only,s3,16.474151069085604,16.46943590203881,15.984808225915591,16.995256782829387,16.11918746482563,16.841239026389502
women,2.5,pct_remaining,58,2 Physical only,s3,16.7031227092888,16.7010566885035,16.240536094011343,17.173438774095825,16.370375664353386,17.04871982790008
women,2.5,pct_remaining,60,2 Physical only,s3,17.020499990853406,17.01871919262827,16.54302191830097,17.508171649157138,16.67491766467359,17.371877108079964
women,2.5,pct_remaining,62,2 Physical only,s3,17.426555179405675,17.424667909293277,16.911916508506504,17.96032263961943,17.054873790180913,17.806244980243015
women,2.5,pct_remaining,64,2 Physical only,s3,17.91821138352863,17.91504605761949,17.354164526606112,18.49879425552016,17.509074988745297,18.333571694086316
women,2.5,pct_remaining,66,2 Physical only,s3,18.49428021047343,18.49197122307811,17.86826527133237,19.136992640998947,18.042082478216816,18.95664292925068
women,2.5,pct_remaining,68,2 Physical only,s3,19.155835164990496,19.15289212532086,18.462535478937813,19.868190091085832,18.65310112838052,19.667603090004114
women,2.5,pct_remaining,70,2 Physical only,s3,19.905529233152652,19.90282529170492,19.12904146296943,20.694676392076907,19.348805966438658,20.474810643151947
women,2.5,pct_remaining,72,2 Physical only,s3,20.746726866199797,20.742295205238406,19.881976735231945,21.627240811595623,20.12595062399313,21.384116060205113
women,2.5,pct_remaining,74,2 Physical only,s3,21.68252807693803,21.67754951516115,20.710909573270282,22.669626188713256,20.98821703045287,22.391817064121632
women,2.5,pct_remaining,76,2 Physical only,s3,22.71455396912818,22.70648567159886,21.63053004453705,23.831355257024416,21.935037038080424,23.50936497307702
women,2.5,pct_remaining,78,2 Physical only,s3,23.841302651691613,23.832514235489725,22.61900412079217,25.1033505766263,22.961279652282165,24.739277891803088
women,2.5,pct_remaining,80,2 Physical only,s3,25.055864089345338,25.04254750982529,23.67919892644159,26.479211265305665,24.055590725764677,26.06985990597548
women,2.5,pct_remaining,82,2 Physical only,s3,26.342798392379226,26.326681369057354,24.78135350016973,27.961628193354617,25.201490620062227,27.493385824540503
women,2.5,pct_remaining,84,2 Physical only,s3,27.674081874435245,27.659463631804115,25.903200567283285,29.527737590966314,26.374823836568247,28.988051144202757
women,2.5,pct_remaining,86,2 Physical only,s3,29.004300241943646,28.98742053906838,26.967792401920367,31.12829017755674,27.514481122494544,30.513661613753925
women,2.5,pct_remaining,88,2 Physical only,s3,30.265839494326258,30.24632464286867,27.90385536983459,32.7224215983996,28.553417960031393,32.01328885685489
women,2.5,pct_remaining,90,2 Physical only,s3,31.365768227048576,31.340064568036833,28.624760492323638,34.2239461283436,29.390659507096274,33.391330908447216
women,2.5,pct_remaining,92,2 Physical only,s3,32.187255028680916,32.160735395044014,28.987688395456047,35.52267299146304,29.879116705775555,34.55640532752468
women,2.5,pct_remaining,94,2 Physical only,s3,32.599025335526015,32.5712744232802,28.857701208059165,36.523954745820475,29.87022882863975,35.404613381509165
women,2.5,pct_remaining,96,2 Physical only,s3,32.4752303384896,32.43172550823179,28.05937634232614,37.07668721785064,29.23008313617292,35.77163893072573
women,2.5,pct_remaining,98,2 Physical only,s3,31.72402227901722,31.66216107618572,26.543948849997538,37.21339854453685,27.900763332256822,35.61290645490645
women,2.5,pct_remaining,100,2 Physical only,s3,30.316840051980634,30.243423384345096,24.285762149279098,36.74437813077554,25.885142159396334,34.90090655379385
women,2.5,pct_remaining,102,2 Physical only,s3,28.305717161107868,28.213582581041436,21.382184804457406,35.74526245151884,23.186680963580418,33.62343218257298
women,2.5,pct_remaining,104,2 Physical only,s3,25.81845202169513,25.678225906392655,18.0477506190566,34.36201702639347,20.0626152840356,31.867736089020024
women,2.5,pct_remaining,106,2 Physical only,s3,23.040217363386375,22.821616935073965,14.646407733419908,32.686846854156364,16.752224022551644,29.72982511015223
women,2.5,pct_remaining,108,2 Physical only,s3,20.269275238197217,19.965193969887427,11.571495848010388,30.750598535380735,13.631298872042475,27.532738357217
women,2.5,pct_remaining,110,2 Physical only,s3,18.30860607355582,17.92701935655688,9.56014771655821,29.335147692128622,11.514947278799713,25.847098678321522
women,2.5,pct_remaining,50,3 Cognitive only,s3,6.797496006574228,6.764809206081187,6.231354116267835,7.525835977294286,6.369963519094389,7.292490129677365
women,2.5,pct_remaining,52,3 Cognitive only,s3,3.208128334202499,3.183286757949254,2.8152094706728463,3.734351489314961,2.907719084951363,3.5583496176719556
women,2.5,pct_remaining,54,3 Cognitive only,s3,2.6873411886068728,2.6815094740140575,2.4651854386019343,2.944597170737581,2.525849299796918,2.8620073805863555
women,2.5,pct_remaining,56,3 Cognitive only,s3,2.690036044062178,2.6882022395384757,2.4880481937861836,2.902771653949697,2.5436612258016487,2.8414427011101266
women,2.5,pct_remaining,58,3 Cognitive only,s3,2.8113901590705934,2.8099575528770115,2.597649746171652,3.0373029322745726,2.656501230205894,2.9724039860917024
women,2.5,pct_remaining,60,3 Cognitive only,s3,2.974680596057668,2.972469602156125,2.7419326935926382,3.2231107926368074,2.806152261192766,3.1488693961604515
women,2.5,pct_remaining,62,3 Cognitive only,s3,3.1644327204200695,3.1614448372354143,2.9087125731495775,3.436134393727232,2.9792886252360047,3.3557443364720116
women,2.5,pct_remaining,64,3 Cognitive only,s3,3.378788107096305,3.375354381246805,3.0978897059749455,3.678845027099954,3.17494837270997,3.5899849552133807
women,2.5,pct_remaining,66,3 Cognitive only,s3,3.6195927783478146,3.615618639071481,3.308689099384779,3.952608204699568,3.3946828223433507,3.8535066725672182
women,2.5,pct_remaining,68,3 Cognitive only,s3,3.8900635386402205,3.885954881930544,3.5436152604092794,4.259173013747151,3.638179486856985,4.150017289200309
women,2.5,pct_remaining,70,3 Cognitive only,s3,4.194170529749506,4.189465802062104,3.80612919276808,4.605485958017164,3.913235519609376,4.484662976986411
women,2.5,pct_remaining,72,3 Cognitive only,s3,4.536421102795868,4.531587327542368,4.098077552289978,4.997725744370144,4.219537170270059,4.8640934878410915
women,2.5,pct_remaining,74,3 Cognitive only,s3,4.921688433037605,4.915618739765186,4.426044759154974,5.443176513183514,4.563243300016443,5.29247294027542
women,2.5,pct_remaining,76,3 Cognitive only,s3,5.354937584101303,5.3464573515161815,4.793060843544871,5.947721568776,4.947194676700413,5.777546568083953
women,2.5,pct_remaining,78,3 Cognitive only,s3,5.84073005897096,5.831514490789523,5.198552616325379,6.517547396550137,5.375384479821655,6.323154836134814
women,2.5,pct_remaining,80,3 Cognitive only,s3,6.3823637482365765,6.373009577870752,5.643766596798426,7.162677714273687,5.84568987649824,6.938627210280525
women,2.5,pct_remaining,82,3 Cognitive only,s3,6.980468859427746,6.9682263667344255,6.1261273503688765,7.884431790196931,6.361848509728363,7.623942028920865
women,2.5,pct_remaining,84,3 Cognitive only,s3,7.630867449456506,7.615207818446202,6.644075546488617,8.686905994989294,6.9112484734074044,8.378463081236928
women,2.5,pct_remaining,86,3 Cognitive only,s3,8.321578141792063,8.301348716015273,7.177163893539452,9.559757808961912,7.482867682984697,9.19535592106269
women,2.5,pct_remaining,88,3 Cognitive only,s3,9.029116723443481,9.007147320940089,7.70502190334314,10.476478434269858,8.050992082195728,10.046111315854814
women,2.5,pct_remaining,90,3 Cognitive only,s3,9.714839496624595,9.687803599672137,8.189345573406383,11.410821012234237,8.578831570015055,10.89633623898679
women,2.5,pct_remaining,92,3 Cognitive only,s3,10.323035611214504,10.288177438403387,8.566612512974533,12.316570854045496,9.011241627246537,11.702629450074294
women,2.5,pct_remaining,94,3 Cognitive only,s3,10.783470724583559,10.733614371917184,8.76398993582306,13.091857524932534,9.277234764037463,12.380386874193423
women,2.5,pct_remaining,96,3 Cognitive only,s3,11.021152403141771,10.963581959329868,8.714585154361446,13.674022363791753,9.315126649028645,12.862509365131224
women,2.5,pct_remaining,98,3 Cognitive only,s3,10.973865149434813,10.897831891269053,8.381230494760182,13.992942950951136,9.046828495776426,13.057166945788149
women,2.5,pct_remaining,100,3 Cognitive only,s3,10.613095815652368,10.513866016687254,7.7557214588243255,14.022700988579839,8.472207363540596,12.968270797632615
women,2.5,pct_remaining,102,3 Cognitive only,s3,9.958729016214454,9.834491105088942,6.8582988651897985,13.814562608862174,7.619315753051577,12.590618630047052
women,2.5,pct_remaining,104,3 Cognitive only,s3,9.07760592912275,8.912083052217472,5.780482530186255,13.39449648857918,6.565313188088336,11.962315620915048
women,2.5,pct_remaining,106,3 Cognitive only,s3,8.066878470541873,7.852519145202091,4.5991317329011645,12.81502334940508,5.4294729051419015,11.193621761635008
women,2.5,pct_remaining,108,3 Cognitive only,s3,7.058682785729624,6.781621096595549,3.544553861072882,12.1989266504634,4.331141524424913,10.370546437024803
women,2.5,pct_remaining,110,3 Cognitive only,s3,6.347785641820877,6.022399853768375,2.8491952393041666,11.737153253989316,3.598586390070718,9.764667521371784
women,2.5,pct_remaining,50,4 Both,s3,4.031593110461879,4.016625149344231,3.6350125322307023,4.509611965473811,3.736629082644927,4.349795969790176
women,2.5,pct_remaining,52,4 Both,s3,4.11430743259582,4.105166945838722,3.751894984764519,4.5293662343757095,3.8474330457695403,4.3952786095068905
women,2.5,pct_remaining,54,4 Both,s3,4.101577843352006,4.097194946915229,3.779946923655567,4.448347614764488,3.8687391059637486,4.34260983571663
women,2.5,pct_remaining,56,4 Both,s3,4.24728453484234,4.243533216719394,3.9193263407985652,4.602937843524579,4.006583401286924,4.494364015675605
women,2.5,pct_remaining,58,4 Both,s3,4.482756051333991,4.47759930332548,4.1311838636856555,4.865422709650253,4.22415199994603,4.748626056921632
women,2.5,pct_remaining,60,4 Both,s3,4.777054951934275,4.770923097507458,4.393827506319822,5.19087859808113,4.496133906880945,5.06712470308489
women,2.5,pct_remaining,62,4 Both,s3,5.122874568748621,5.115913281562458,4.70295074368018,5.576108842774907,4.816744121141073,5.440298149472158
women,2.5,pct_remaining,64,4 Both,s3,5.522626975545055,5.515148712751277,5.061466244670287,6.023582936910305,5.185797102045429,5.872647636433697
women,2.5,pct_remaining,66,4 Both,s3,5.98339117554409,5.975735074808147,5.471620163122772,6.537010316848542,5.6110118311473745,6.370745806544465
women,2.5,pct_remaining,68,4 Both,s3,6.515426560259392,6.506828814602883,5.948656361107415,7.130644053846881,6.101835996314609,6.944689293397871
women,2.5,pct_remaining,70,4 Both,s3,7.1319784330067275,7.122286667700348,6.494862337679888,7.8226362486003955,6.668359493540992,7.613367333069351
women,2.5,pct_remaining,72,4 Both,s3,7.84961076760654,7.838811910835073,7.128608945800528,8.630325836933752,7.325666644274945,8.392260377258607
women,2.5,pct_remaining,74,4 Both,s3,8.688815287534442,8.67514868795182,7.8688668130018415,9.57700153673584,8.094738422483097,9.30752443074758
women,2.5,pct_remaining,76,4 Both,s3,9.674803396129755,9.659468107544367,8.737990970937139,10.692321675178189,8.993187959805377,10.38477970744655
women,2.5,pct_remaining,78,4 Both,s3,10.838414862702274,10.820876322551811,9.751496529641557,12.01246376715352,10.048600827017175,11.657009797586651
women,2.5,pct_remaining,80,4 Both,s3,12.217037320909563,12.195331552313606,10.954639668113636,13.593466885929757,11.294461525170009,13.173777517652333
women,2.5,pct_remaining,82,4 Both,s3,13.85533022798357,13.830564299555485,12.365962276631294,15.47929443742618,12.768479233502983,14.984901734079104
women,2.5,pct_remaining,84,4 Both,s3,15.805375507397104,15.77348231770248,14.039468638100582,17.72804433137488,14.516470818267932,17.151457736211558
women,2.5,pct_remaining,86,4 Both,s3,18.125632972118865,18.088507489140113,16.012605567839444,20.430995286011598,16.574991698830466,19.731270697013343
women,2.5,pct_remaining,88,4 Both,s3,20.87780765473669,20.83162296365102,18.323142991313116,23.653763492229377,18.993540763206376,22.818266934483283
women,2.5,pct_remaining,90,4 Both,s3,24.120590995221182,24.060033531794147,21.047173563876942,27.480439796733265,21.84646720925288,26.47866407590504
women,2.5,pct_remaining,92,4 Both,s3,27.899525561564364,27.821371509285303,24.17262353769802,31.96492329417674,25.139132612716224,30.761650792791478
women,2.5,pct_remaining,94,4 Both,s3,32.233352580259655,32.15233053827289,27.708152546793627,37.144096838124106,28.917092979695607,35.70682791161675
women,2.5,pct_remaining,96,4 Both,s3,37.0992626608427,37.014445289233194,31.639182839495607,43.00442688540482,33.119417789243585,41.29238426045598
women,2.5,pct_remaining,98,4 Both,s3,42.42181467749762,42.32181435374485,35.86729863656014,49.45036000240943,37.68167945957267,47.4122865970363
women,2.5,pct_remaining,100,4 Both,s3,48.071340360277645,47.964663131739975,40.313654318550086,56.36438718799887,42.42513146172574,53.934620120413115
women,2.5,pct_remaining,102,4 Both,s3,53.875911530648644,53.78539321899373,44.79974020601194,63.329782225826094,47.28929888638017,60.65497129108889
women,2.5,pct_remaining,104,4 Both,s3,59.645341723905005,59.59699737446735,49.26535335609632,70.20257509148973,52.123173634013256,67.30099674274655
women,2.5,pct_remaining,106,4 Both,s3,65.18532592362439,65.19024130639566,53.53289022580366,76.52928212728713,56.81810021137376,73.56338817229839
women,2.5,pct_remaining,108,4 Both,s3,70.16825548252199,70.30738221984134,57.37176622992575,82.03360736408459,61.1025796427634,79.05030732236021
women,2.5,pct_remaining,110,4 Both,s3,73.47349429328445,73.760188465218,59.950328338280954,85.39277132503209,64.01789248075636,82.56612442161988
women,2.5,pct_remaining,50,1 Functional,s4,68.59631917617874,68.58111834953118,66.10524662130014,71.17307657014396,66.7917668764663,70.43108857020695
women,2.5,pct_remaining,52,1 Functional,s4,72.50695026789337,72.49961020320151,70.41030153438105,74.63080521359291,70.97757859555476,74.03453461527648
women,2.5,pct_remaining,54,1 Functional,s4,74.50223157375542,74.50444958400077,73.09801862014079,75.84938214977355,73.499152924718,75.48923544815956
women,2.5,pct_remaining,56,1 Functional,s4,75.25290087565963,75.25645562068556,74.30527794407419,76.15057291002483,74.57004739319623,75.91874434319446
women,2.5,pct_remaining,58,1 Functional,s4,75.26627237215472,75.27047312452919,74.53664639987996,75.97333472713981,74.74398772534666,75.77807577682663
women,2.5,pct_remaining,60,1 Functional,s4,74.82011778448657,74.82522916369635,74.15370674731179,75.47292224326972,74.34471936241349,75.28963549479408
women,2.5,pct_remaining,62,1 Functional,s4,74.05854571465356,74.06124294375978,73.37444473440519,74.73668175365357,73.57185669222804,74.53225166741142
women,2.5,pct_remaining,64,1 Functional,s4,73.05189564487105,73.05352687011847,72.31757433668074,73.77548995326671,72.52944485859433,73.56147860864856
women,2.5,pct_remaining,66,1 Functional,s4,71.82931097450734,71.82990466957301,71.01507248497327,72.62283102616553,71.25679458641923,72.38674358966176
women,2.5,pct_remaining,68,1 Functional,s4,70.39618002051057,70.39711364557937,69.50634218566698,71.27435200926836,69.76814013498647,71.00991654783486
women,2.5,pct_remaining,70,1 Functional,s4,68.74343033077199,68.74467492844738,67.76341857035102,69.71081040230405,68.04900250066017,69.42231387390962
women,2.5,pct_remaining,72,1 Functional,s4,66.85250565406703,66.85222403040208,65.76882749991664,67.91484124042215,66.08300459803321,67.60912807059714
women,2.5,pct_remaining,74,1 Functional,s4,64.69817126564007,64.69532763236245,63.49130962878172,65.87236619636099,63.83891171022863,65.54148617266813
women,2.5,pct_remaining,76,1 Functional,s4,62.25042422241452,62.24851442798101,60.902665661091916,63.556550539518256,61.29875651783643,63.18940697162796
women,2.5,pct_remaining,78,1 Functional,s4,59.47637543216251,59.47200596751006,57.959244423812216,60.93068620466138,58.41327775312767,60.53528028873062
women,2.5,pct_remaining,80,1 Functional,s4,56.34282656738014,56.338932335422484,54.640406318624,57.97345951354564,55.15104810496486,57.52971926936906
women,2.5,pct_remaining,82,1 Functional,s4,52.820262765746236,52.81724821081545,50.92470014663287,54.648824113467455,51.49209372993513,54.146507399689895
women,2.5,pct_remaining,84,1 Functional,s4,48.889001172404654,48.886821395692095,46.78925519536518,50.93532128153214,47.40587731703655,50.37019595865599
women,2.5,pct_remaining,86,1 Functional,s4,44.54809581278363,44.542821434099224,42.22771801862838,46.836835237637025,42.90840848651255,46.19014848837688
women,2.5,pct_remaining,88,1 Functional,s4,39.82701154687014,39.8169159038556,37.28476291768857,42.35521013650226,38.01899930448716,41.641957305211115
women,2.5,pct_remaining,90,1 Functional,s4,34.798675981202614,34.782533562012965,32.07175877546143,37.53911982264373,32.84993107396434,36.77738853909756
women,2.5,pct_remaining,92,1 Functional,s4,29.590115935392102,29.561620464730037,26.72977902882084,32.52101600270909,27.52713478273487,31.688079769817296
women,2.5,pct_remaining,94,1 Functional,s4,24.384115870153504,24.350418683457356,21.449392303723446,27.410273140047654,22.27017432545522,26.556864553768104
women,2.5,pct_remaining,96,1 Functional,s4,19.404336764480004,19.365838200087325,16.525358950089007,22.433349213565037,17.335488746476578,21.567736540618466
women,2.5,pct_remaining,98,1 Functional,s4,14.88028931405347,14.830896903850752,12.166703784172386,17.795564778904865,12.925485231071095,16.94011180636634
women,2.5,pct_remaining,100,1 Functional,s4,10.998719822885842,10.935403054357181,8.549728941411926,13.686435163038288,9.228693236130184,12.885188877748133
women,2.5,pct_remaining,102,1 Functional,s4,7.8596405482398195,7.799483697819943,5.733141259632979,10.228066157458597,6.309335151759734,9.538498492199356
women,2.5,pct_remaining,104,1 Functional,s4,5.458599582688486,5.398020842841257,3.659090298822854,7.5068331827458845,4.130628253009702,6.906804524897336
women,2.5,pct_remaining,106,1 Functional,s4,3.7075779365383545,3.6453801104593944,2.230288223319583,5.472851857424855,2.599631360993048,4.9340691249767215
women,2.5,pct_remaining,108,1 Functional,s4,2.503786370207734,2.4383603359625923,1.3156569133957565,4.031439662814607,1.5964539151532744,3.5407533296011815
women,2.5,pct_remaining,110,1 Functional,s4,1.8701139304949461,1.7980323519961021,0.8676546255168893,3.2456553063566416,1.0935208904378722,2.772271343830477
women,2.5,pct_remaining,50,2 Physical only,s4,19.671916388863632,19.66324616354123,17.71303075702026,21.666872517415488,18.224352201370174,21.115208629877948
women,2.5,pct_remaining,52,2 Physical only,s4,19.71369951935643,19.70902290266741,18.009255627850777,21.459159493569672,18.457503480665533,20.960655599077842
women,2.5,pct_remaining,54,2 Physical only,s4,18.44863298995241,18.44125077379439,17.336493672374228,19.616760069568695,17.631075397015092,19.27176621560816
women,2.5,pct_remaining,56,2 Physical only,s4,17.654685147420683,17.64945760258675,16.91853261935474,18.43242543528835,17.113415419524646,18.20829302258451
women,2.5,pct_remaining,58,2 Physical only,s4,17.3442021566189,17.34162784866271,16.78653041020126,17.929001835453793,16.936969743412135,17.765299447958306
women,2.5,pct_remaining,60,2 Physical only,s4,17.36810856309215,17.36610790087333,16.855169161993707,17.893949302856033,16.99722572921029,17.744989232035014
women,2.5,pct_remaining,62,2 Physical only,s4,17.615684649029642,17.61310567997525,17.09022340297545,18.150265722416684,17.235085948523597,18.0007737621601
women,2.5,pct_remaining,64,2 Physical only,s4,18.0217162066655,18.019115332000073,17.450014616444555,18.603520642802422,17.611641417313994,18.438523714797544
women,2.5,pct_remaining,66,2 Physical only,s4,18.551325366992746,18.54878627627258,17.92445490307177,19.19009323953036,18.10047966782698,19.01260756308088
women,2.5,pct_remaining,68,2 Physical only,s4,19.18750822152389,19.184623856996968,18.494813970823287,19.900854876812282,18.68495647689124,19.698756721824218
women,2.5,pct_remaining,70,2 Physical only,s4,19.923238304024682,19.921056900660954,19.148582921284035,20.71438667188511,19.366728380529217,20.492694484714114
women,2.5,pct_remaining,72,2 Physical only,s4,20.756686085397348,20.75208444171269,19.892620560541374,21.636690473665908,20.1360806944138,21.393419250481095
women,2.5,pct_remaining,74,2 Physical only,s4,21.688150582413876,21.683056905061914,20.717611732104345,22.67482912928303,20.993736917441467,22.396197735335377
women,2.5,pct_remaining,76,2 Physical only,s4,22.71773166831396,22.70960871463038,21.634132711389025,23.835197493501664,21.93803566663831,23.51262249337694
women,2.5,pct_remaining,78,2 Physical only,s4,23.84309410357515,23.834063314945762,22.620576462116183,25.10621070840797,22.963326861587436,24.740703022892486
women,2.5,pct_remaining,80,2 Physical only,s4,25.056866882451338,25.043658201099355,23.68016647917227,26.480387303976645,24.056360295124858,26.07085576728578
women,2.5,pct_remaining,82,2 Physical only,s4,26.34335249804308,26.32729621841899,24.781832117299903,27.96225639078966,25.201831942717067,27.493845314824625
women,2.5,pct_remaining,84,2 Physical only,s4,27.674381811526313,27.65973871197617,25.903531744033774,29.527991742337363,26.375168688261823,28.988295895914675
women,2.5,pct_remaining,86,2 Physical only,s4,29.004457617682128,28.987538709157654,26.967975432384982,31.12854006766718,27.514585402187077,30.51376801149735
women,2.5,pct_remaining,88,2 Physical only,s4,30.265918269128136,30.24638081621112,27.90392548287482,32.72250089898786,28.55349271556362,32.013363410765216
women,2.5,pct_remaining,90,2 Physical only,s4,31.365804820956836,31.340095126146863,28.624803595530363,34.22403661102994,29.39069062833221,33.39138069935608
women,2.5,pct_remaining,92,2 Physical only,s4,32.187269904316146,32.16076494750408,28.987714704674726,35.522706929148086,29.87915499739201,34.55642957872781
women,2.5,pct_remaining,94,2 Physical only,s4,32.59902973033073,32.57128097023529,28.85770187120163,36.523959906694564,29.870234221166587,35.40462100806661
women,2.5,pct_remaining,96,2 Physical only,s4,32.475230203501695,32.431723176118986,28.05937365585923,37.07668429315949,29.230083192852646,35.77165026291631
women,2.5,pct_remaining,98,2 Physical only,s4,31.72402059059502,31.662160348732105,26.54394699701357,37.21339594522537,27.900760563444457,35.61290860963859
women,2.5,pct_remaining,100,2 Physical only,s4,30.316838165415067,30.243423665395614,24.28576141410595,36.744379814259126,25.885139933298376,34.900908095031475
women,2.5,pct_remaining,102,2 Physical only,s4,28.305715593745894,28.213579473132462,21.382173491924465,35.745262158068826,23.186677992265846,33.623433187803435
women,2.5,pct_remaining,104,2 Physical only,s4,25.81845089310809,25.678224827571498,18.0477476376332,34.36201780924049,20.062614832984124,31.86773541612202
women,2.5,pct_remaining,106,2 Physical only,s4,23.0402166287279,22.821616237415668,14.646406251471051,32.68684740692018,16.752223722852346,29.72982462836437
women,2.5,pct_remaining,108,2 Physical only,s4,20.269274795067577,19.965193963766847,11.571495320878885,30.750598492479927,13.631298353098975,27.53273742133635
women,2.5,pct_remaining,110,2 Physical only,s4,18.30860578529956,17.927019094538892,9.560147468335197,29.335147690184172,11.514946925857462,25.847098747254183
women,2.5,pct_remaining,50,3 Cognitive only,s4,2.6846535654533588,2.6559237617384968,2.3373379946972537,3.1792508259188463,2.415179957275409,3.007707283670362
women,2.5,pct_remaining,52,3 Cognitive only,s4,2.7083710013285422,2.6897656461520483,2.4175306787816613,3.089213315104086,2.4879650247942684,2.963738407354091
women,2.5,pct_remaining,54,3 Cognitive only,s4,2.6340580591016813,2.6293202025648372,2.422040807154909,2.8662006961940523,2.4797734417759245,2.796601722462837
women,2.5,pct_remaining,56,3 Cognitive only,s4,2.6946221572515925,2.692614628657224,2.4938358132273675,2.909408621546742,2.547667229107382,2.8477882404528647
women,2.5,pct_remaining,58,3 Cognitive only,s4,2.820524650792107,2.818474623261006,2.6053508054894112,3.048341033610939,2.664986216177431,2.982928501782239
women,2.5,pct_remaining,60,3 Cognitive only,s4,2.9815206828195127,2.9793649991535442,2.748028165309731,3.2299853095588307,2.8122502981388915,3.1567541378937456
women,2.5,pct_remaining,62,3 Cognitive only,s4,3.1689020872789695,3.166151391614192,2.9133295424583303,3.44116001099648,2.9836419802148453,3.3604855321787905
women,2.5,pct_remaining,64,3 Cognitive only,s4,3.3815823336152935,3.3781639409596758,3.1006630176449503,3.6817335049459885,3.177777106863789,3.5927747143929265
women,2.5,pct_remaining,66,3 Cognitive only,s4,3.62129450014008,3.617365566174737,3.3101058059439032,3.9542800949494548,3.396124176115614,3.855097305997031
women,2.5,pct_remaining,68,3 Cognitive only,s4,3.891071862094892,3.8869204394334393,3.544579473557374,4.2607056770732035,3.6390960275266453,4.151146088117791
women,2.5,pct_remaining,70,3 Cognitive only,s4,4.194745627281481,4.1901071016103595,3.8066104307157103,4.605972113909875,3.9138513522932894,4.485317092110127
women,2.5,pct_remaining,72,3 Cognitive only,s4,4.536729866726757,4.5318849403525725,4.098406162109988,4.9978694627162845,4.220158427437744,4.864355227106586
women,2.5,pct_remaining,74,3 Cognitive only,s4,4.921837052338063,4.91573177121697,4.42616278387249,5.443224339728054,4.563360544826881,5.2926407460920855
women,2.5,pct_remaining,76,3 Cognitive only,s4,5.3549930774874355,5.3465397514157695,4.79313927658361,5.9477345474764585,4.947177249076983,5.777613086780259
women,2.5,pct_remaining,78,3 Cognitive only,s4,5.8407342294628855,5.831527891275688,5.1985575890476685,6.517548936081546,5.375387352550152,6.3231049518110005
women,2.5,pct_remaining,80,3 Cognitive only,s4,6.382342197170713,6.3729593657445545,5.643758611815204,7.162634118602327,5.845652876811594,6.938610685594158
women,2.5,pct_remaining,82,3 Cognitive only,s4,6.980436821065765,6.968189991646022,6.126084727709026,7.884360782163469,6.361815539846681,7.623914248988996
women,2.5,pct_remaining,84,3 Cognitive only,s4,7.630833579760752,7.615182588357657,6.64405422003866,8.686881725790585,6.911216196058152,8.378413044920979
women,2.5,pct_remaining,86,3 Cognitive only,s4,8.321546983751091,8.301331098671177,7.177129080665577,9.55973069192452,7.482826901649929,9.19531736009162
women,2.5,pct_remaining,88,3 Cognitive only,s4,9.029090309402765,9.007122368560822,7.704993358296315,10.476452605305523,8.050966386641072,10.046081283321092
women,2.5,pct_remaining,90,3 Cognitive only,s4,9.714818383091032,9.687786589939913,8.189332384529868,11.410798889752918,8.578810951462334,10.896323294278423
women,2.5,pct_remaining,92,3 Cognitive only,s4,10.323019538289197,10.288163090347899,8.56659681580706,12.316542755957952,9.01123306764644,11.7026138831617
women,2.5,pct_remaining,94,3 Cognitive only,s4,10.783459027552126,10.733604025187617,8.763980289526065,13.091848814734496,9.277227522095759,12.380375066332348
women,2.5,pct_remaining,96,3 Cognitive only,s4,11.021144262756582,10.963578853721906,8.714579798798203,13.674011926558064,9.315122185656683,12.8624969665167
women,2.5,pct_remaining,98,3 Cognitive only,s4,10.973859740062135,10.897825505473605,8.381223978553404,13.99293507032703,9.046825101523686,13.057162234367977
women,2.5,pct_remaining,100,3 Cognitive only,s4,10.613092390432486,10.513863227158014,7.755717706942203,14.022695335454648,8.47220597841424,12.968265841558823
women,2.5,pct_remaining,102,3 Cognitive only,s4,9.958726952690728,9.834486143465423,6.858297534602166,13.814560390233792,7.6193128052679615,12.590614482018351
women,2.5,pct_remaining,104,3 Cognitive only,s4,9.07760474715436,8.912081792593016,5.780481867549241,13.394494483558153,6.565312293919605,11.962313801459795
women,2.5,pct_remaining,106,3 Cognitive only,s4,8.066877827391663,7.852518331495784,4.5991313050037865,12.815023232263215,5.429471947152697,11.193621214159508
women,2.5,pct_remaining,108,3 Cognitive only,s4,7.058682449223039,6.781620948425784,3.5445534338817986,12.198926441845424,4.331141041936496,10.370546148985527
women,2.5,pct_remaining,110,3 Cognitive only,s4,6.347785440777751,6.022399449518118,2.849195131098643,11.737153210748115,3.598586144906172,9.76466742711441
women,2.5,pct_remaining,50,4 Both,s4,9.047110869504271,9.00348494808177,8.127887261899764,10.208851297308545,8.354260782389392,9.827531219705273
women,2.5,pct_remaining,52,4 Both,s4,5.0709792114216565,5.038924236918634,4.442921109385685,5.885824565958837,4.590757352795117,5.60642860689743
women,2.5,pct_remaining,54,4 Both,s4,4.415077377190487,4.405313511105886,4.019929484841828,4.876013399410959,4.121897156438874,4.728905238571655
women,2.5,pct_remaining,56,4 Both,s4,4.397791819668089,4.3935871021315185,4.05020819332935,4.776827035020951,4.14288747217853,4.6646627572326285
women,2.5,pct_remaining,58,4 Both,s4,4.569000820434282,4.564227762434422,4.209927827439378,4.956745383373043,4.307359413400922,4.837575969168687
women,2.5,pct_remaining,60,4 Both,s4,4.830252969601772,4.823852319003246,4.44515122357455,5.247278909483729,4.548643275182289,5.119402849156611
women,2.5,pct_remaining,62,4 Both,s4,5.156867549037825,5.15043543113026,4.736637109893778,5.611719201054655,4.849727600505557,5.473257711266668
women,2.5,pct_remaining,64,4 Both,s4,5.544805814848161,5.538154316384908,5.082937230676931,6.044099395894573,5.20720128527094,5.893175609400678
women,2.5,pct_remaining,66,4 Both,s4,5.998069158359836,5.990843884533558,5.487035537820949,6.5520997553150995,5.625003378955454,6.3849096927451
women,2.5,pct_remaining,68,4 Both,s4,6.525239895870652,6.5166254704928335,5.957207567026072,7.140841211866343,6.1105569260580515,6.954993899997004
women,2.5,pct_remaining,70,4 Both,s4,7.138585737921851,7.129034963346538,6.501874153327166,7.828795879631869,6.675061640104705,7.620365849174744
women,2.5,pct_remaining,72,4 Both,s4,7.8540783938088605,7.84342971492282,7.132678558453939,8.634877072407937,7.330333842497892,8.396349957783176
women,2.5,pct_remaining,74,4 Both,s4,8.691841099607993,8.678230878107923,7.871777992119459,9.579979106587505,8.09800837194501,9.31145647889659
women,2.5,pct_remaining,76,4 Both,s4,9.676851031784084,9.661556038608435,8.73931801256666,10.694171721181341,8.99505741033032,10.386727864396345
women,2.5,pct_remaining,78,4 Both,s4,10.839796234799453,10.82230212342103,9.753110272928332,12.013851489747447,10.049733289430216,11.658204771148048
women,2.5,pct_remaining,80,4 Both,s4,12.217964352997805,12.196171140527678,10.955454019492263,13.594588548338143,11.295174037911098,13.174853949021001
women,2.5,pct_remaining,82,4 Both,s4,13.855947915144919,13.830981039272299,12.366503105582296,15.479801516058128,12.768902931966512,14.985703025151182
women,2.5,pct_remaining,84,4 Both,s4,15.805783436308282,15.773867554547394,14.039817471986538,17.728330161443793,14.516881252239482,17.151959212182163
women,2.5,pct_remaining,86,4 Both,s4,18.125899585783156,18.08863473898722,16.012888007066163,20.431213808438294,16.575291946389118,19.731514952677525
women,2.5,pct_remaining,88,4 Both,s4,20.87797987459896,20.831781108088844,18.323251974289846,23.6540355245019,18.993695189620663,22.81838724459304
women,2.5,pct_remaining,90,4 Both,s4,24.12070081474952,24.060128932003032,21.047220324743225,27.48057110981051,21.84654518051505,26.47888638540934
women,2.5,pct_remaining,92,4 Both,s4,27.899594622002557,27.82145792051437,24.172664976779938,31.96497558061761,25.13920080595976,30.761736979942498
women,2.5,pct_remaining,94,4 Both,s4,32.23339537196364,32.15236492135726,27.70817431005896,37.14413337332876,28.917138770118427,35.70685926355916
women,2.5,pct_remaining,96,4 Both,s4,37.09928876926172,37.01446227718412,31.639191114177134,43.004480822623606,33.11944573132042,41.292403505680106
women,2.5,pct_remaining,98,4 Both,s4,42.42183035528937,42.32182514479618,35.86731026715781,49.4503821183825,37.68170018788974,47.41229934039537
women,2.5,pct_remaining,100,4 Both,s4,48.071349621266606,47.96466792634479,40.31365861434793,56.36440013839241,42.42513589345264,53.934624669439316
women,2.5,pct_remaining,102,4 Both,s4,53.87591690532356,53.78539843575199,44.79974295344849,63.32980540697831,47.28930091706579,60.65498406803936
women,2.5,pct_remaining,104,4 Both,s4,59.64534477704907,59.59699943437661,49.265354033030334,70.20257698239975,52.123175180577554,67.30099977606741
women,2.5,pct_remaining,106,4 Both,s4,65.18532760734207,65.19024433082201,53.53289073276216,76.52928458492055,56.81810159027387,73.56339436136754
women,2.5,pct_remaining,108,4 Both,s4,70.16825638550165,70.30738290040406,57.37176651400835,82.03360862246221,61.102579789253156,79.05030815401777
women,2.5,pct_remaining,110,4 Both,s4,73.47349484342774,73.76018865914196,59.95032820821258,85.3927726772469,64.01789263622295,82.56612551015154
