sex,prior_sd,quantity,age,state,radix,mean,median,lo95,hi95,lo84,hi84
men,2.5,expectancy,50,1 Functional,population,23.083314790082877,23.08495920228752,22.760256445281325,23.40644345510289,22.85041079986461,23.31494462030836
men,2.5,expectancy,52,1 Functional,population,21.711376155458286,21.712653672861684,21.42049715350318,22.002356873106976,21.50279816238056,21.91863398569967
men,2.5,expectancy,54,1 Functional,population,20.369101445485384,20.370096280796105,20.105911096403062,20.629282948129493,20.181715643385875,20.555760648034795
men,2.5,expectancy,56,1 Functional,population,19.04110049775327,19.04281333117614,18.795773295602928,19.28189671927954,18.86606106530616,19.214588501032164
men,2.5,expectancy,58,1 Functional,population,17.72274847196409,17.722876029062917,17.48651413417198,17.952387068716206,17.555640093803383,17.889354400353472
men,2.5,expectancy,60,1 Functional,population,16.415078651485913,16.41481284234721,16.183214216928118,16.64085933768616,16.25102641278581,16.579424206412217
men,2.5,expectancy,62,1 Functional,population,15.122043840566802,15.122135893660957,14.890579254079157,15.348057122923631,14.956336018686153,15.28630028636336
men,2.5,expectancy,64,1 Functional,population,13.849082522460831,13.848871465581034,13.617346611490794,14.078982306718464,13.681003248889786,14.016760489910363
men,2.5,expectancy,66,1 Functional,population,12.602384764836364,12.601569868868022,12.36623239446173,12.83689081367359,12.432357387632763,12.773393604245165
men,2.5,expectancy,68,1 Functional,population,11.388515890505786,11.387493746226037,11.150096831601077,11.627542673676592,11.217371007470064,11.5616558718119
men,2.5,expectancy,70,1 Functional,population,10.214207294529373,10.21276126583475,9.973602930179274,10.458313876241425,10.043581695118515,10.386176401728658
men,2.5,expectancy,72,1 Functional,population,9.086209908130284,9.084716396112709,8.846950551932476,9.330292169501256,8.914584020068183,9.258854768635343
men,2.5,expectancy,74,1 Functional,population,8.01115455471008,8.010556482180222,7.774016865428391,8.253358257286987,7.841087768706613,8.182456807093859
men,2.5,expectancy,76,1 Functional,population,6.995391483559128,6.994966803919163,6.761085682020012,7.234701045115347,6.827911630418077,7.165525169562215
men,2.5,expectancy,78,1 Functional,population,6.044798499960804,6.043313094634801,5.813657055655924,6.279872827046128,5.880022565424227,6.21264401646935
men,2.5,expectancy,80,1 Functional,population,5.164558909077996,5.16341428317251,4.939933004626469,5.393398723110876,5.00348144828308,5.328179447808792
men,2.5,expectancy,82,1 Functional,population,4.358919914994487,4.357755427198717,4.141974812771891,4.582166552875159,4.2044615055995145,4.517570261498906
men,2.5,expectancy,84,1 Functional,population,3.6309503922168624,3.629822219800751,3.4216322748677843,3.8477843365939592,3.4818550804905337,3.7820136527181503
men,2.5,expectancy,86,1 Functional,population,2.982323922289248,2.9805876953148656,2.7839438603143125,3.1877721253617803,2.84077708809267,3.125779518552116
men,2.5,expectancy,88,1 Functional,population,2.413157234168453,2.410967747640952,2.226706740831493,2.6071498944950946,2.2787847127693315,2.548619223760256
men,2.5,expectancy,90,1 Functional,population,1.92193329192865,1.9201957210948897,1.748561735855428,2.1035719059365237,1.796763492565307,2.0484079275461986
men,2.5,expectancy,92,1 Functional,population,1.5055298552025924,1.503009513855627,1.3463798021947488,1.67308736825442,1.3900794895817163,1.6228961060346432
men,2.5,expectancy,94,1 Functional,population,1.159358039294996,1.1567130475808751,1.0156524049675089,1.3118362990370016,1.0547194819323638,1.2666756731675697
men,2.5,expectancy,96,1 Functional,population,0.8775952992818469,0.8752287336002156,0.7492392757325035,1.0143953863963089,0.7851643400504739,0.9735258011234196
men,2.5,expectancy,98,1 Functional,population,0.6534828991777295,0.651324630042248,0.5411437827641992,0.7754762474242827,0.5722251487693095,0.7379019775454366
men,2.5,expectancy,100,1 Functional,population,0.4796619199641353,0.47795680520897765,0.3832527911116577,0.5862302045051031,0.4098099874229696,0.5534374173116587
men,2.5,expectancy,102,1 Functional,population,0.3485573259245365,0.34691279017483956,0.266516306123193,0.44069467075383717,0.2890633110152371,0.41276476943836676
men,2.5,expectancy,104,1 Functional,population,0.2529251802402243,0.25074182876730366,0.18393084391966394,0.3324946915161201,0.20223466094383794,0.30845303573141714
men,2.5,expectancy,106,1 Functional,population,0.1871020475227117,0.18460156671382694,0.12780734041294262,0.26171112867508195,0.14245307382477823,0.23722793036909828
men,2.5,expectancy,108,1 Functional,population,0.15176998292666297,0.1478942250305492,0.09493165047612562,0.23200175075664556,0.10826781694877259,0.20272762018186388
men,2.5,expectancy,110,1 Functional,population,0.17899099170094918,0.17286972328654293,0.10429311954117239,0.2897631826464455,0.12149152415785519,0.2472348716508229
men,2.5,expectancy,50,2 Physical only,population,3.5376445422298892,3.536607791139457,3.419665344788341,3.657573070868402,3.452315814815382,3.624359101712649
men,2.5,expectancy,52,2 Physical only,population,3.4113174060377793,3.4101188258218946,3.2969133148307512,3.5278595764228298,3.32671913925449,3.495392616081084
men,2.5,expectancy,54,2 Physical only,population,3.2748264685967263,3.2742526308217377,3.1654411216495624,3.388664687499463,3.1940199227115937,3.3557118825189836
men,2.5,expectancy,56,2 Physical only,population,3.1374791941186992,3.137043992173891,3.0289986056688334,3.248964372984116,3.0587553169218675,3.216595278716496
men,2.5,expectancy,58,2 Physical only,population,3.003385286996411,3.0029854480074976,2.895642004376819,3.115061284050895,2.925688083896649,3.082171795026063
men,2.5,expectancy,60,2 Physical only,population,2.873984755939854,2.8736624594192444,2.7627908908903134,2.9864379933425744,2.7956252987844468,2.9546554379993695
men,2.5,expectancy,62,2 Physical only,population,2.7494093165309024,2.7486463743135863,2.6334922197169712,2.8649468563579483,2.6681315622330075,2.8326472903497586
men,2.5,expectancy,64,2 Physical only,population,2.629208334398668,2.6283668621743006,2.508641929068078,2.748944453929484,2.544545840846327,2.716059319114183
men,2.5,expectancy,66,2 Physical only,population,2.512724849247102,2.511378171929914,2.388142577208305,2.6369183606745326,2.4246164965109065,2.6020969593219077
men,2.5,expectancy,68,2 Physical only,population,2.3992827229658564,2.3981759447459856,2.2704201961642845,2.52866912443209,2.3079472082352934,2.492720111302761
men,2.5,expectancy,70,2 Physical only,population,2.2882749910306917,2.287026870637086,2.1553455610045607,2.4231978639761893,2.194481471919032,2.384837578461383
men,2.5,expectancy,72,2 Physical only,population,2.179202437753931,2.1778419274288323,2.042071081188552,2.3193563224659433,2.0821335076606107,2.278854142931982
men,2.5,expectancy,74,2 Physical only,population,2.0716880334933956,2.0701881724052575,1.9318408226436956,2.2161691371312138,1.9719440059554227,2.1736051692144494
men,2.5,expectancy,76,2 Physical only,population,1.9654798804445155,1.9633104822220915,1.824527233748013,2.1138695429877865,1.8632998654866668,2.069613059282884
men,2.5,expectancy,78,2 Physical only,population,1.8604482533554003,1.8581556397131322,1.7169161861935875,2.0130071438039567,1.7559684017235055,1.9679550248396256
men,2.5,expectancy,80,2 Physical only,population,1.7565785283768323,1.7539615062902985,1.6099906698397257,1.9143096181285788,1.6499500229063937,1.8661838154681087
men,2.5,expectancy,82,2 Physical only,population,1.6539597847898637,1.6509747285085528,1.5043639529981934,1.8154500853636169,1.5445155840519789,1.7669391758224795
men,2.5,expectancy,84,2 Physical only,population,1.5527679703122872,1.5498254805091127,1.4025455128761481,1.7188452200673308,1.4419406956625116,1.6689328928955844
men,2.5,expectancy,86,2 Physical only,population,1.4532426610753906,1.450324351721401,1.3002049950197925,1.6227915151289358,1.3403113231663626,1.5726080225363401
men,2.5,expectancy,88,2 Physical only,population,1.3556579253242673,1.3524769864299724,1.1995299094037668,1.5284180144033674,1.2395312008414572,1.4782949222224648
men,2.5,expectancy,90,2 Physical only,population,1.260290932095215,1.2565925568610965,1.1011688301502596,1.435942786885545,1.1420895738060808,1.3866221919721937
men,2.5,expectancy,92,2 Physical only,population,1.1673963967767405,1.1628304680768524,1.004985736000371,1.3463542408333236,1.0470667786808914,1.2951172534445743
men,2.5,expectancy,94,2 Physical only,population,1.0771989610103343,1.0718730326566974,0.9120714888880453,1.2629971071882318,0.954420415323721,1.207986247346339
men,2.5,expectancy,96,2 Physical only,population,0.9899161410706077,0.9853098706820851,0.8212258175070193,1.182194975093297,0.8646655293573386,1.122673290159906
men,2.5,expectancy,98,2 Physical only,population,0.9058209798790882,0.9007454550749581,0.7335473186085004,1.10534874028334,0.7771910991217059,1.0428726612972306
men,2.5,expectancy,100,2 Physical only,population,0.8253602619185361,0.8195262592105348,0.6500305216688411,1.034639901529679,0.6937319396361842,0.9663662334309328
men,2.5,expectancy,102,2 Physical only,population,0.749426273361918,0.7432325735643346,0.5668492046853442,0.9679383703583845,0.6125294937454777,0.8965137175889036
men,2.5,expectancy,104,2 Physical only,population,0.6802978522630138,0.6739256865461941,0.4895503606591455,0.9098017584647137,0.5373372224372409,0.8356063881454531
men,2.5,expectancy,106,2 Physical only,population,0.6257562614557967,0.6187286707610051,0.4199584712134828,0.8750850750618779,0.47208030175826193,0.7949993436526844
men,2.5,expectancy,108,2 Physical only,population,0.6194747396143352,0.6098146250164174,0.38174249353605266,0.9107647173608228,0.4406673949231574,0.8148113776554414
men,2.5,expectancy,110,2 Physical only,population,0.8357190115615966,0.8260391015897919,0.46363234825487537,1.2597429831410603,0.5585063032020591,1.1297984206737246
men,2.5,expectancy,50,3 Cognitive only,population,0.5450211163215547,0.5443497656726479,0.5019781546062184,0.5912647145947418,0.5136932031921669,0.5781814433711645
men,2.5,expectancy,52,3 Cognitive only,population,0.5418480367528106,0.5408381839640392,0.498592825573477,0.5886408720653569,0.5101669793534782,0.5752208025219443
men,2.5,expectancy,54,3 Cognitive only,population,0.5384869325681751,0.5375279525343867,0.4948018713352218,0.5861807578200783,0.5062325866122857,0.572516876586219
men,2.5,expectancy,56,3 Cognitive only,population,0.5346816691879677,0.533745677346632,0.4903492088170675,0.5835385360412314,0.5019593188592123,0.5693479546589026
men,2.5,expectancy,58,3 Cognitive only,population,0.5304034682938973,0.5294387371107995,0.48492079164339075,0.5804133619747676,0.4973112767117637,0.5653740582918299
men,2.5,expectancy,60,3 Cognitive only,population,0.5255972844745845,0.5245659810178349,0.4787198582017648,0.5771172195907314,0.49146593680398876,0.561250131115004
men,2.5,expectancy,62,3 Cognitive only,population,0.5201808811417833,0.5191369913014044,0.4716916167341412,0.5731839682747131,0.48478513435813,0.5571350948027224
men,2.5,expectancy,64,3 Cognitive only,population,0.5140582845373481,0.5128715943243085,0.4639064758948425,0.5688366151595816,0.477709006027392,0.5521001017512899
men,2.5,expectancy,66,3 Cognitive only,population,0.5071289814638172,0.50600011260179,0.4556289420023316,0.5637069875690066,0.46947491057531543,0.5465430266232989
men,2.5,expectancy,68,3 Cognitive only,population,0.49929399166804656,0.4982782971053009,0.4462497697163974,0.5580931287435431,0.4603872979067305,0.5402176497335837
men,2.5,expectancy,70,3 Cognitive only,population,0.49046073393373524,0.489414742449916,0.43576996685854313,0.5512965635464352,0.45039687680018653,0.5325328126397492
men,2.5,expectancy,72,3 Cognitive only,population,0.48054777760945144,0.4793591056149674,0.42415450704108937,0.5432510015214509,0.4392716608433085,0.5240966857046108
men,2.5,expectancy,74,3 Cognitive only,population,0.4694899195327112,0.4681984053535739,0.41126482422104915,0.5344993801545922,0.4266983012394135,0.5146903952926842
men,2.5,expectancy,76,3 Cognitive only,population,0.45724361472605096,0.45599582199099087,0.39728394037662074,0.5248231089442825,0.4133910715610272,0.5038053030311719
men,2.5,expectancy,78,3 Cognitive only,population,0.44379253387385603,0.44223093900209975,0.38224148880225683,0.5138566042482365,0.3982713493471174,0.49176119098204807
men,2.5,expectancy,80,3 Cognitive only,population,0.4291528752817889,0.427522302074698,0.36577393791096685,0.5020687947825658,0.38224638112687154,0.4793693129915474
men,2.5,expectancy,82,3 Cognitive only,population,0.41337802864755774,0.4116659804706617,0.3477089162713443,0.4893279652769785,0.3647617869226319,0.46545045630923654
men,2.5,expectancy,84,3 Cognitive only,population,0.3965623245815796,0.394716473141847,0.3281077302950003,0.47551778365839287,0.3460768827156011,0.45073211026936555
men,2.5,expectancy,86,3 Cognitive only,population,0.37884399561420556,0.37676787074986784,0.3079699513562496,0.4603199676497248,0.32655662392888457,0.43558486436802973
men,2.5,expectancy,88,3 Cognitive only,population,0.36040820776739885,0.357977709620919,0.28705493120139597,0.4457768220597357,0.306780305040559,0.4195650007251071
men,2.5,expectancy,90,3 Cognitive only,population,0.3414920909150454,0.3387518027963197,0.2657356796810546,0.4320920490376686,0.2855024761396051,0.4033582062439414
men,2.5,expectancy,92,3 Cognitive only,population,0.3223948622308097,0.3190019120205021,0.24491906362228547,0.4190010765586388,0.2639277414859278,0.3880301453193529
men,2.5,expectancy,94,3 Cognitive only,population,0.3034968344704118,0.29942134594862596,0.22309182437827674,0.40735713133141194,0.24180039267212772,0.3734028177027085
men,2.5,expectancy,96,3 Cognitive only,population,0.2852907077972545,0.279909764730242,0.20111426890924536,0.3987725381116157,0.219891294878037,0.3608639987944626
men,2.5,expectancy,98,3 Cognitive only,population,0.26842772367720696,0.2613917340738733,0.17926173210188606,0.3958240394966745,0.19873031292249907,0.3510543387386845
men,2.5,expectancy,100,3 Cognitive only,population,0.2537860188961634,0.24445484536947065,0.15866702384073778,0.39905070287072336,0.1782813185278696,0.34650424447447153
men,2.5,expectancy,102,3 Cognitive only,population,0.24260372570254174,0.22975237019401226,0.13941850963711525,0.41757607205800606,0.1595326660052282,0.34950371907085276
men,2.5,expectancy,104,3 Cognitive only,population,0.23689116980399402,0.218693616878221,0.12222862317235257,0.4536240443964857,0.14239749056070966,0.36404806438825804
men,2.5,expectancy,106,3 Cognitive only,population,0.2411769096255473,0.21490746421280746,0.10775897560486616,0.5249416741484787,0.12936958528245934,0.40095909285755194
men,2.5,expectancy,108,3 Cognitive only,population,0.27112170593045587,0.2309699216583594,0.10250464173394803,0.6755557183110359,0.126814268741618,0.4902235304447121
men,2.5,expectancy,110,3 Cognitive only,population,0.40072774907531494,0.33794550711753596,0.13689720547445813,1.0314740982428483,0.1761012734418967,0.7445636085743282
men,2.5,expectancy,50,4 Both,population,0.6404926774174236,0.639975785515726,0.5910348407568673,0.6949742665865402,0.6044362531397278,0.6784848560246289
men,2.5,expectancy,52,4 Both,population,0.6408516789876829,0.640196491456337,0.5904828650945625,0.6963179056401609,0.6042573189028164,0.6794270858887026
men,2.5,expectancy,54,4 Both,population,0.64027457041944,0.6395519317635758,0.5881604198652209,0.6965546757668136,0.6031602592124657,0.6796032284265993
men,2.5,expectancy,56,4 Both,population,0.6389762180702185,0.6383079308454448,0.5858870431018403,0.6960496363996793,0.6011293912955997,0.6789024800889714
men,2.5,expectancy,58,4 Both,population,0.6371201810385803,0.636360178653287,0.5829356933330131,0.6955540712467422,0.598076252966881,0.6780618366921519
men,2.5,expectancy,60,4 Both,population,0.6348178509929255,0.6338775555812128,0.5793438165364676,0.6955209018779833,0.5944646897215214,0.6769341958949361
men,2.5,expectancy,62,4 Both,population,0.6321338841210085,0.6311902218287062,0.5748359149754796,0.694314885530876,0.5902788176820356,0.6759032331113524
men,2.5,expectancy,64,4 Both,population,0.6290990318910984,0.6280047143173826,0.5697322230012103,0.6939180169364119,0.5857241134725711,0.6743904488458472
men,2.5,expectancy,66,4 Both,population,0.6257239217864676,0.6244510841779758,0.5642020231118888,0.6928649972231941,0.5805665705810448,0.6723424090573002
men,2.5,expectancy,68,4 Both,population,0.6220118137843018,0.6207411076805243,0.5582945808020339,0.6916074848464243,0.5751980207555747,0.6704081937211458
men,2.5,expectancy,70,4 Both,population,0.6179701910581662,0.6166605582480951,0.5519326527160536,0.6904201854349521,0.5696312897839585,0.6682290031247465
men,2.5,expectancy,72,4 Both,population,0.6136214469989615,0.6122393087789474,0.5457818965536902,0.688754335674957,0.5634986529259156,0.6660234628610155
men,2.5,expectancy,74,4 Both,population,0.6090127673230048,0.6074742680718289,0.5384014695680892,0.68718798784079,0.5566681582675547,0.6634402324078242
men,2.5,expectancy,76,4 Both,population,0.6042249274022395,0.602577261443686,0.5316349510024317,0.6856677772066012,0.5496366628967515,0.6608811670887665
men,2.5,expectancy,78,4 Both,population,0.5993792809984418,0.5975378415082107,0.5231118864246863,0.6840447621493576,0.5426615974217313,0.659203653064354
men,2.5,expectancy,80,4 Both,population,0.5946417866250268,0.5927659633108925,0.5153073171045127,0.6823525751720309,0.5353171710839287,0.6571955034154412
men,2.5,expectancy,82,4 Both,population,0.590222562113517,0.588135336358242,0.507743122529577,0.6823723001583507,0.5280262765474497,0.6556135045237703
men,2.5,expectancy,84,4 Both,population,0.5863692514460739,0.584061566789854,0.4999169763407478,0.6833809522914319,0.5216051697707299,0.6552144262717661
men,2.5,expectancy,86,4 Both,population,0.5833525662251619,0.5808210928862658,0.4921854085425648,0.6861710571640276,0.5151790082543338,0.6556313340475975
men,2.5,expectancy,88,4 Both,population,0.5814429930335772,0.5786607446460231,0.48543519343660413,0.6901099813756296,0.5103024541031413,0.658102614379989
men,2.5,expectancy,90,4 Both,population,0.5808792926358707,0.5781048388169521,0.479533936554976,0.6964573175216566,0.5054274241715585,0.6621152979258944
men,2.5,expectancy,92,4 Both,population,0.5818326407549923,0.5785464564644636,0.4739235519794021,0.705965643071224,0.5008464595084742,0.6687841659443349
men,2.5,expectancy,94,4 Both,population,0.5843754390391984,0.5806744111141933,0.4700391913274304,0.7180466036649145,0.4980334339644646,0.6776956394802784
men,2.5,expectancy,96,4 Both,population,0.5884706139489078,0.5843738470597175,0.4673178970835804,0.7320703393549941,0.4958171005155528,0.6893387026316895
men,2.5,expectancy,98,4 Both,population,0.5940056306726252,0.5896842946538282,0.46380241207399747,0.7485822988280074,0.494374412505387,0.7017975774891678
men,2.5,expectancy,100,4 Both,population,0.6009153591917425,0.5958012454408246,0.4614917296001516,0.7673453505531512,0.494048874399392,0.7157379554571991
men,2.5,expectancy,102,4 Both,population,0.6095322773144659,0.6046960372441335,0.4583465783077608,0.7880106976785707,0.49484712141711584,0.7330532900187442
men,2.5,expectancy,104,4 Both,population,0.6217801431513286,0.6167506628637901,0.4556636724365306,0.814190565912925,0.498274951530898,0.7560342085594652
men,2.5,expectancy,106,4 Both,population,0.6462455637971977,0.6412675421089229,0.46346276429188393,0.857398749766998,0.5100048876316158,0.7928543709974178
men,2.5,expectancy,108,4 Both,population,0.7233301849507651,0.71924881415704,0.5068469688331868,0.9720676951092155,0.5613448749005671,0.894707432791908
men,2.5,expectancy,110,4 Both,population,1.067279089746919,1.0638881138285072,0.7295690206806762,1.4289990418790626,0.8193019981801539,1.3222607197460114
men,2.5,expectancy,50,1 Functional,s1,23.629173726267876,23.631021890525204,23.321671916303636,23.940223788535672,23.403718714669697,23.846130198140308
men,2.5,expectancy,52,1 Functional,s1,21.996531761442192,21.997609290592287,21.716546628135323,22.278581388257905,21.794423304579176,22.195073785427308
men,2.5,expectancy,54,1 Functional,s1,20.518284689222604,20.51845476573867,20.259528148762463,20.77386584949028,20.33662022512716,20.699093113790294
men,2.5,expectancy,56,1 Functional,s1,19.11920105496563,19.120795038648527,18.87630261052951,19.35837440173002,18.947586291836163,19.290387448646793
men,2.5,expectancy,58,1 Functional,s1,17.763655146413267,17.764194497913884,17.52873196315081,17.992350843757052,17.59736367270728,17.928952592430925
men,2.5,expectancy,60,1 Functional,s1,16.43650904815139,16.436094754901088,16.204490869017317,16.66145506628151,16.272952568445664,16.60050534993686
men,2.5,expectancy,62,1 Functional,s1,15.133265491830159,15.13348715352494,14.902141039468724,15.359151135733962,14.967349011434678,15.29766690193346
men,2.5,expectancy,64,1 Functional,s1,13.854947773071506,13.854722367996878,13.623160278785532,14.084836835393292,13.686732691380879,14.02274331586585
men,2.5,expectancy,66,1 Functional,s1,12.605438524614794,12.604042328594078,12.369005344281703,12.83988016424979,12.435273527453441,12.776553427634202
men,2.5,expectancy,68,1 Functional,s1,11.390095527630233,11.389138620031027,11.151772678604432,11.62930308960226,11.218951240665994,11.56313019009963
men,2.5,expectancy,70,1 Functional,s1,10.215016619248887,10.213601511040505,9.974253306317012,10.459118930885955,10.044442267401879,10.387196432776335
men,2.5,expectancy,72,1 Functional,s1,9.08661926521659,9.085145699946658,8.847551377744383,9.33080211158581,8.91500969976623,9.259212838858147
men,2.5,expectancy,74,1 Functional,s1,8.011358286606917,8.010748043745421,7.774226971240107,8.253581587096008,7.841317074505217,8.182709345272245
men,2.5,expectancy,76,1 Functional,s1,6.995490939053474,6.995061287724877,6.761234362210255,7.234770499028053,6.828019147289717,7.165647570205153
men,2.5,expectancy,78,1 Functional,s1,6.044845988041407,6.043372715044285,5.813704393008427,6.279935483121299,5.880073240380948,6.212684875474127
men,2.5,expectancy,80,1 Functional,s1,5.164581033962214,5.163434068401647,4.939951162825615,5.393424920532967,5.003510825410402,5.32820219108523
men,2.5,expectancy,82,1 Functional,s1,4.358929953603285,4.35776545387005,4.141984924877687,4.582175899972163,4.204472195073325,4.5175788832692785
men,2.5,expectancy,84,1 Functional,s1,3.6309548212588494,3.6298276548028463,3.4216376630602023,3.847787879541373,3.4818588060889772,3.782017427467269
men,2.5,expectancy,86,1 Functional,s1,2.9823258202553165,2.98058997758306,2.7839465510257337,3.1877734527648207,2.8407786072969965,3.125781177219116
men,2.5,expectancy,88,1 Functional,s1,2.4131580233672345,2.410968607085807,2.2267073550408427,2.607150907844738,2.2787854364199744,2.548619954592036
men,2.5,expectancy,90,1 Functional,s1,1.9219336100262994,1.9201960030679754,1.7485620270213509,2.1035722679026017,1.7967637420572902,2.0484082849855567
men,2.5,expectancy,92,1 Functional,s1,1.5055299793213015,1.5030096549899863,1.3463799284707936,1.6730875224151989,1.3900796192329978,1.6228962130405018
men,2.5,expectancy,94,1 Functional,s1,1.159358086092207,1.156713091959534,1.0156524474887554,1.3118363356851135,1.0547195588094995,1.266675725515343
men,2.5,expectancy,96,1 Functional,s1,0.8775953162906057,0.8752287522686693,0.7492393004801462,1.0143954000821633,0.7851643619919267,0.9735258218316171
men,2.5,expectancy,98,1 Functional,s1,0.6534829051224578,0.6513246364093677,0.5411437874024314,0.7754762549137054,0.5722251516494864,0.7379019873922971
men,2.5,expectancy,100,1 Functional,s1,0.4796619219609808,0.47795681030245113,0.3832527930287267,0.586230205296783,0.40980999015308744,0.5534374183051103
men,2.5,expectancy,102,1 Functional,s1,0.348557326573733,0.3469127905952667,0.2665163071354955,0.4406946711186537,0.28906331144959213,0.41276477020860947
men,2.5,expectancy,104,1 Functional,s1,0.2529251804507071,0.25074182875688433,0.1839308448233913,0.3324946915798927,0.20223466110035762,0.3084530362012757
men,2.5,expectancy,106,1 Functional,s1,0.18710204759673027,0.18460156674442307,0.12780734045757505,0.2617111289240979,0.14245307392201442,0.23722793042137827
men,2.5,expectancy,108,1 Functional,s1,0.15176998296000718,0.1478942250395399,0.09493165046675668,0.23200175080307622,0.10826781692869532,0.2027276202812133
men,2.5,expectancy,110,1 Functional,s1,0.17899099172398866,0.17286972329195746,0.10429311955145681,0.2897631826755248,0.12149152417071496,0.2472348716626915
men,2.5,expectancy,50,2 Physical only,s1,3.2974064703914863,3.296157895176992,3.184215217381421,3.4122340869168353,3.21687772639367,3.3817271393309922
men,2.5,expectancy,52,2 Physical only,s1,3.2887051774839446,3.287257508058723,3.177856012070831,3.401538307337967,3.2073844189141485,3.3711536737306926
men,2.5,expectancy,54,2 Physical only,s1,3.2127860464554834,3.211952861314664,3.1052597063595178,3.3228511544477177,3.133900761489886,3.293073690356752
men,2.5,expectancy,56,2 Physical only,s1,3.106372614496071,3.1058380281858042,2.9991372140434693,3.215438071418733,3.029025040639522,3.1850008048666063
men,2.5,expectancy,58,2 Physical only,s1,2.9879275056886736,2.9877819245929604,2.880579190717297,3.0976058798455957,2.9103893555335105,3.0670971510770255
men,2.5,expectancy,60,2 Physical only,s1,2.8663675483534448,2.866053638430918,2.755309609881693,2.9787424492466803,2.7878344817626606,2.9468880167153375
men,2.5,expectancy,62,2 Physical only,s1,2.745684772205836,2.7449841419539265,2.629858232146741,2.8615156858601067,2.664351445001361,2.8289313962057303
men,2.5,expectancy,64,2 Physical only,s1,2.6274002304284476,2.626532909260074,2.5070654519037627,2.747166944349948,2.5427437919345954,2.7142112047566958
men,2.5,expectancy,66,2 Physical only,s1,2.511853022647463,2.5105248594365737,2.387371299512608,2.6360694536330436,2.42376408077897,2.6012205376122677
men,2.5,expectancy,68,2 Physical only,s1,2.398865066034141,2.3977781006533343,2.269981237695534,2.5283522768241804,2.30755050712022,2.492294703778415
men,2.5,expectancy,70,2 Physical only,s1,2.288076157012764,2.2868251825762185,2.155216283088509,2.423024158830191,2.1942964867354515,2.3846460084923207
men,2.5,expectancy,72,2 Physical only,s1,2.1791083447049004,2.177752261578647,2.0420027341877467,2.3192801530330085,2.0820532200143993,2.2787698557363387
men,2.5,expectancy,74,2 Physical only,s1,2.0716437550576132,2.070128039818658,1.9317875151634627,2.2161241776311007,1.9719001579131523,2.1735609253877244
men,2.5,expectancy,76,2 Physical only,s1,1.9654591482603174,1.9632829850016282,1.8245123312131488,2.113852604917011,1.8632840738937146,2.0695988942473504
men,2.5,expectancy,78,2 Physical only,s1,1.8604385877547023,1.8581458506037878,1.7169077713999097,2.0129966834157815,1.7559576509752055,1.9679420200399975
men,2.5,expectancy,80,2 Physical only,s1,1.7565740381554387,1.7539573911554005,1.6099853834066715,1.9143062229037506,1.6499439597147922,1.8661808718159572
men,2.5,expectancy,82,2 Physical only,s1,1.6539577049318257,1.6509716813352038,1.504361800429985,1.8154486220320483,1.5445132498558587,1.7669378171855896
men,2.5,expectancy,84,2 Physical only,s1,1.5527670093201205,1.549824739814065,1.4025447576298566,1.7188438988368016,1.4419397607980073,1.6689316427354535
men,2.5,expectancy,86,2 Physical only,s1,1.453242217972065,1.4503239359186801,1.300204544758639,1.622791157832706,1.3403112645405273,1.57260773759572
men,2.5,expectancy,88,2 Physical only,s1,1.3556577212747287,1.3524767096075971,1.1995296978542085,1.528417824880157,1.2395309842418432,1.4782947140418201
men,2.5,expectancy,90,2 Physical only,s1,1.260290838080376,1.2565924992444144,1.1011687538461412,1.43594270532143,1.1420895011296825,1.3866219699331424
men,2.5,expectancy,92,2 Physical only,s1,1.1673963532880345,1.1628303987915838,1.004985697051025,1.3463541651981372,1.047066754136835,1.295117188246802
men,2.5,expectancy,94,2 Physical only,s1,1.077198940706028,1.071873003042125,0.9120714750499409,1.2629970659139695,0.9544204167392959,1.207986230709208
men,2.5,expectancy,96,2 Physical only,s1,0.9899161314370036,0.9853098602501186,0.8212258154761722,1.1821949561102176,0.864665525480519,1.1226732790695397
men,2.5,expectancy,98,2 Physical only,s1,0.9058209752012636,0.9007454493584204,0.733547314091012,1.105348737683302,0.7771910901871669,1.0428726590775148
men,2.5,expectancy,100,2 Physical only,s1,0.8253602595808326,0.8195262562457368,0.6500305180378159,1.034639898747317,0.6937319352295066,0.9663662304528104
men,2.5,expectancy,102,2 Physical only,s1,0.7494262721561114,0.7432325733410348,0.566849203836636,0.9679383677067512,0.612529493277087,0.8965137149512276
men,2.5,expectancy,104,2 Physical only,s1,0.6802978516209263,0.6739256863665941,0.4895503595509082,0.9098017576647156,0.5373372221855501,0.8356063874398412
men,2.5,expectancy,106,2 Physical only,s1,0.6257562611021049,0.6187286706889319,0.41995847042818263,0.8750850748213732,0.47208030071115925,0.7949993433601351
men,2.5,expectancy,108,2 Physical only,s1,0.6194747394019785,0.6098146249377451,0.3817424935318637,0.9107647171414929,0.4406673949387921,0.814811377512393
men,2.5,expectancy,110,2 Physical only,s1,0.8357190113496822,0.8260391014804298,0.46363234808687126,1.2597429826434592,0.5585063032421597,1.129798420553664
men,2.5,expectancy,50,3 Cognitive only,s1,0.5360473020383603,0.5350905913826246,0.4929290889769089,0.5824994730873235,0.5047707714068141,0.5689829629966735
men,2.5,expectancy,52,3 Cognitive only,s1,0.5387929015951332,0.5376937524836396,0.49547167649705587,0.5854526961782812,0.5071669698734044,0.5721299038909751
men,2.5,expectancy,54,3 Cognitive only,s1,0.537267387561602,0.5362645237759806,0.4938518611929773,0.584920531883075,0.505194983850493,0.5712897940865808
men,2.5,expectancy,56,3 Cognitive only,s1,0.5342018205582209,0.5332328154608145,0.48982695002730203,0.583286482136144,0.5017852493791605,0.5687925245978649
men,2.5,expectancy,58,3 Cognitive only,s1,0.5302387379748064,0.5291723725900189,0.48477028926769233,0.5803265400527035,0.49717530310891256,0.5652024100140421
men,2.5,expectancy,60,3 Cognitive only,s1,0.5255623167706586,0.52449608412824,0.4786526331954477,0.577069966148084,0.4913910068109666,0.5612028822158156
men,2.5,expectancy,62,3 Cognitive only,s1,0.5201936258040383,0.5191514318983868,0.47171037003209676,0.5732564684792021,0.4847790281709411,0.5571596777771644
men,2.5,expectancy,64,3 Cognitive only,s1,0.514083746735625,0.5128931368568159,0.46394175499175533,0.5688306394610754,0.4777103988320855,0.5521396270045293
men,2.5,expectancy,66,3 Cognitive only,s1,0.5071535523401309,0.506017099483289,0.4556487985801292,0.5637304223750887,0.4694977888077941,0.5465809423639144
men,2.5,expectancy,68,3 Cognitive only,s1,0.49931345430149526,0.4982934847720988,0.44626527339760624,0.558113826150004,0.4604001029931002,0.5402447375599555
men,2.5,expectancy,70,3 Cognitive only,s1,0.4904747011660892,0.4894279429182966,0.4357849170529189,0.5513037869544062,0.45040721826166197,0.5325521878228462
men,2.5,expectancy,72,3 Cognitive only,s1,0.4805571863309605,0.47937102775363977,0.42416382760912,0.5432592239272185,0.4392802171760605,0.524108659870652
men,2.5,expectancy,74,3 Cognitive only,s1,0.46949596578952835,0.4682021043291694,0.41126877611179435,0.5345061015773988,0.42670416685730467,0.5146968077552009
men,2.5,expectancy,76,3 Cognitive only,s1,0.4572473528107984,0.4559996935600196,0.3972864736614448,0.5248283670216725,0.4133938797598747,0.50381167951163075
men,2.5,expectancy,78,3 Cognitive only,s1,0.44379476823009456,0.4422332343988168,0.38224312551499673,0.5138590721505734,0.3982726932463241,0.4917639501127865
men,2.5,expectancy,80,3 Cognitive only,s1,0.4291541706534535,0.4275235567491503,0.3657750854861218,0.5020702059261046,0.38224709469387524,0.47937055719874494
men,2.5,expectancy,82,3 Cognitive only,s1,0.41337875883789194,0.41166665824496584,0.3477094609855911,0.4893287375157138,0.3647624598236146,0.46545111564587693
men,2.5,expectancy,84,3 Cognitive only,s1,0.39656272564725376,0.3947168653642981,0.32810804640009583,0.47551820592751126,0.3460771366638287,0.4507328436608363
men,2.5,expectancy,86,3 Cognitive only,s1,0.3788442107277835,0.37676809195994276,0.30797011687303427,0.4603203061477339,0.3265568614979914,0.4355850586115329
men,2.5,expectancy,88,3 Cognitive only,s1,0.3604083206951862,0.35797782502402675,0.2870550029997447,0.445776945158068,0.30678040197287126,0.41956514320631816
men,2.5,expectancy,90,3 Cognitive only,s1,0.34149214909345055,0.33875185615670567,0.26573573546582174,0.43209216095423614,0.2855025232152141,0.403358281238517
men,2.5,expectancy,92,3 Cognitive only,s1,0.32239489173836094,0.31900194692634254,0.24491908721464034,0.41900113552402946,0.26392777142819684,0.388030174176448
men,2.5,expectancy,94,3 Cognitive only,s1,0.30349684926495857,0.2994213592691253,0.22309183413216574,0.40735716142657624,0.2418004049871846,0.37340283404538677
men,2.5,expectancy,96,3 Cognitive only,s1,0.2852907151722476,0.27990977404919115,0.2011142732597208,0.39877254834645653,0.219891299923014,0.36086400727752393
men,2.5,expectancy,98,3 Cognitive only,s1,0.2684277273637228,0.261391738017237,0.17926173524646738,0.39582404844321434,0.1987303163817548,0.35105434220423165
men,2.5,expectancy,100,3 Cognitive only,s1,0.25378602076802365,0.2444548473663597,0.15866702473647973,0.3990507065858695,0.17828131921637586,0.3465042481719879
men,2.5,expectancy,102,3 Cognitive only,s1,0.24260372668622787,0.22975237199081516,0.1394185102821571,0.41757607297793514,0.15953266608296443,0.34950371998802193
men,2.5,expectancy,104,3 Cognitive only,s1,0.23689117035192878,0.21869361743061433,0.12222862333893054,0.45362404585219435,0.1423974907159938,0.36404806478533636
men,2.5,expectancy,106,3 Cognitive only,s1,0.24117690995768554,0.2149074643010324,0.1077589756869562,0.5249416779331182,0.1293695853931001,0.40095909463088686
men,2.5,expectancy,108,3 Cognitive only,s1,0.27112170615948394,0.23096992191652058,0.1025046417562354,0.6755557195103713,0.12681426880138896,0.4902235305488287
men,2.5,expectancy,110,3 Cognitive only,s1,0.4007277492881983,0.3379455072131569,0.13689720550651788,1.0314740987481434,0.17610127345565726,0.7445636086541082
men,2.5,expectancy,50,4 Both,s1,0.6244429498305549,0.6238751268024323,0.5748263098391793,0.679089069974149,0.5885100558432315,0.6624370164641236
men,2.5,expectancy,52,4 Both,s1,0.6301940677527652,0.6296463879215273,0.5795032755728519,0.6853946674887735,0.593879725079178,0.6685642248554844
men,2.5,expectancy,54,4 Both,s1,0.6335434002758925,0.6328221229602002,0.5817330536386518,0.689661720753168,0.5965190813108131,0.6725747438191011
men,2.5,expectancy,56,4 Both,s1,0.6348179724324816,0.634069271966676,0.5818918727692128,0.6919116630856832,0.5969647900507076,0.674736312657721
men,2.5,expectancy,58,4 Both,s1,0.6345952787393696,0.6336879005068504,0.580463330237786,0.6930863267361611,0.5955157441178169,0.675661726118282
men,2.5,expectancy,60,4 Both,s1,0.6333092806147359,0.6323743051786479,0.5779396928978778,0.6940613021132427,0.5929256974915106,0.6755509964339803
men,2.5,expectancy,62,4 Both,s1,0.6312469517794829,0.6302583093667016,0.5739939290218966,0.6934542361853095,0.5894674526775444,0.6750535960755278
men,2.5,expectancy,64,4 Both,s1,0.6285861658634468,0.627471736206903,0.5692435045627604,0.6934256040824923,0.5851472039899281,0.6737839598173796
men,2.5,expectancy,66,4 Both,s1,0.6254325036551831,0.62418307271277,0.5639461762934148,0.6925878604528398,0.5802603069953006,0.6720066049624746
men,2.5,expectancy,68,4 Both,s1,0.6218492972852189,0.6205877569798259,0.5581566662406743,0.6914089052241583,0.5750562870408628,0.6702645288495181
men,2.5,expectancy,70,4 Both,s1,0.6178813721728659,0.616574468530789,0.5518376697039277,0.6903455039870818,0.569542333006155,0.6681436173848414
men,2.5,expectancy,72,4 Both,s1,0.6135739547534215,0.6121855524888828,0.5457379238951151,0.6887061088336224,0.563455875634712,0.6659682174293378
men,2.5,expectancy,74,4 Both,s1,0.6089879650408843,0.6074479988083572,0.538387645910204,0.6871638308148448,0.5566397865193947,0.6634117948348182
men,2.5,expectancy,76,4 Both,s1,0.6042122990502398,0.6025636213258824,0.5316228235189344,0.6856540154269648,0.5496270072626835,0.6608717186239547
men,2.5,expectancy,78,4 Both,s1,0.5993730229574608,0.5975314745950384,0.5231042581563267,0.6840381746251089,0.5426558576899687,0.6591993903158941
men,2.5,expectancy,80,4 Both,s1,0.5946387733678503,0.592763675228204,0.515303679407421,0.6823498202718365,0.5353147111914891,0.6571916828156441
men,2.5,expectancy,82,4 Both,s1,0.590221154796135,0.5881332383236029,0.5077419495046851,0.6823709890142791,0.5280250680499771,0.6556118875725968
men,2.5,expectancy,84,4 Both,s1,0.5863686151843638,0.5840607670256053,0.4999162562546359,0.6833802875468495,0.5216046928775498,0.6552138536796202
men,2.5,expectancy,86,4 Both,s1,0.5833522885412836,0.5808208807440624,0.49218517510882426,0.686170775761735,0.5151787770821782,0.6556311428360456
men,2.5,expectancy,88,4 Both,s1,0.5814428765862143,0.5786607091790157,0.48543512018169044,0.6901098357029503,0.5103023640535959,0.6581025164421193
men,2.5,expectancy,90,4 Both,s1,0.5808792461115194,0.5781047907750192,0.4795339032591927,0.6964572490982783,0.5054273536274693,0.6621152526698777
men,2.5,expectancy,92,4 Both,s1,0.5818326233443587,0.5785464405936463,0.4739235568491986,0.7059656152521548,0.5008464473850244,0.668784141037417
men,2.5,expectancy,94,4 Both,s1,0.5843754331655113,0.5806744037298757,0.47003918664622163,0.7180466045037545,0.49803342282130614,0.6776956244085126
men,2.5,expectancy,96,4 Both,s1,0.5884706123480292,0.5843738447129966,0.467317895244019,0.7320703306079434,0.49581709969827176,0.6893387068489987
men,2.5,expectancy,98,4 Both,s1,0.5940056304899956,0.589684294399034,0.46380241313248716,0.7485822955943872,0.4943744132647469,0.7017975758754408
men,2.5,expectancy,100,4 Both,s1,0.6009153593815002,0.5958012456891073,0.4614917300043445,0.7673453504410751,0.4940488745631206,0.7157379558489672
men,2.5,expectancy,102,4 Both,s1,0.6095322775357377,0.604696037308407,0.4583465790959055,0.7880106988772355,0.4948471216692857,0.7330532901707335
men,2.5,expectancy,104,4 Both,s1,0.6217801433191004,0.6167506631131198,0.4556636725358159,0.8141905650820849,0.49827495187257925,0.7560342084288665
men,2.5,expectancy,106,4 Both,s1,0.6462455639090413,0.6412675422250731,0.4634627643499412,0.8573987503494827,0.5100048876602515,0.7928543708938045
men,2.5,expectancy,108,4 Both,s1,0.7233301850240653,0.7192488141868437,0.5068469689262621,0.9720676950876161,0.5613448752528208,0.8947074329639525
men,2.5,expectancy,110,4 Both,s1,1.0672790897873565,1.0638881138469745,0.7295690205810454,1.4289990418340455,0.8193019982050972,1.3222607197240999
men,2.5,expectancy,50,1 Functional,s2,18.28768059539345,18.294106846142395,17.462104000293756,19.072013518421898,17.715796391768144,18.852105498030006
men,2.5,expectancy,52,1 Functional,s2,19.066817654290077,19.06796327856472,18.44159801810819,19.661022995419376,18.61941036165488,19.49790818233334
men,2.5,expectancy,54,1 Functional,s2,18.943067722368585,18.946385935574344,18.471421939392837,19.387027623756588,18.614266980875826,19.263585955125595
men,2.5,expectancy,56,1 Functional,s2,18.28199662265894,18.28585958880199,17.926431619153693,18.620512486031213,18.033104499347424,18.5252473487293
men,2.5,expectancy,58,1 Functional,s2,17.321536108863068,17.323396831517464,17.039122358617572,17.592564507845875,17.12188461040675,17.51701115592978
men,2.5,expectancy,60,1 Functional,s2,16.203863197107456,16.203571755280944,15.954968994701813,16.44495369145205,16.02760527328644,16.376656127923532
men,2.5,expectancy,62,1 Functional,s2,15.01115377142033,15.010663018801157,14.77594685943074,15.242340504000449,14.842893575132459,15.177820689989025
men,2.5,expectancy,64,1 Functional,s2,13.791038170308818,13.79138074885607,13.558969124912581,14.02359256175159,13.622149777698294,13.957344816571876
men,2.5,expectancy,66,1 Functional,s2,12.572136396301117,12.571430266106034,12.33520030949603,12.808095721258683,12.402004491987308,12.742777994032293
men,2.5,expectancy,68,1 Functional,s2,11.37285878435314,11.371829400388457,11.13467442767506,11.61117762927419,11.202045676960324,11.54604600388322
men,2.5,expectancy,70,1 Functional,s2,10.206180803890966,10.205005299063023,9.966978579654176,10.449836232588048,10.035354965805746,10.377598500427204
men,2.5,expectancy,72,1 Functional,s2,9.082147853448678,9.080966269558925,8.842727087373367,9.32629627797366,8.910424082419997,9.25450831420488
men,2.5,expectancy,74,1 Functional,s2,8.009131792841448,8.008548900737496,7.771968590097185,8.251125213972383,7.839233201418976,8.180099866141257
men,2.5,expectancy,76,1 Functional,s2,6.994403480568355,6.994074275818191,6.7601402276931335,7.2338785189985275,6.827047884429823,7.164451287219756
men,2.5,expectancy,78,1 Functional,s2,6.044326486373636,6.042890579370013,5.813142780365342,6.279239591923744,5.879524224359388,6.2120832468179525
men,2.5,expectancy,80,1 Functional,s2,5.164338879232017,5.163181465173106,4.93973338880986,5.393130714451152,5.00326549718105,5.327947603614683
men,2.5,expectancy,82,1 Functional,s2,4.358820032612527,4.357655640521358,4.1418685366242185,4.582061092953703,4.2043474731616,4.517484111981368
men,2.5,expectancy,84,1 Functional,s2,3.6309063043737186,3.629776924968379,3.421582972023873,3.847747321199544,3.4818170008191194,3.781973625158171
men,2.5,expectancy,86,1 Functional,s2,2.982305022079762,2.9805645281330557,2.7839207320790473,3.1877577754508066,2.840760268585665,3.1257640008607463
men,2.5,expectancy,88,1 Functional,s2,2.4131493726303814,2.410959183131343,2.2267009676633602,2.607139322934041,2.278776593897023,2.548611504187833
men,2.5,expectancy,90,1 Functional,s2,1.9219301223712388,1.9201928890675344,1.7485588055181311,2.1035685462620726,1.79676122319619,2.048404425355115
men,2.5,expectancy,92,1 Functional,s2,1.505528618205853,1.503008088612733,1.3463785233903895,1.6730858213090836,1.3900782014960673,1.6228951167425023
men,2.5,expectancy,94,1 Functional,s2,1.1593575728245118,1.1567126295796086,1.01565197960228,1.3118359506997306,1.0547187325649443,1.2666751967613388
men,2.5,expectancy,96,1 Functional,s2,0.8775951297171781,0.8752285580308038,0.7492390243721077,1.0143952562924272,0.785164118886024,0.9735256034496205
men,2.5,expectancy,98,1 Functional,s2,0.6534828399057978,0.6513245621508319,0.5411437426841528,0.7754761735572823,0.57222511899509,0.7379018907613089
men,2.5,expectancy,100,1 Functional,s2,0.47966190005140147,0.4779567528098713,0.3832527720316668,0.5862301964613368,0.40980996030357364,0.5534374072892358
men,2.5,expectancy,102,1 Functional,s2,0.3485573194488496,0.34691278579269647,0.2665162953806941,0.4406946670648684,0.28906330635232,0.412764761512139
men,2.5,expectancy,104,1 Functional,s2,0.25292517813945953,0.2507418288761804,0.1839308341345919,0.33249469086791633,0.20223465948039399,0.3084530311929186
men,2.5,expectancy,106,1 Functional,s2,0.18710204678315767,0.18460156639842595,0.12780733999558466,0.26171112601990537,0.14245307283674502,0.2372279298319478
men,2.5,expectancy,108,1 Functional,s2,0.1517699825930526,0.1478942249411324,0.09493165056989229,0.23200175027014855,0.10826781714790897,0.2027276193119811
men,2.5,expectancy,110,1 Functional,s2,0.17899099147031847,0.17286972323551292,0.10429311943409654,0.2897631823751195,0.1214915240317387,0.2472348715242609
men,2.5,expectancy,50,2 Physical only,s2,5.926782450627193,5.9209442011668045,5.616136899892545,6.26296780556314,5.696477516411859,6.167745394784139
men,2.5,expectancy,52,2 Physical only,s2,4.658684500275452,4.65355752158583,4.39674804399526,4.94611025440343,4.465617744028851,4.864949320713085
men,2.5,expectancy,54,2 Physical only,s2,3.912824555425864,3.909413383597048,3.7166497367644395,4.12971900390417,3.7691001008768463,4.063353893312621
men,2.5,expectancy,56,2 Physical only,s2,3.4585476223242173,3.4563667726303677,3.30902190759876,3.6182163883788148,3.3523687981771766,3.568500437319856
men,2.5,expectancy,58,2 Physical only,s2,3.162905000087201,3.162916412854162,3.0379001171316573,3.2908015200113105,3.07437096566807,3.2518607682516216
men,2.5,expectancy,60,2 Physical only,s2,2.952426410324367,2.95286246652867,2.8376738316251395,3.0714137935159354,2.870370721247425,3.035293716041477
men,2.5,expectancy,62,2 Physical only,s2,2.78765176931854,2.787568023277723,2.6708094070146533,2.906452663805413,2.7051029045004014,2.8707686414830853
men,2.5,expectancy,64,2 Physical only,s2,2.6477143876072233,2.6469930130757477,2.525843439757604,2.7673417671554272,2.5630897563131096,2.7340462184534884
men,2.5,expectancy,66,2 Physical only,s2,2.5216202902492224,2.520593255196319,2.396592127967177,2.6454955047114663,2.4338130230650132,2.610767590659488
men,2.5,expectancy,68,2 Physical only,s2,2.403531805241384,2.402411719644504,2.2745331552549057,2.5325499377449696,2.3124408339109177,2.49660251873522
men,2.5,expectancy,70,2 Physical only,s2,2.2902925093089923,2.2890165538004674,2.15737563863685,2.4250082121941983,2.19667653068621,2.386709262602096
men,2.5,expectancy,72,2 Physical only,s2,2.1801549036257506,2.1787634182522457,2.043032515085457,2.3202524191339657,2.083069567739759,2.279721923617374
men,2.5,expectancy,74,2 Physical only,s2,2.072135286270228,2.070669471562787,1.9324153307545646,2.2165648017091684,1.972370187610235,2.1740215238622365
men,2.5,expectancy,76,2 Physical only,s2,1.9656888897971754,1.9635122255088469,1.824751031706527,2.1140730165541926,1.8634731563884734,2.06981712048791
men,2.5,expectancy,78,2 Physical only,s2,1.8605455258377634,1.8582450171971683,1.716987143487939,2.013125602665992,1.7560445220528358,1.9680877750269659
men,2.5,expectancy,80,2 Physical only,s2,1.7566236458897182,1.7540029838843734,1.6100448773996405,1.9143585604597864,1.6500206654196103,1.8662424864208051
men,2.5,expectancy,82,2 Physical only,s2,1.6539806539205453,1.6509960646506006,1.504382225591921,1.815465662156273,1.5445383254579865,1.7669527990216334
men,2.5,expectancy,84,2 Physical only,s2,1.552777601194123,1.5498326715742947,1.4025529974569935,1.718857968983293,1.4419495142370164,1.6689457957985405
men,2.5,expectancy,86,2 Physical only,s2,1.4532470973083382,1.450328512690449,1.3002093262914765,1.6227949132442938,1.3403133634693019,1.5726107716191258
men,2.5,expectancy,88,2 Physical only,s2,1.3556599665784448,1.352478945416673,1.1995319345462385,1.5284199266698357,1.2395334124863544,1.4782968322862027
men,2.5,expectancy,90,2 Physical only,s2,1.2602918720225325,1.2565931175216263,1.1011696403096893,1.435943567273393,1.1420903697057283,1.3866246016005572
men,2.5,expectancy,92,2 Physical only,s2,1.1673968313711058,1.1628311497724468,1.0049861125388373,1.3463550434653957,1.0470670292943824,1.2951179097627552
men,2.5,expectancy,94,2 Physical only,s2,1.077199163854964,1.071873311769539,0.9120716214598795,1.2629975043145814,0.9544204023485019,1.2079864122448427
men,2.5,expectancy,96,2 Physical only,s2,0.9899162372922412,0.98530996776291,0.8212258385155614,1.1821951860848445,0.8646655660182024,1.1226733888623301
men,2.5,expectancy,98,2 Physical only,s2,0.9058210265945831,0.9007455074451522,0.7335473710862492,1.105348767734598,0.7771911891376269,1.0428726847387608
men,2.5,expectancy,100,2 Physical only,s2,0.825360285261256,0.8195262902190358,0.6500305569963323,1.0346399281020398,0.6937319858609501,0.9663662643966383
men,2.5,expectancy,102,2 Physical only,s2,0.7494262854008912,0.7432325755383821,0.5668492132580554,0.9679383967812188,0.6125294984697726,0.8965137410360984
men,2.5,expectancy,104,2 Physical only,s2,0.6802978586729849,0.6739256883206559,0.4895503716036633,0.909801766761701,0.5373372248410938,0.8356063949857349
men,2.5,expectancy,106,2 Physical only,s2,0.6257562649862068,0.6187286716250522,0.41995847921740515,0.8750850773908008,0.4720803118226268,0.7949993466066846
men,2.5,expectancy,108,2 Physical only,s2,0.6194747417335074,0.6098146257907473,0.3817424935748184,0.9107647194044781,0.44066739476447125,0.8148113789950516
men,2.5,expectancy,110,2 Physical only,s2,0.8357190136763888,0.8260391026379942,0.4636323500351464,1.2597429883626177,0.5585063028021767,1.1297984217926285
men,2.5,expectancy,50,3 Cognitive only,s2,0.5248501141814662,0.5233200055912123,0.4679568566847768,0.5901997620205319,0.4827292067399956,0.570416907017432
men,2.5,expectancy,52,3 Cognitive only,s2,0.5445879806956789,0.5434223721352944,0.49090133812181935,0.6046648391784479,0.5055696573063105,0.5863338122431254
men,2.5,expectancy,54,3 Cognitive only,s2,0.5422349477845535,0.5413190785669799,0.49463284511184846,0.5936371114309639,0.507971185408295,0.5784818225031101
men,2.5,expectancy,56,3 Cognitive only,s2,0.5366516060008996,0.5355207986173325,0.4909372387380292,0.5856719716743384,0.5035426311555585,0.572024410333983
men,2.5,expectancy,58,3 Cognitive only,s2,0.5310459380298799,0.530084035920449,0.48540020780521637,0.5810920630727225,0.4976957015250046,0.5666781951520984
men,2.5,expectancy,60,3 Cognitive only,s2,0.525575862752162,0.5244718922443927,0.47871631499759465,0.5772273192019303,0.4914667255513941,0.5612365445345489
men,2.5,expectancy,62,3 Cognitive only,s2,0.519912934902624,0.518877662058405,0.47144629126241916,0.5728483116406771,0.48447807534779813,0.5566819174092874
men,2.5,expectancy,64,3 Cognitive only,s2,0.5137497855610412,0.5126374232835291,0.4636377819014109,0.5684282163043364,0.4774778375636232,0.5517369775241778
men,2.5,expectancy,66,3 Cognitive only,s2,0.5068625992353725,0.5057531225062669,0.45539570645713257,0.5633844688239942,0.4691906654301755,0.54628314887716
men,2.5,expectancy,68,3 Cognitive only,s2,0.4990915343815679,0.49807802255814876,0.4460561535747728,0.5578727031035254,0.4602551380761072,0.5400669787823069
men,2.5,expectancy,70,3 Cognitive only,s2,0.4903181830854398,0.4892764025491398,0.4356065401490611,0.5511160738679337,0.4502796152101137,0.5323573674247777
men,2.5,expectancy,72,3 Cognitive only,s2,0.4804526893998265,0.47926955942384675,0.4240783401275461,0.543166286182771,0.43919739246466516,0.523999968834671
men,2.5,expectancy,74,3 Cognitive only,s2,0.4694291429661382,0.46813876486630024,0.41121524305160706,0.5344043180423087,0.42665137225968564,0.514630377320947
men,2.5,expectancy,76,3 Cognitive only,s2,0.45720615567481376,0.45595507536144925,0.3972589735897646,0.524766917431034,0.41336381000453903,0.5037423212917771
men,2.5,expectancy,78,3 Cognitive only,s2,0.44377018385179706,0.4422067967383777,0.38222224347483197,0.5138328058577141,0.39825827093456356,0.49173295885601853
men,2.5,expectancy,80,3 Cognitive only,s2,0.42913993145200136,0.4275093895647263,0.36576241819807914,0.5020552138808677,0.3822396701594426,0.47935680724401186
men,2.5,expectancy,82,3 Cognitive only,s2,0.4133707367502556,0.41165894775696177,0.3477030036608902,0.4893199100902569,0.3647551230416958,0.4654439855444005
men,2.5,expectancy,84,3 Cognitive only,s2,0.39655832078411757,0.3947126114725188,0.32810434410587286,0.47551355715269095,0.3460734800815,0.45072456609858635
men,2.5,expectancy,86,3 Cognitive only,s2,0.37884184854346425,0.37676580357516243,0.30796851927609625,0.46031646888177585,0.32655417593199676,0.43558308179121386
men,2.5,expectancy,88,3 Cognitive only,s2,0.36040708071761873,0.35797658522094283,0.28705422302707967,0.44577559459181804,0.30677939003209653,0.4195635828563535
men,2.5,expectancy,90,3 Cognitive only,s2,0.3414915102935855,0.33875129193537035,0.2657351496949573,0.4320909587405445,0.2855020089405889,0.4033574996927798
men,2.5,expectancy,92,3 Cognitive only,s2,0.32239456774157627,0.31900156947007274,0.24491882762556494,0.4190005471145309,0.2639274249620641,0.3880298675787436
men,2.5,expectancy,94,3 Cognitive only,s2,0.30349668681318165,0.2994212142439707,0.2230917427656146,0.4073568651292982,0.24180027416033775,0.37340265270758694
men,2.5,expectancy,96,3 Cognitive only,s2,0.28529063418616213,0.2799096789028734,0.20111422785855457,0.3987724337909489,0.2198912490692326,0.3608639171798768
men,2.5,expectancy,98,3 Cognitive only,s2,0.2684276868776952,0.26139169520679734,0.17926170263908428,0.39582395721038544,0.1987302805225286,0.3510543029787256
men,2.5,expectancy,100,3 Cognitive only,s2,0.25378600020798797,0.24445482380563657,0.15866701373657524,0.3990506635897469,0.17828131090022628,0.34650420669357807
men,2.5,expectancy,102,3 Cognitive only,s2,0.24260371587943202,0.22975235238431438,0.13941850360939154,0.4175760630297675,0.1595326652121641,0.34950371012633796
men,2.5,expectancy,104,3 Cognitive only,s2,0.2368911643306534,0.21869361129521628,0.12222862148927871,0.4536240296213448,0.14239748902981908,0.36404806064423806
men,2.5,expectancy,106,3 Cognitive only,s2,0.24117690630671143,0.21490746328017762,0.10775897479700262,0.5249416359373278,0.12936958419950986,0.40095907430011224
men,2.5,expectancy,108,3 Cognitive only,s2,0.27112170364145305,0.23096991911657463,0.10250464150357806,0.6755557065682672,0.1268142681831202,0.49022352943628733
men,2.5,expectancy,110,3 Cognitive only,s2,0.40072774694836455,0.33794550616326235,0.13689720517753606,1.0314740932096653,0.17610127329805023,0.7445636077995538
men,2.5,expectancy,50,4 Both,s2,0.6696318104423741,0.6681601880437863,0.605840153084787,0.7431946749238689,0.6220927993568034,0.7205241435777789
men,2.5,expectancy,52,4 Both,s2,0.6936423847950193,0.6922878554000551,0.630868618457914,0.7642905446925559,0.647810663745751,0.7418780958827788
men,2.5,expectancy,54,4 Both,s2,0.685912130124727,0.6851221299247596,0.6281066239127865,0.7497404182863519,0.6432989392859925,0.7300979382470623
men,2.5,expectancy,56,4 Both,s2,0.6717324964071223,0.6710420458483767,0.6163195887297253,0.7324123764606661,0.6313914049610111,0.713665412825999
men,2.5,expectancy,58,4 Both,s2,0.6587173150035659,0.6579872554619228,0.603649253336316,0.7183854194444548,0.6188476728107162,0.7002332939512977
men,2.5,expectancy,60,4 Both,s2,0.6483683956292219,0.6476057513130017,0.5924467484435219,0.7088411322053072,0.6078720254605335,0.6906265726404094
men,2.5,expectancy,62,4 Both,s2,0.6403489232938366,0.6393655932334363,0.5833703903161812,0.7029131149186781,0.5982930990897017,0.6839812579576049
men,2.5,expectancy,64,4 Both,s2,0.6339458592835279,0.632824059792081,0.5745857081426424,0.6987726704476702,0.5905800611614125,0.6792513187998769
men,2.5,expectancy,66,4 Both,s2,0.628515873857612,0.6272739903975304,0.5669699087027023,0.6956714541356933,0.5835619374874532,0.6752202358785697
men,2.5,expectancy,68,4 Both,s2,0.6235838341055392,0.6223312424838985,0.5598816082222287,0.6932073480887248,0.57681739136933885,0.6718818523791364
men,2.5,expectancy,70,4 Both,s2,0.6188353198927476,0.6175327967118005,0.552935497670385,0.6912343721197836,0.5704864199357641,0.6690748925400452
men,2.5,expectancy,72,4 Both,s2,0.6140864303190188,0.6127155243455746,0.5461395411985259,0.6893139639603664,0.5639600159668752,0.6665889403519293
men,2.5,expectancy,74,4 Both,s2,0.6092565540075929,0.6077119727992013,0.5385638847357712,0.6874053604112611,0.5568871024725751,0.6636706940304685
men,2.5,expectancy,76,4 Both,s2,0.6043494327624838,0.6027062569136885,0.5317415268632295,0.6858016108869877,0.5497357098416341,0.6610092793930528
men,2.5,expectancy,78,4 Both,s2,0.5994411286536239,0.5975896364454439,0.5231785555140627,0.6841054605633938,0.5427180622364711,0.6592562545928798
men,2.5,expectancy,80,4 Both,s2,0.5946716233431782,0.5927892464659155,0.515343937697178,0.6823788057025485,0.5353411901648869,0.6572324491168706
men,2.5,expectancy,82,4 Both,s2,0.5902365182873142,0.5881582459948269,0.5077545244210219,0.6823849741612753,0.5280385071606241,0.6556298653697484
men,2.5,expectancy,84,4 Both,s2,0.5863755686679158,0.5840696990400586,0.49992469400036416,0.6833875241747138,0.521610077840548,0.6552196077538766
men,2.5,expectancy,86,4 Both,s2,0.5833553257190585,0.5808232412516848,0.49218780382361516,0.6861737664978902,0.5151812707706397,0.6556333186787641
men,2.5,expectancy,88,4 Both,s2,0.5814441509463499,0.5786611131648929,0.4854359823915102,0.690111431588732,0.5103033477560742,0.6581036241953468
men,2.5,expectancy,90,4 Both,s2,0.5808797554094419,0.5781053229818609,0.479534254330568,0.6964579468003567,0.5054282102304356,0.6621157950371125
men,2.5,expectancy,92,4 Both,s2,0.5818328139334484,0.5785466167683508,0.4739235065267913,0.7059659372070756,0.5008465849146784,0.6687844207852779
men,2.5,expectancy,94,4 Both,s2,0.5843754974295775,0.5806744835226612,0.4700392391377637,0.7180465947839086,0.49803354687548035,0.6776957861462104
men,2.5,expectancy,96,4 Both,s2,0.5884706298310393,0.5843738691568947,0.4673179171627224,0.7320704312291924,0.4958171089067079,0.6893386616638201
men,2.5,expectancy,98,4 Both,s2,0.5940056324551997,0.5896842971578505,0.46380240119501664,0.7485823320492475,0.49437440503327285,0.7017975940400948
men,2.5,expectancy,100,4 Both,s2,0.600915357281102,0.595801242970422,0.46149172599187893,0.767345351711337,0.4940488728792731,0.7157379517825833
men,2.5,expectancy,102,4 Both,s2,0.6095322750993677,0.6046960366505099,0.45834657057154626,0.7880106852343036,0.4948471189765628,0.7330532884821024
men,2.5,expectancy,104,4 Both,s2,0.6217801414744385,0.6167506600859917,0.45566367142560127,0.8141905737495733,0.4982749483841921,0.7560342099209013
men,2.5,expectancy,106,4 Both,s2,0.6462455626801882,0.6412675408831767,0.46346276368815437,0.8573987440839252,0.51000488732074,0.7928543720804551
men,2.5,expectancy,108,4 Both,s2,0.7233301842191172,0.7192488138414235,0.5068469678900898,0.9720676953100114,0.5613448718578563,0.8947074308858146
men,2.5,expectancy,110,4 Both,s2,1.0672790893444084,1.0638881136466012,0.7295690216531319,1.428999042324767,0.8193019979307868,1.3222607199768774
men,2.5,expectancy,50,1 Functional,s3,20.286384629589385,20.312496871362086,19.070524985161686,21.321316055537135,19.451575779543706,21.07675162073721
men,2.5,expectancy,52,1 Functional,s3,20.308246761919275,20.331637558706593,19.360808466450102,21.107639806044162,19.65134163935113,20.910630400452995
men,2.5,expectancy,54,1 Functional,s3,19.63859147932917,19.65450901864591,19.012790311720945,20.159629063138656,19.214647659511684,20.025758766592233
men,2.5,expectancy,56,1 Functional,s3,18.656586405482788,18.664447448225488,18.249904581610608,19.01481867727726,18.379392064410307,18.920749333540297
men,2.5,expectancy,58,1 Functional,s3,17.519780935754902,17.52338863665655,17.226773836084107,17.79536161737484,17.31034445816606,17.721870026426977
men,2.5,expectancy,60,1 Functional,s3,16.307982379930415,16.309257695766128,16.057163506315167,16.551090507753575,16.129399729566146,16.48375870567758
men,2.5,expectancy,62,1 Functional,s3,15.065661441252834,15.065066304127217,14.825772628742177,15.300556001069676,14.89346955812656,15.233083899927705
men,2.5,expectancy,64,1 Functional,s3,13.819516675348309,13.81972824296259,13.584767824158831,14.053128520764446,13.650373146076477,13.986632002670051
men,2.5,expectancy,66,1 Functional,s3,12.586972922026359,12.586632954665383,12.351094217175168,12.823817524148224,12.415734999600982,12.757548119520846
men,2.5,expectancy,68,1 Functional,s3,11.380548556915151,11.380000246997266,11.141962229876361,11.619506052822642,11.21008753183219,11.552799701609521
men,2.5,expectancy,70,1 Functional,s3,10.210133487929093,10.209096049634333,9.969099328220375,10.454347891527142,10.03929698335234,10.381797655337252
men,2.5,expectancy,72,1 Functional,s3,9.084155600624593,9.08270706579146,8.844935558320419,9.328563663279779,8.912403254774164,9.25676556007266
men,2.5,expectancy,74,1 Functional,s3,8.01013586821433,8.009500529505813,7.772871551379807,8.252600873854512,7.840309628096549,8.181425368817475
men,2.5,expectancy,76,1 Functional,s3,6.9948961336970195,6.994560953830954,6.760557869354868,7.234191519160481,6.827484193370376,7.1649551258224236
men,2.5,expectancy,78,1 Functional,s3,6.044562896849395,6.04307679728303,5.813343940581683,6.279650840864788,5.879788938671632,6.212319395578419
men,2.5,expectancy,80,1 Functional,s3,5.164449536842666,5.163318215915729,4.9398843599970785,5.393243313143335,5.003385915395261,5.328049177204683
men,2.5,expectancy,82,1 Functional,s3,4.358870446505754,4.3576951723835915,4.14192421608115,4.582133649346865,4.204417147342028,4.517518144165442
men,2.5,expectancy,84,1 Functional,s3,3.630928622444089,3.6297986043256794,3.421610992039633,3.847772297002837,3.4818310630798015,3.7819980220218437
men,2.5,expectancy,86,1 Functional,s3,2.9823146107967835,2.9805724612627955,2.7839230493523623,3.1877675882209617,2.840767069355113,3.125772344320683
men,2.5,expectancy,88,1 Functional,s3,2.4131533667939475,2.4109655064400783,2.226703465477466,2.6071452878033834,2.2787823206998565,2.5486169713343725
men,2.5,expectancy,90,1 Functional,s3,1.921931733837177,1.9201947947140827,1.748561025074623,2.10356899068571,1.7967620937851887,2.048405951518105
men,2.5,expectancy,92,1 Functional,s3,1.5055292471428618,1.50300882024197,1.3463789412040938,1.6730865728921618,1.3900789115141634,1.6228955655541282
men,2.5,expectancy,94,1 Functional,s3,1.1593578098759518,1.1567128288868576,1.0156522235610594,1.311836108819807,1.054719223627552,1.2666753374106035
men,2.5,expectancy,96,1 Functional,s3,0.8775952158112962,0.875228658277819,0.7492392223934923,1.014395260020808,0.7851642299806021,0.9735257180995321
men,2.5,expectancy,98,1 Functional,s3,0.653482869971282,0.6513246178780152,0.5411437542659696,0.7754761872217705,0.5722251370453548,0.7379019172235228
men,2.5,expectancy,100,1 Functional,s3,0.4796619101467456,0.4779567816301537,0.3832527853532035,0.5862302017662673,0.4098099740311216,0.5534374128656514
men,2.5,expectancy,102,1 Functional,s3,0.3485573227352889,0.3469127896404269,0.2665163029061722,0.44069466927948814,0.2890633090268075,0.41276476437736687
men,2.5,expectancy,104,1 Functional,s3,0.2529251792108749,0.2507418288139422,0.18393084103377108,0.3324946911241274,0.2022346603669719,0.3084530331051527
men,2.5,expectancy,106,1 Functional,s3,0.18710204716491324,0.18460156654130422,0.12780734002326927,0.26171112796977347,0.14245307355045167,0.23722793006373827
men,2.5,expectancy,108,1 Functional,s3,0.15176998276836953,0.14789422495842836,0.0949316505209886,0.23200175062058195,0.10826781709425465,0.20272761964333946
men,2.5,expectancy,110,1 Functional,s3,0.1789909915934138,0.17286972326550365,0.10429311950746072,0.28976318253092714,0.12149152407098342,0.24723487158552687
men,2.5,expectancy,50,2 Physical only,s3,3.5671654694129087,3.5414053622870063,3.203493044277732,4.06609797716946,3.2915344323293434,3.8996190769282304
men,2.5,expectancy,52,2 Physical only,s3,3.544299409252601,3.5263301425381415,3.259720051540224,3.9268286963856567,3.3258540577319953,3.8012128350533407
men,2.5,expectancy,54,2 Physical only,s3,3.3871875606692394,3.379326206981845,3.20146002220086,3.6266364832093534,3.2465582811847633,3.5433775598429635
men,2.5,expectancy,56,2 Physical only,s3,3.2111865545965146,3.2076678830173724,3.0762132786443677,3.362565209307144,3.111224918765354,3.316860473570462
men,2.5,expectancy,58,2 Physical only,s3,3.0467037865749544,3.046167527640196,2.92934521934495,3.1683263499829137,2.9617965801733006,3.132853851964325
men,2.5,expectancy,60,2 Physical only,s3,2.8979268009454966,2.8984636697234176,2.7833591719436974,3.0123526193136256,2.816679298452053,2.981100452429005
men,2.5,expectancy,62,2 Physical only,s3,2.7621325791468165,2.7614200456701266,2.6449029244571465,2.879765714552287,2.6800175373065453,2.8460751931363784
men,2.5,expectancy,64,2 Physical only,s3,2.6357863666599104,2.6347944620532977,2.5139006637094856,2.7574098184915115,2.5507779173485434,2.7229020083744486
men,2.5,expectancy,66,2 Physical only,s3,2.516056332488159,2.5147718713096436,2.3906099956584743,2.640075748157201,2.428019107976655,2.605613335487666
men,2.5,expectancy,68,2 Physical only,s3,2.4009426809104877,2.399880677867296,2.2718602036245352,2.5303003056253255,2.3096709316715285,2.4943993369786845
men,2.5,expectancy,70,2 Physical only,s3,2.2890910884365305,2.2877721959756108,2.15602563435282,2.423930520297222,2.195211662488924,2.385426975591889
men,2.5,expectancy,72,2 Physical only,s3,2.1795991843993474,2.178169165040794,2.0425981164456677,2.3197978837024813,2.082500729869993,2.279360329979164
men,2.5,expectancy,74,2 Physical only,s3,2.0718790998762215,2.0703924941509144,1.9321812469883155,2.216325792471515,1.9721787664671697,2.1738186902504784
men,2.5,expectancy,76,2 Physical only,s3,1.9655711734392247,1.963386281232566,1.8246360090834421,2.1139887436511295,1.8633427890061354,2.069691934653832
men,2.5,expectancy,78,2 Physical only,s3,1.8604915919009892,1.8581948932357952,1.716944014244884,2.0130499892374667,1.7560141896236185,1.9680302061596444
men,2.5,expectancy,80,2 Physical only,s3,1.7565989919106937,1.7539772559473081,1.6100150756048555,1.9143252688983543,1.6499735448335238,1.8662173013110155
men,2.5,expectancy,82,2 Physical only,s3,1.6539694028099465,1.6509869207341963,1.5043709213518526,1.8154618316096016,1.5445341112683832,1.7669487700529969
men,2.5,expectancy,84,2 Physical only,s3,1.5527724719595324,1.549830057293129,1.4025467803776797,1.7188528705678923,1.4419444800273842,1.6689409646871813
men,2.5,expectancy,86,2 Physical only,s3,1.4532447599223361,1.4503260461042993,1.3002067788289957,1.622793592839295,1.3403115677630415,1.5726088189928011
men,2.5,expectancy,88,2 Physical only,s3,1.3556589008493025,1.3524776712447188,1.199530174646612,1.528419413052389,1.2395319318995208,1.4782961906966339
men,2.5,expectancy,90,2 Physical only,s3,1.260291384935112,1.2565928688604884,1.101169154463461,1.4359431246872074,1.1420897841736202,1.3866229107670096
men,2.5,expectancy,92,2 Physical only,s3,1.1673966074673507,1.1628306770810952,1.004985946887545,1.3463544447727387,1.0470669209713364,1.2951178052892804
men,2.5,expectancy,94,2 Physical only,s3,1.0771990598067749,1.0718731839362619,0.9120715185257686,1.2629973509075194,0.9544204103867312,1.207986360503506
men,2.5,expectancy,96,2 Physical only,s3,0.9899161880925226,0.985309927167733,0.8212258222564792,1.1821950665926033,0.8646655533964731,1.1226734038005175
men,2.5,expectancy,98,2 Physical only,s3,0.9058210027617314,0.9007454944919562,0.7335473468574223,1.1053487604197605,0.7771911198415142,1.0428726689388115
men,2.5,expectancy,100,2 Physical only,s3,0.8253602733711538,0.8195262724652684,0.6500305433945114,1.0346399207300119,0.6937319642104344,0.9663662413296232
men,2.5,expectancy,102,2 Physical only,s3,0.7494262792751639,0.743232575173768,0.5668492065260637,0.9679383812780293,0.6125294960336848,0.8965137265607368
men,2.5,expectancy,104,2 Physical only,s3,0.6802978554135295,0.67392568719844,0.48955036618087355,0.9098017624492675,0.5373372232653854,0.8356063926491614
men,2.5,expectancy,106,2 Physical only,s3,0.6257562631913685,0.6187286708551532,0.4199584738455434,0.8750850758616793,0.47208030516485544,0.794999345459311
men,2.5,expectancy,108,2 Physical only,s3,0.6194747406557457,0.6098146253771868,0.38174249354969714,0.9107647183815751,0.4406673947994045,0.8148113782216779
men,2.5,expectancy,110,2 Physical only,s3,0.8357190125981871,0.8260391021790989,0.4636323484614188,1.2597429870096075,0.5585063029926435,1.1297984211287042
men,2.5,expectancy,50,3 Cognitive only,s3,1.914084681720052,1.9025796311858834,1.745678318739413,2.145271697586441,1.7830227597927482,2.0658442021319123
men,2.5,expectancy,52,3 Cognitive only,s3,0.7795379559263612,0.771226611807881,0.6606226169642042,0.941996537298969,0.6867926504182846,0.8857732729294282
men,2.5,expectancy,54,3 Cognitive only,s3,0.5954126480968606,0.5927587207753748,0.5348843586966133,0.6697324887122477,0.5499119152566289,0.6457944414962127
men,2.5,expectancy,56,3 Cognitive only,s3,0.551438742754333,0.5505974055699313,0.5031312902252733,0.6045211824298699,0.516567409613318,0.5891863606598224
men,2.5,expectancy,58,3 Cognitive only,s3,0.5358878046087949,0.5350310100144149,0.48970860364692187,0.5870899170528913,0.5023098993199072,0.5720346937633735
men,2.5,expectancy,60,3 Cognitive only,s3,0.5274230597362917,0.5263719526554321,0.48039467472951575,0.5792234833060246,0.4932103098168433,0.5633352863737344
men,2.5,expectancy,62,3 Cognitive only,s3,0.5207351257346529,0.519720196554102,0.472161266826636,0.5736893950588648,0.48512988218032155,0.5576582331539341
men,2.5,expectancy,64,3 Cognitive only,s3,0.5141708604648841,0.5130550073852647,0.46397116459877147,0.5688763778373971,0.4778271766411335,0.5522131317704344
men,2.5,expectancy,66,3 Cognitive only,s3,0.5071017085309518,0.506002846340259,0.45565332988488166,0.563594293759867,0.4694161004530899,0.5465312700274584
men,2.5,expectancy,68,3 Cognitive only,s3,0.4992355899853378,0.49823751661907306,0.44616694819297803,0.5580581461328952,0.46032878216537454,0.5401696363710939
men,2.5,expectancy,70,3 Cognitive only,s3,0.49040707991051546,0.4893545714204847,0.43574094986653916,0.5511935506570537,0.4503476740936172,0.5324685162422815
men,2.5,expectancy,72,3 Cognitive only,s3,0.48050763041807826,0.4793212265715361,0.42413851365180266,0.5432204618066077,0.439242976895641,0.5240499730919306
men,2.5,expectancy,74,3 Cognitive only,s3,0.4694627149048132,0.4681671631901888,0.4112412387354208,0.5344549826319396,0.42668360018008816,0.5146707952016574
men,2.5,expectancy,76,3 Cognitive only,s3,0.45722629763272865,0.45598126902916697,0.3972752798221002,0.5247858829740757,0.41338393088670755,0.5037708696822794
men,2.5,expectancy,78,3 Cognitive only,s3,0.4437820064098707,0.4422198578463558,0.38222732567875634,0.5138485327578665,0.39826384663929115,0.49174999699093636
men,2.5,expectancy,80,3 Cognitive only,s3,0.42914670932791604,0.42751634111131875,0.365767236137129,0.5020633172317953,0.3822425503797203,0.4793656889212464
men,2.5,expectancy,82,3 Cognitive only,s3,0.41337453049699086,0.41166360103888433,0.34770654277007024,0.48932548605354254,0.36475834579494565,0.4654482126219158
men,2.5,expectancy,84,3 Cognitive only,s3,0.39656039487829503,0.3947135438368483,0.32810599528701967,0.4755158359531441,0.34607567098696085,0.4507287854200576
men,2.5,expectancy,86,3 Cognitive only,s3,0.3788429573574449,0.37676637200406315,0.30796893343503884,0.4603186136772488,0.3265558138369245,0.43558369772687955
men,2.5,expectancy,88,3 Cognitive only,s3,0.36040766134672764,0.3579769331382112,0.28705454668113706,0.44577619119860074,0.3067798332923214,0.4195641999983459
men,2.5,expectancy,90,3 Cognitive only,s3,0.3414918087945008,0.3387516198478747,0.265735339274696,0.4320912982215672,0.28550224030772103,0.40335764513990346
men,2.5,expectancy,92,3 Cognitive only,s3,0.32239471885727977,0.319001787126852,0.24491901643003253,0.4190008009450517,0.26392767998598854,0.388030060528469
men,2.5,expectancy,94,3 Cognitive only,s3,0.3034967624548374,0.2994213047770091,0.22309178748524108,0.4073569342467208,0.2418003430245616,0.37340274783406063
men,2.5,expectancy,96,3 Cognitive only,s3,0.28529067184119955,0.2799096977519835,0.20111425509547481,0.3987725104764457,0.21989126405524032,0.3608639705852018
men,2.5,expectancy,98,3 Cognitive only,s3,0.2684277056826046,0.2613917225552802,0.17926171278307765,0.3958239815828534,0.1987302937572211,0.35105432806147835
men,2.5,expectancy,100,3 Cognitive only,s3,0.25378600975417,0.2444548349137206,0.15866702141347722,0.3990506855172415,0.17828131495906133,0.3465042374753436
men,2.5,expectancy,102,3 Cognitive only,s3,0.2426037209001048,0.22975235843611647,0.13941850553164276,0.4175760671414926,0.15953266560696253,0.34950371490310256
men,2.5,expectancy,104,3 Cognitive only,s3,0.2368911671330354,0.21869361412548788,0.12222862285781314,0.453624036908573,0.14239748970332175,0.36404806203300866
men,2.5,expectancy,106,3 Cognitive only,s3,0.24117690801078925,0.21490746374153138,0.10775897521320747,0.5249416559373984,0.12936958460926595,0.4009590869619
men,2.5,expectancy,108,3 Cognitive only,s3,0.2711217048205417,0.23096991969705144,0.1025046416402401,0.6755557110814092,0.1268142685065915,0.4902235300351201
men,2.5,expectancy,110,3 Cognitive only,s3,0.40072774804556255,0.33794550662061873,0.13689720528557217,1.0314740976500947,0.17610127341060827,0.7445636083641579
men,2.5,expectancy,50,4 Both,s3,0.8960397510483832,0.8847255106850116,0.7398151887566486,1.1200623178513478,0.7723690332494932,1.0409895574119095
men,2.5,expectancy,52,4 Both,s3,0.8444461506948349,0.8360632760803457,0.7185140579355577,1.0217232638167795,0.7457453529789253,0.959692711797347
men,2.5,expectancy,54,4 Both,s3,0.7439963845789053,0.7400898142561634,0.6599331200901625,0.8528638097923995,0.6801081264812835,0.8146523432828428
men,2.5,expectancy,56,4 Both,s3,0.6897151046378979,0.6880337895610054,0.625696167281802,0.7638927540108723,0.6420234760312485,0.7412928329958901
men,2.5,expectancy,58,4 Both,s3,0.6623446685599683,0.6617794351419973,0.604713811039839,0.7253696299883183,0.6200842831123771,0.7069220329984223
men,2.5,expectancy,60,4 Both,s3,0.6476640044735039,0.6468098548065968,0.5907884040729741,0.7093247389174525,0.6070439726774338,0.6908810778602663
men,2.5,expectancy,62,4 Both,s3,0.6388064009746766,0.637705327912612,0.5813220648369221,0.7010199243796686,0.5969219224019734,0.6825904388494722
men,2.5,expectancy,64,4 Both,s3,0.6326077055717603,0.6316138873733796,0.573445397794214,0.6970121632729084,0.5894198632222813,0.677932480911391
men,2.5,expectancy,66,4 Both,s3,0.6275777312612817,0.6264168866204557,0.5661573597145327,0.6945788099950221,0.5825618197006922,0.6746492918385213
men,2.5,expectancy,68,4 Both,s3,0.6229893753965973,0.6217441725618824,0.5591246172851506,0.6924717415108433,0.5762335532283738,0.6712824891338278
men,2.5,expectancy,70,4 Both,s3,0.6184817500236316,0.6171498005973455,0.5525921955421609,0.6907472562428404,0.570162154121847,0.6687147830693724
men,2.5,expectancy,72,4 Both,s3,0.6138858253929923,0.6125039823255854,0.545925650369518,0.6890704149694168,0.563783306725149,0.6662626455585269
men,2.5,expectancy,74,4 Both,s3,0.6091471585757368,0.6076216931174745,0.5385312952488638,0.6873377571259786,0.5567769034614864,0.6635561589137907
men,2.5,expectancy,76,4 Both,s3,0.6042918913070164,0.6026616196901831,0.5317006249019358,0.6856991464021508,0.5497408020304726,0.6609479224480406
men,2.5,expectancy,78,4 Both,s3,0.5994118924391822,0.597551484377722,0.5231606248103073,0.6840831348927092,0.5427055904267072,0.6592274499215969
men,2.5,expectancy,80,4 Both,s3,0.5946572699683028,0.5927754015117493,0.5153242172770874,0.6823612661618973,0.535327269745135,0.657219823223906
men,2.5,expectancy,82,4 Both,s3,0.5902297124015794,0.5881461037762657,0.5077475772845075,0.682378833705961,0.5280303575763022,0.655623277185549
men,2.5,expectancy,84,4 Both,s3,0.5863724554994351,0.5840656668249178,0.4999204521045844,0.6833828598898948,0.5216080253640341,0.6552163609979517
men,2.5,expectancy,86,4 Both,s3,0.5833539550640244,0.5808220544770129,0.49218567767934,0.6861731050744637,0.5151804623408762,0.6556330123168462
men,2.5,expectancy,88,4 Both,s3,0.5814435725704424,0.5786608739429122,0.48543551211641284,0.6901106968537217,0.5103027868797223,0.6581031303669634
men,2.5,expectancy,90,4 Both,s3,0.5808795234301376,0.5781051482511759,0.4795343107772209,0.6964576318595936,0.5054275435840424,0.662115423358403
men,2.5,expectancy,92,4 Both,s3,0.5818327269832707,0.5785465046577525,0.47392352840680607,0.7059656757368913,0.5008464777862554,0.6687842815237551
men,2.5,expectancy,94,4 Both,s3,0.584375468129569,0.5806744542450064,0.4700392114496479,0.7180466026262116,0.4980334892450148,0.6776957418854322
men,2.5,expectancy,96,4 Both,s3,0.5884706218961883,0.5843738624029134,0.46731790566392417,0.7320703905353784,0.4958171045041464,0.689338688423476
men,2.5,expectancy,98,4 Both,s3,0.594005631594284,0.5896842954205092,0.46380240940853734,0.7485823161035867,0.4943744092393286,0.7017975875817521
men,2.5,expectancy,100,4 Both,s3,0.6009153582599105,0.5958012444184719,0.46149172682259054,0.7673453511715368,0.4940488738005495,0.7157379517777542
men,2.5,expectancy,102,4 Both,s3,0.6095322762187284,0.6046960371537673,0.45834657557372754,0.7880106934464307,0.49484712092040517,0.7330532895994473
men,2.5,expectancy,104,4 Both,s3,0.6217801423163242,0.616750662313599,0.45566367208407405,0.8141905708400631,0.4982749508498524,0.7560342087202003
men,2.5,expectancy,106,4 Both,s3,0.6462455632378202,0.6412675412870118,0.4634627640737435,0.8573987459213929,0.5100048874373555,0.792854371236456
men,2.5,expectancy,108,4 Both,s3,0.7233301845821068,0.719248813996084,0.5068469682137713,0.9720676952459366,0.5613448725146878,0.894707431663265
men,2.5,expectancy,110,4 Both,s3,1.0672790895369804,1.0638881137748637,0.729569021468777,1.4289990419754979,0.8193019980002999,1.3222607198637593
men,2.5,expectancy,50,1 Functional,s4,15.091443464979394,15.089477996740005,12.692833473064901,17.422495806188373,13.390658321980165,16.75942843381417
men,2.5,expectancy,52,1 Functional,s4,17.112045258622913,17.135473100310143,15.223125510781761,18.86624469491044,15.81090395073252,18.382959558872372
men,2.5,expectancy,54,1 Functional,s4,17.821773245590276,17.858580538516122,16.471092272678106,18.984685809439434,16.898893116084935,18.682335670449454
men,2.5,expectancy,56,1 Functional,s4,17.656426403425773,17.6868503990695,16.758180538191343,18.385726258038904,17.043210743875427,18.201179873377527
men,2.5,expectancy,58,1 Functional,s4,16.97862215923804,16.99749666759559,16.40842415496799,17.444867056212786,16.588964920610664,17.328270342903203
men,2.5,expectancy,60,1 Functional,s4,16.018348231896944,16.02898837600877,15.628727928164306,16.345629411691323,15.755012979181306,16.262517856911366
men,2.5,expectancy,62,1 Functional,s4,14.911895061120113,14.913533241553978,14.623216993006276,15.176211588948586,14.712783176986715,15.108881275789306
men,2.5,expectancy,64,1 Functional,s4,13.738480134311994,13.739240885268764,13.486839589295359,13.985779037203631,13.5597133117798,13.916419934358013
men,2.5,expectancy,66,1 Functional,s4,12.544605367048089,12.545228622713937,12.303051604197128,12.786968088412467,12.37043180017462,12.718058273628452
men,2.5,expectancy,68,1 Functional,s4,11.358608926507609,11.358681073003794,11.119775836423708,11.600269834742239,11.18709968169896,11.531534581649266
men,2.5,expectancy,70,1 Functional,s4,10.198905515143538,10.19822095110969,9.958217212075734,10.443160521339731,10.027695127539387,10.371043131270785
men,2.5,expectancy,72,1 Functional,s4,9.078491626959481,9.07638904764838,8.839169102333674,9.322302843704508,8.906721873874723,9.250730619503527
men,2.5,expectancy,74,1 Functional,s4,8.007327190688626,8.006449905871996,7.770146947388649,8.249965295034585,7.837117879830889,8.178889901543778
men,2.5,expectancy,76,1 Functional,s4,6.993530654493959,6.993172460725123,6.759071453951878,7.23298389466097,6.826126267555686,7.163121207900251
men,2.5,expectancy,78,1 Functional,s4,6.0439136475333175,6.0425008973482495,5.812720715226339,6.278771631290155,5.879163149393303,6.211654993695117
men,2.5,expectancy,80,1 Functional,s4,5.164148257583653,5.162942814157256,4.939707169846286,5.392939396457138,5.003076515154971,5.3277193996183225
men,2.5,expectancy,82,1 Functional,s4,4.358734234150676,4.357592007728039,4.1417943826291905,4.581930560275432,4.204254072151019,4.517358119543226
men,2.5,expectancy,84,1 Functional,s4,3.6308687021735246,3.629748592465202,3.421549251460314,3.847703946210002,3.4817880054837835,3.7819429421951787
men,2.5,expectancy,86,1 Functional,s4,2.982288990571849,2.9805528872816622,2.7838799097106297,3.1877324940511937,2.84075088476388,3.1257518517524034
men,2.5,expectancy,88,1 Functional,s4,2.413142729399534,2.410955510743878,2.2266916705395934,2.607124367182548,2.278773558286613,2.5486109727690165
men,2.5,expectancy,90,1 Functional,s4,1.9219274495794143,1.9201895413001155,1.7485586545228269,2.1035665308507308,1.7967589273790994,2.0484023857201827
men,2.5,expectancy,92,1 Functional,s4,1.505527575673057,1.503006443015539,1.3463773390791307,1.6730832773375932,1.3900773497796783,1.62289417385832
men,2.5,expectancy,94,1 Functional,s4,1.1593571794053885,1.15671223729722,1.0156516111779779,1.3118356440368948,1.0547179652653151,1.2666742676922766
men,2.5,expectancy,96,1 Functional,s4,0.8775949864616184,0.8752284516298221,0.7492389725673453,1.0143951789870393,0.7851639362797654,0.9735255560967219
men,2.5,expectancy,98,1 Functional,s4,0.6534827897089293,0.651324574377012,0.5411436633995763,0.7754761124342158,0.5722251047239155,0.7379017597963591
men,2.5,expectancy,100,1 Functional,s4,0.47966188314071045,0.47795672361178976,0.3832527651419916,0.5862301935723362,0.40980994286302713,0.5534374054065196
men,2.5,expectancy,102,1 Functional,s4,0.3485573139358481,0.34691278144195203,0.26651629160994644,0.440694664258871,0.28906330655180795,0.4127647581760741
men,2.5,expectancy,104,1 Functional,s4,0.2529251763499978,0.2507418290164212,0.18393082775617148,0.3324946901855796,0.2022346586262951,0.30845302262793844
men,2.5,expectancy,106,1 Functional,s4,0.18710204615616124,0.18460156604275268,0.12780733953719953,0.2617111260097378,0.14245307241263866,0.23722792948529664
men,2.5,expectancy,108,1 Functional,s4,0.151769982313532,0.14789422491420223,0.09493165059663393,0.23200175005263415,0.10826781755527368,0.2027276184570215
men,2.5,expectancy,110,1 Functional,s4,0.1789909912784145,0.17286972316367494,0.10429311939603263,0.28976318204209905,0.12149152391629785,0.24723487146247689
men,2.5,expectancy,50,2 Physical only,s4,3.599386578268594,3.587446138905082,2.955817133714652,4.3069941415096364,3.1254526956765876,4.085621407699239
men,2.5,expectancy,52,2 Physical only,s4,3.8902937051424655,3.8801411244169666,3.375474506946695,4.461616801176909,3.5139643588746052,4.279500593823233
men,2.5,expectancy,54,2 Physical only,s4,3.6938908135307678,3.6877672413852434,3.365275539679712,4.051168256630974,3.4523181976705506,3.945558333902858
men,2.5,expectancy,56,2 Physical only,s4,3.4150516616260953,3.411135049149064,3.2051144303125763,3.6434216905478105,3.2596701093190488,3.5748134733876658
men,2.5,expectancy,58,2 Physical only,s4,3.1670329600574503,3.165067096722639,3.0182486970243536,3.3231426882862176,3.058636640425375,3.2773432236954094
men,2.5,expectancy,60,2 Physical only,s4,2.9645124893704877,2.964705987738931,2.8396465693845534,3.09197604165913,2.873543848508756,3.054868921146058
men,2.5,expectancy,62,2 Physical only,s4,2.7975183678666338,2.797493713374049,2.6773124550385243,2.9194270617794076,2.711597258680651,2.8830286971737378
men,2.5,expectancy,64,2 Physical only,s4,2.6540743207189132,2.6534154852997585,2.5310669738987563,2.7781588190376705,2.568249555054916,2.741109929429466
men,2.5,expectancy,66,2 Physical only,s4,2.525314472863555,2.5243042444315815,2.399743148360829,2.6503561211646214,2.4372791018188513,2.6147493573780434
men,2.5,expectancy,68,2 Physical only,s4,2.4055541984643516,2.4043310625458565,2.275901142968468,2.5349010005031323,2.3146052800501518,2.498896619645946
men,2.5,expectancy,70,2 Physical only,s4,2.2913579094750047,2.289983828843026,2.1585308877157603,2.425924492945153,2.1974098702262963,2.3876662447221895
men,2.5,expectancy,72,2 Physical only,s4,2.1807011991489915,2.179326378174454,2.043585866108134,2.3210203656653814,2.0836003729849493,2.280513110455169
men,2.5,expectancy,74,2 Physical only,s4,2.072409883411576,2.0709213942650906,1.9326953801553322,2.216834351123119,1.9726956539027924,2.1743679292659186
men,2.5,expectancy,76,2 Physical only,s4,1.9658248437972314,1.9636071173907594,1.8249406772656671,2.1142205897612474,1.8635631825337264,2.069970782117508
men,2.5,expectancy,78,2 Physical only,s4,1.8606120449384413,1.8583337202362378,1.7170859883005094,2.013246053961831,1.7561339407261014,1.968196017030002
men,2.5,expectancy,80,2 Physical only,s4,1.7566558789781344,1.7540419404979233,1.6100624038299618,1.9143925864214815,1.6500510331259794,1.8662927786104828
men,2.5,expectancy,82,2 Physical only,s4,1.6539961421739602,1.6510026577606065,1.504398301962286,1.8154745684234073,1.5445540189883304,1.7669615264156193
men,2.5,expectancy,84,2 Physical only,s4,1.5527849855076161,1.5498419661371814,1.4025559177193474,1.718860377690651,1.4419537052358828,1.6689529378291657
men,2.5,expectancy,86,2 Physical only,s4,1.45325059196067,1.4503309922695709,1.3002115414160127,1.6227987611286223,1.3403136291229139,1.572612794587113
men,2.5,expectancy,88,2 Physical only,s4,1.3556616096731193,1.3524805330349028,1.1995338640610274,1.528421602218367,1.2395350684970223,1.4782994244743428
men,2.5,expectancy,90,2 Physical only,s4,1.260292641124937,1.2565937938936718,1.1011703247055613,1.4359445661329642,1.142090368746173,1.3866266546294062
men,2.5,expectancy,92,2 Physical only,s4,1.1673971911667287,1.162831542836757,1.0049862647542904,1.3463548985983063,1.0470672003699915,1.2951183024721322
men,2.5,expectancy,94,2 Physical only,s4,1.077199333075704,1.0718735079792208,0.9120717313395719,1.2629979355102479,0.9544203941491817,1.2079865592562986
men,2.5,expectancy,96,2 Physical only,s4,0.9899163179126726,0.9853100940093856,0.8212258354807502,1.1821952421018265,0.8646656083521882,1.122673580714689
men,2.5,expectancy,98,2 Physical only,s4,0.9058210658082859,0.9007456003541561,0.7335474532699386,1.1053487881109103,0.7771912626475003,1.0428726825737937
men,2.5,expectancy,100,2 Physical only,s4,0.825360304859304,0.8195263057683977,0.6500306043154478,1.034639943371391,0.6937320313646355,0.9663662776153441
men,2.5,expectancy,102,2 Physical only,s4,0.7494262955009156,0.7432325767258384,0.5668492217898752,0.9679384291653468,0.6125295031676458,0.8965137505663585
men,2.5,expectancy,104,2 Physical only,s4,0.6802978640441325,0.6739256907349702,0.4895503886083035,0.9098017711354676,0.5373372276630559,0.8356063994857198
men,2.5,expectancy,106,2 Physical only,s4,0.6257562679406222,0.6187286712339223,0.4199584849449481,0.8750850768425522,0.47208032222849844,0.7949993495180319
men,2.5,expectancy,108,2 Physical only,s4,0.619474743504693,0.6098146259731981,0.3817424936168297,0.9107647211221651,0.4406673945011848,0.8148113794765248
men,2.5,expectancy,110,2 Physical only,s4,0.8357190154395246,0.826039103098944,0.4636323497451093,1.2597429921954262,0.558506302401181,1.1297984229221374
men,2.5,expectancy,50,3 Cognitive only,s4,0.7714836094196663,0.7508809332906444,0.5359011250988109,1.132030080686211,0.5846071247050618,0.9980273683450811
men,2.5,expectancy,52,3 Cognitive only,s4,0.7686590279569174,0.7529721490036012,0.5777908986749748,1.0510280768324947,0.6190225996557432,0.9479825345961235
men,2.5,expectancy,54,3 Cognitive only,s4,0.6410305835412969,0.6351264943593351,0.544211131096446,0.7743424010701415,0.565599866835732,0.7277907761124899
men,2.5,expectancy,56,3 Cognitive only,s4,0.5758386969412154,0.5737806677259822,0.5158265962670872,0.6496125961093586,0.5308466051377203,0.6255018938946574
men,2.5,expectancy,58,3 Cognitive only,s4,0.5461155453372516,0.545244196610884,0.49634298132240456,0.601616884921651,0.5100009620721023,0.5850660726095493
men,2.5,expectancy,60,3 Cognitive only,s4,0.5312190561089045,0.5300871516238213,0.48324551422309275,0.5846560239165367,0.4966301217546332,0.5680251071905371
men,2.5,expectancy,62,3 Cognitive only,s4,0.5219161259161039,0.5208133721085373,0.4734655457382357,0.5752725589382235,0.486438485272588,0.5590868258508548
men,2.5,expectancy,64,3 Cognitive only,s4,0.5143752130036692,0.5132750402981769,0.46418416779862026,0.569176465659851,0.47808963491686224,0.552433349745775
men,2.5,expectancy,66,3 Cognitive only,s4,0.5069918209338253,0.505876175646735,0.45553985200168107,0.5634697056739033,0.4692601756489118,0.5464949388933047
men,2.5,expectancy,68,3 Cognitive only,s4,0.4990625930727796,0.49808673126112835,0.44601923121643583,0.5577834151036498,0.4602552271539282,0.5398873356164777
men,2.5,expectancy,70,3 Cognitive only,s4,0.4902548431016062,0.4892078733024626,0.4355909568832341,0.5509551099196295,0.45022532746655897,0.5323093598886319
men,2.5,expectancy,72,3 Cognitive only,s4,0.4803953453762262,0.4792380468030959,0.42403106028284765,0.543119050381204,0.43915046863422114,0.5239569210915925
men,2.5,expectancy,74,3 Cognitive only,s4,0.46938710720850624,0.46811719496651766,0.41117735276261375,0.5343622492836768,0.426605853610187,0.5145884642894973
men,2.5,expectancy,76,3 Cognitive only,s4,0.4571783240704834,0.4559028478694954,0.39722249963376793,0.5247161626185429,0.41333483024940776,0.5037300378441
men,2.5,expectancy,78,3 Cognitive only,s4,0.4437528948539085,0.44219845450331213,0.3821915402129859,0.5138042066668496,0.3982547372377856,0.49172674274321254
men,2.5,expectancy,80,3 Cognitive only,s4,0.4291296773405629,0.427501113587764,0.365752374457222,0.502049133694183,0.38223235140563255,0.4793558953398976
men,2.5,expectancy,82,3 Cognitive only,s4,0.4133648745393867,0.41165551581785276,0.3477026853464869,0.4893156842981343,0.36474793652617404,0.4654357990261058
men,2.5,expectancy,84,3 Cognitive only,s4,0.39655507091163056,0.39470820180502375,0.328102731953926,0.4755108055362814,0.34607195974651256,0.4507139961413174
men,2.5,expectancy,86,3 Cognitive only,s4,0.37884009389045725,0.3767627602933372,0.30796498411196876,0.46031548603563094,0.32655217802025127,0.4355805689818373
men,2.5,expectancy,88,3 Cognitive only,s4,0.3604061547908165,0.357974629684901,0.287053299370207,0.4457735017349544,0.3067788530894429,0.4195618901396459
men,2.5,expectancy,90,3 Cognitive only,s4,0.34149103116375484,0.3387508682159127,0.2657346782130334,0.43208858645177356,0.28550191578803297,0.4033567161952051
men,2.5,expectancy,92,3 Cognitive only,s4,0.32239432377596844,0.31900124262281315,0.2449186713175901,0.41899995125558315,0.26392709188792873,0.3880298724501331
men,2.5,expectancy,94,3 Cognitive only,s4,0.3034965640659911,0.29942112155175804,0.22309162421270956,0.40735640434411324,0.24180023691536714,0.373402583177025
men,2.5,expectancy,96,3 Cognitive only,s4,0.28529057281758147,0.2799095529241583,0.20111419254644466,0.39877231369903415,0.2198911772206995,0.36086383518830795
men,2.5,expectancy,98,3 Cognitive only,s4,0.2684276561360161,0.26139168068580065,0.17926167785659708,0.3958239037562493,0.19873024277600837,0.35105428164360314
men,2.5,expectancy,100,3 Cognitive only,s4,0.25378598458336044,0.24445481142903264,0.1586670126400151,0.39905065978268206,0.17828130682617932,0.34650418479389944
men,2.5,expectancy,102,3 Cognitive only,s4,0.24260370767315792,0.22975232335992518,0.1394184877036737,0.4175760615804497,0.1595326644760811,0.3495037078936045
men,2.5,expectancy,104,3 Cognitive only,s4,0.2368911597701502,0.21869360857341152,0.12222862079679639,0.4536240211934405,0.14239748818656764,0.3640480569528672
men,2.5,expectancy,106,3 Cognitive only,s4,0.24117690355253654,0.21490746285944784,0.10775897419990091,0.524941638050592,0.1293695831269229,0.4009590531151373
men,2.5,expectancy,108,3 Cognitive only,s4,0.27112170174975597,0.23096991716081322,0.10250464148924004,0.6755556941322622,0.126814267403506,0.4902235287028074
men,2.5,expectancy,110,3 Cognitive only,s4,0.4007277451929252,0.3379455052640372,0.13689720497935381,1.0314740924230466,0.17610127326040026,0.7445636070701254
men,2.5,expectancy,50,4 Both,s4,2.6191972149006406,2.591648902298324,2.1854950631435552,3.193584616607361,2.28149932545675,3.010251780828533
men,2.5,expectancy,52,4 Both,s4,1.4803974273165337,1.4550617474329086,1.102987744134494,1.9945246949884432,1.1838193093518203,1.8254118192927098
men,2.5,expectancy,54,4 Both,s4,1.0240938242248037,1.0034382211660613,0.8012189945164688,1.3612574449414991,0.8447575227471927,1.2447387066237412
men,2.5,expectancy,56,4 Both,s4,0.8235198190181896,0.8109845095721683,0.6932831896520617,1.0271138032993448,0.7189627397224603,0.9505593448572267
men,2.5,expectancy,58,4 Both,s4,0.7292673147348834,0.7230140373652723,0.6432487169663814,0.8509222084931071,0.6632833801796065,0.8049257009855004
men,2.5,expectancy,60,4 Both,s4,0.6821243621696125,0.6799490960107106,0.6143579134921289,0.7634978101455056,0.6318180464822803,0.7364897715677677
men,2.5,expectancy,62,4 Both,s4,0.656875487351317,0.6557096105866894,0.5958253070611781,0.724818414192126,0.6128781646346261,0.7037276656854283
men,2.5,expectancy,64,4 Both,s4,0.6421723443828449,0.6408671753882693,0.5817883462188719,0.7072962875722963,0.598084064540314,0.6879197988227309
men,2.5,expectancy,66,4 Both,s4,0.6326521807994994,0.6316594289475459,0.5706995210630498,0.6994692368337618,0.5872973618571974,0.679632370811644
men,2.5,expectancy,68,4 Both,s4,0.6256713671769558,0.6244711368464644,0.5615887230617028,0.6949080376657164,0.5787896305183756,0.6737939276313104
men,2.5,expectancy,70,4 Both,s4,0.6198866220298972,0.6185877450213534,0.5537793479142648,0.6920092051819774,0.571404475408857,0.6700220574243041
men,2.5,expectancy,72,4 Both,s4,0.6146119680157948,0.6131770835577893,0.5466253370335571,0.689892043776778,0.5644785625291489,0.6669401486592227
men,2.5,expectancy,74,4 Both,s4,0.6095161225966724,0.6079912973200048,0.53879219056337,0.6876387796256146,0.5571342623644586,0.6638456187457804
men,2.5,expectancy,76,4 Both,s4,0.604475598673049,0.6028809893327334,0.5319140930840925,0.6858965524414739,0.5499010384096564,0.6611280738637519
men,2.5,expectancy,78,4 Both,s4,0.5995012740272752,0.5976193125342187,0.5232838093226657,0.6842132658691423,0.5427840961753336,0.6592958241966924
men,2.5,expectancy,80,4 Both,s4,0.5946996632414759,0.5928047980365528,0.5153858430259562,0.6824117867155322,0.5353761843968269,0.6572526619536657
men,2.5,expectancy,82,4 Both,s4,0.5902492692145238,0.588173348470125,0.5077674643287642,0.6823963671131726,0.528046658846741,0.6556410445825701
men,2.5,expectancy,84,4 Both,s4,0.5863812097369857,0.5840772452230727,0.4999314579309823,0.6833944758899392,0.5216157292869157,0.6552223358186073
men,2.5,expectancy,86,4 Both,s4,0.5833577457554128,0.5808240757397031,0.4921877143429867,0.6861767870828578,0.5151844138926885,0.6556360854815385
men,2.5,expectancy,88,4 Both,s4,0.581445152695105,0.5786615827282278,0.48543695378138785,0.6901118602624768,0.5103038767047932,0.6581041911426431
men,2.5,expectancy,90,4 Both,s4,0.5808801520047476,0.5781057972726475,0.4795347004855041,0.6964587723862883,0.5054281800509944,0.6621159560770307
men,2.5,expectancy,92,4 Both,s4,0.5818329615434906,0.5785468248954115,0.47392347069911656,0.7059659579452052,0.5008466417454644,0.6687845620319528
men,2.5,expectancy,94,4 Both,s4,0.5843755471509934,0.5806745219069043,0.4700392635455666,0.7180465998433733,0.498033630103007,0.6776960472894002
men,2.5,expectancy,96,4 Both,s4,0.58847064344823,0.5843739055155359,0.4673179245172767,0.732070524773415,0.49581711647215965,0.6893386449832718
men,2.5,expectancy,98,4 Both,s4,0.5940056340890545,0.589684298189334,0.4638024034472411,0.7485823773310863,0.4943744006681748,0.7017976092071598
men,2.5,expectancy,100,4 Both,s4,0.6009153557452858,0.5958012416765532,0.4614917202085753,0.7673453527842622,0.4940488713836774,0.7157379483272184
men,2.5,expectancy,102,4 Both,s4,0.6095322732710453,0.6046960366152923,0.45834656560672293,0.7880106754640099,0.49484711804190346,0.7330532846604387
men,2.5,expectancy,104,4 Both,s4,0.6217801400787043,0.6167506582621354,0.4556636709323028,0.8141905892378878,0.4982749465972464,0.7560342096876174
men,2.5,expectancy,106,4 Both,s4,0.6462455617451675,0.6412675402972344,0.4634627634397635,0.8573987438394861,0.5100048872610562,0.7928543723544618
men,2.5,expectancy,108,4 Both,s4,0.7233301836030973,0.7192488136708682,0.5068469672028318,0.9720676956271029,0.5613448690042933,0.894707429839259
men,2.5,expectancy,110,4 Both,s4,1.0672790889987447,1.0638881136346015,0.7295690230091925,1.4289990426340549,0.8193019976623765,1.322260720102537
men,2.5,total_expectancy,50,Total,population,27.806473126051745,27.805812657517798,27.453304982721434,28.1522205687647,27.556955689198052,28.055716411272822
men,2.5,total_expectancy,52,Total,population,26.30539327723656,26.305225813985217,25.991848673570388,26.621476200244736,26.082490759281114,26.526548519757412
men,2.5,total_expectancy,54,Total,population,24.822689417069725,24.82285063550953,24.534171948019175,25.119726376061855,24.61314012464827,25.027831009236998
men,2.5,total_expectancy,56,Total,population,23.352237579130154,23.35240174835265,23.069628157804928,23.63692035586006,23.151310814687104,23.552769945179545
men,2.5,total_expectancy,58,Total,population,21.893657408292977,21.89245691135762,21.613601932578938,22.175989946620135,21.69342434656848,22.093548625334765
men,2.5,total_expectancy,60,Total,population,20.449478542893278,20.449189485705027,20.16869209730376,20.733809847977007,20.24517909416832,20.654074803458364
men,2.5,total_expectancy,62,Total,population,19.023767922360495,19.02388799743046,18.735601256969154,19.31472601206157,18.81532252228859,19.23308686025006
men,2.5,total_expectancy,64,Total,population,17.62144817328795,17.62065667660307,17.32956927138452,17.918394834149186,17.40845317841221,17.83425172537578
men,2.5,total_expectancy,66,Total,population,16.24796251733375,16.24686550875258,15.949907715351763,16.5512355790224,16.030236263621976,16.4675587032479
men,2.5,total_expectancy,68,Total,population,14.909104418923992,14.908270302780881,14.60838873650859,15.219885322291475,14.68538858545081,15.131573653751872
men,2.5,total_expectancy,70,Total,population,13.610913210551967,13.61009445853523,13.308396839487083,13.928539666743074,13.38467519132469,13.837886499952345
men,2.5,total_expectancy,72,Total,population,12.359581570492628,12.357353153317234,12.055805880668128,12.68098476529035,12.133320631055717,12.588429686257376
men,2.5,total_expectancy,74,Total,population,11.16134527505919,11.158348326797224,10.85861810621723,11.481769264191989,10.935444813265514,11.39030649872005
men,2.5,total_expectancy,76,Total,population,10.022339906131934,10.019499845592252,9.717293651052204,10.339628911491499,9.79802359568393,10.250569130426504
men,2.5,total_expectancy,78,Total,population,8.948418568188503,8.945097197816875,8.645344649520917,9.263984129527794,8.727316538199311,9.17428501169336
men,2.5,total_expectancy,80,Total,population,7.944932099361644,7.941904279150791,7.648440778956732,8.255235900955377,7.72886263580517,8.165863372378524
men,2.5,total_expectancy,82,Total,population,7.0164802905454255,7.013524875982038,6.724499272701319,7.318196042459554,6.8053253714893875,7.23117758307839
men,2.5,total_expectancy,84,Total,population,6.166649938556803,6.163535631689862,5.884880221849739,6.457610313825931,5.962515188223686,6.375356917903841
men,2.5,total_expectancy,86,Total,population,5.3977631452040065,5.394747954163138,5.126664058412169,5.677903682491679,5.199801563118795,5.599414790239768
men,2.5,total_expectancy,88,Total,population,4.710666360293696,4.7075875418508195,4.449964289295604,4.98212226586041,4.5227439356182,4.902803299195435
men,2.5,total_expectancy,90,Total,population,4.104595607574781,4.101950880295169,3.856664624781081,4.365418983936043,3.926497780346777,4.288075121248015
men,2.5,total_expectancy,92,Total,population,3.577153754965135,3.574465051321229,3.344211768392917,3.8256087201116413,3.409142767972375,3.7521147469279192
men,2.5,total_expectancy,94,Total,population,3.12442927381494,3.121634245823746,2.9087865742301924,3.360601043930183,2.966332056843828,3.291911273138504
men,2.5,total_expectancy,96,Total,population,2.741272762098617,2.7378978738991657,2.5414799017682546,2.9678549644865932,2.5908914687937386,2.8992543126927117
men,2.5,total_expectancy,98,Total,population,2.42173723340665,2.4183272935167315,2.2360042156271076,2.6454856488140566,2.2799737442934482,2.57181995134942
men,2.5,total_expectancy,100,Total,population,2.1597235599705775,2.1549832096588837,1.9835783828644014,2.375653988224022,2.0251491148890097,2.3047079468933203
men,2.5,total_expectancy,102,Total,population,1.9501196023034622,1.9428204485968958,1.7804530055251273,2.1703654258343277,1.8200244226597262,2.0932193472995517
men,2.5,total_expectancy,104,Total,population,1.7918943454585605,1.780802805327181,1.6226631772751123,2.03258919272036,1.6602466228122528,1.9428789287769657
men,2.5,total_expectancy,106,Total,population,1.7002807824012534,1.6833931012290702,1.5175320451755794,1.9882981554725079,1.5560729591730214,1.871010246170394
men,2.5,total_expectancy,108,Total,population,1.765696613422219,1.740108410141895,1.5505188670669328,2.146171240381267,1.592854029267279,1.9785690116609835
men,2.5,total_expectancy,110,Total,population,2.48271684208478,2.4527524525725157,2.308629748459107,2.8430935762784597,2.3406005424985836,2.672356583634641
men,2.5,total_expectancy,50,Total,s1,28.087070448528277,28.086588222491695,27.7458694269742,28.421404296188005,27.843820371495624,28.326140161833976
men,2.5,total_expectancy,52,Total,s1,26.454223908274038,26.453998952101678,26.14734858803598,26.767173388003386,26.233807967965838,26.67062454310229
men,2.5,total_expectancy,54,Total,s1,24.901881523515584,24.901349602721808,24.612641670347198,25.197922834449592,24.692486357832657,25.105201838245755
men,2.5,total_expectancy,56,Total,s1,23.394593462452402,23.394428982391283,23.11241700826674,23.67962483156377,23.193942629391476,23.593960242981325
men,2.5,total_expectancy,58,Total,s1,21.916416668816115,21.915454565878136,21.636202294077258,22.198317560623146,21.716158162734366,22.116253021014504
men,2.5,total_expectancy,60,Total,s1,20.46174819389023,20.461446730122162,20.180890099225362,20.7464216211799,20.257087591677745,20.66644644459594
men,2.5,total_expectancy,62,Total,s1,19.030390841619518,19.030668036103528,18.742063126219218,19.321831609909943,18.822389851179558,19.239778298524314
men,2.5,total_expectancy,64,Total,s1,17.625017916099026,17.624054495890725,17.33299409121285,17.922017483075418,17.412053244582648,17.83769983780497
men,2.5,total_expectancy,66,Total,s1,16.24987760325757,16.248830543562786,15.951741324302928,16.552881917849124,16.032005654495666,16.469432256399962
men,2.5,total_expectancy,68,Total,s1,14.910123345251089,14.90927501594036,14.609375479491874,15.220742520967733,14.686442618722747,15.132673269016944
men,2.5,total_expectancy,70,Total,s1,13.611448849600606,13.610665980802462,13.30898798041104,13.92914577263219,13.38536382958671,13.838464041516394
men,2.5,total_expectancy,72,Total,s1,12.359858751005872,12.357642619811923,12.056078639265639,12.68126757404853,12.133586094578012,12.58868153192961
men,2.5,total_expectancy,74,Total,s1,11.161485972494942,11.158507612533407,10.858735884232862,11.481902958448233,10.93560759254772,11.390444148933257
men,2.5,total_expectancy,76,Total,s1,10.02240973917483,10.019578142580933,9.717377668011718,10.339702374721714,9.798089941214512,10.250626466053506
men,2.5,total_expectancy,78,Total,s1,8.948452366983664,8.945135941521826,8.64537827236262,9.264016812100477,8.72735719608397,9.174317734303663
men,2.5,total_expectancy,80,Total,s1,7.944948016138957,7.9419253765837645,7.648454491112231,8.255252667243917,7.72888093206987,8.165885510759445
men,2.5,total_expectancy,82,Total,s1,7.016487572169138,7.013531793096512,6.724505288714588,7.318201738580482,6.805331035090256,7.231185007319575
men,2.5,total_expectancy,84,Total,s1,6.166653171410587,6.163538520266474,5.884882711403607,6.457614759657229,5.962517873204948,6.375361416867428
men,2.5,total_expectancy,86,Total,s1,5.397764537496449,5.394749287285986,5.12666549824959,5.6779052501241045,5.199803033224027,5.599415983626081
men,2.5,total_expectancy,88,Total,s1,4.710666941923364,4.707588050417548,4.449964806823347,4.982122951023562,4.522744328385136,4.902804049090547
men,2.5,total_expectancy,90,Total,s1,4.104595843311645,4.1019511613785555,3.8566648489753015,4.365419188815113,3.926498024178065,4.288075324393577
men,2.5,total_expectancy,92,Total,s1,3.5771538476920557,3.5744651475695735,3.3442118342688847,3.825608795277625,3.4091428480460575,3.7521148354248117
men,2.5,total_expectancy,94,Total,s1,3.124429309228705,3.121634280251323,2.9087866077545286,3.3606010816167156,2.966332089851895,3.291911305884773
men,2.5,total_expectancy,96,Total,s1,2.7412727752478863,2.7378978825697597,2.5414799212733725,2.9678549942233188,2.5908914772119105,2.8992543386993725
men,2.5,total_expectancy,98,Total,s1,2.42173723817744,2.418327299028342,2.2360042208242934,2.6454856546832644,2.279973749718358,2.5718199559552524
men,2.5,total_expectancy,100,Total,s1,2.159723561691337,2.1549832131365543,1.983578383972838,2.3756539911314323,2.025149116316978,2.3047079474545473
men,2.5,total_expectancy,102,Total,s1,1.95011960295181,1.9428204488852618,1.7804530057218075,2.1703654258372715,1.8200244227778437,2.0932193482994044
men,2.5,total_expectancy,104,Total,s1,1.7918943457426624,1.7808028055657967,1.622663177387523,2.0325891924388544,1.6602466227775392,1.9428789290723787
men,2.5,total_expectancy,106,Total,s1,1.700280782565562,1.6833931013293801,1.5175320453307237,1.9882981553940757,1.5560729592921867,1.8710102462989497
men,2.5,total_expectancy,108,Total,s1,1.765696613545535,1.740108410151635,1.5505188672195658,2.1461712408643,1.592854029266916,1.9785690118805699
men,2.5,total_expectancy,110,Total,s1,2.482716842149226,2.4527524526532365,2.3086297484600102,2.8430935763943403,2.3406005425290664,2.672356583677489
men,2.5,total_expectancy,50,Total,s2,25.408944970644484,25.421458523475476,24.54160432966855,26.201827501262336,24.79885901550822,25.988508744251966
men,2.5,total_expectancy,52,Total,s2,24.963732520056226,24.966845731133713,24.422072620277785,25.46336821080362,24.590856469397927,25.33133239167786
men,2.5,total_expectancy,54,Total,s2,24.08403935570373,24.085712356648607,23.697289197223423,24.450770938739883,23.813637668335964,24.35462932095395
men,2.5,total_expectancy,56,Total,s2,22.94892834739118,22.949727832728264,22.632026489588473,23.257077909231214,22.722678175800695,23.17464533348246
men,2.5,total_expectancy,58,Total,s2,21.674204361983715,21.674471484994065,21.38804705576355,21.965618237896642,21.46417503118011,21.882311111533905
men,2.5,total_expectancy,60,Total,s2,20.33023386581321,20.329956808064193,20.048767165110807,20.617481835759513,20.122140746884355,20.537545787832592
men,2.5,total_expectancy,62,Total,s2,18.959067398935332,18.95886131257995,18.674557797004425,19.250805007743804,18.749898648134206,19.170052608078212
men,2.5,total_expectancy,64,Total,s2,17.58644820276061,17.58611452852935,17.2957243082828,17.883483974713833,17.37251654300825,17.80118764281562
men,2.5,total_expectancy,66,Total,s2,16.229135159643324,16.22800198299075,15.92993098266256,16.533011852766,16.01146740954607,16.448965303587048
men,2.5,total_expectancy,68,Total,s2,14.899065958081632,14.89815534686943,14.598529642165325,15.209777107956661,14.675746360798472,15.122804349286419
men,2.5,total_expectancy,70,Total,s2,13.605626816178146,13.604678712183414,13.302647134636883,13.922391979512307,13.379467380422625,13.831964368400248
men,2.5,total_expectancy,72,Total,s2,12.356841876793274,12.354577923665753,12.053224931626547,12.677659442568167,12.131167380746197,12.585730746187938
men,2.5,total_expectancy,74,Total,s2,11.159952776085406,11.156810862781322,10.857234635711,11.480356437479598,10.934069299367126,11.388976235773356
men,2.5,total_expectancy,76,Total,s2,10.021647958802829,10.018782635856319,9.716499205609162,10.338983293489871,9.797397713278851,10.24993306792508
men,2.5,total_expectancy,78,Total,s2,8.948083324716821,8.944852845527638,8.645017019108455,9.263621510832689,8.726954039173465,9.17383882050969
men,2.5,total_expectancy,80,Total,s2,7.944774079916915,7.941734159454871,7.648315009191689,8.255073924624755,7.728689208505478,8.165694440111178
men,2.5,total_expectancy,82,Total,s2,7.016407941570642,7.013456144483975,6.7244394460205354,7.31814576369192,6.805266242472825,7.231096684751227
men,2.5,total_expectancy,84,Total,s2,6.166617795019875,6.163504493602233,5.884855560900562,6.457565138185671,5.962488474192531,6.375314003870335
men,2.5,total_expectancy,86,Total,s2,5.397749293650622,5.394735048292169,5.126650211600453,5.6778882890636195,5.19978698180397,5.599401617282298
men,2.5,total_expectancy,88,Total,s2,4.710660570872795,4.707582620013238,4.44995939375017,4.98211552732559,4.522740138196996,4.902796719725513
men,2.5,total_expectancy,90,Total,s2,4.104593260096799,4.101947801017721,3.8566623702002434,4.3654169807314025,3.9264952990876396,4.288073000134139
men,2.5,total_expectancy,92,Total,s2,3.5771528312519836,3.5744640978588875,3.3442110722654275,3.8256079037645176,3.4091419333162993,3.752113919003114
men,2.5,total_expectancy,94,Total,s2,3.124428920922235,3.1216339126468604,2.9087862559180424,3.360600666368544,2.96633174340258,3.2919109593667035
men,2.5,total_expectancy,96,Total,s2,2.7412726310266207,2.737897794774418,2.541479725003696,2.96785466189932,2.590891386570134,2.899254064425501
men,2.5,total_expectancy,98,Total,s2,2.4217371858332757,2.418327235246122,2.2360041677495004,2.6454855908668335,2.2799736929328187,2.571819905307254
men,2.5,total_expectancy,100,Total,s2,2.1597235428017476,2.1549831744408987,1.9835783706544081,2.3756539599613755,2.0251491000898003,2.30470794140782
men,2.5,total_expectancy,102,Total,s2,1.9501195958285404,1.94282044581602,1.7804530039304092,2.170365425805985,1.8200244215624135,2.0932193364907095
men,2.5,total_expectancy,104,Total,s2,1.7918943426175364,1.7808028031291427,1.622663176111107,2.032589195562859,1.6602466231555362,1.9428789255798473
men,2.5,total_expectancy,106,Total,s2,1.700280780756264,1.6833931003047535,1.5175320434884785,1.9882981560257658,1.5560729578900612,1.8710102449732586
men,2.5,total_expectancy,108,Total,s2,1.7656966121871303,1.7401084100510056,1.550518865567954,2.1461712349113835,1.5928540292677664,1.9785690094618884
men,2.5,total_expectancy,110,Total,s2,2.4827168414394802,2.452752451765253,2.308629748450531,2.8430935750734774,2.340600542186726,2.67235658319611
men,2.5,total_expectancy,50,Total,s3,26.66367453177073,26.70181372942382,25.570260370278273,27.507856805898314,25.9175437171203,27.296269766290816
men,2.5,total_expectancy,52,Total,s3,25.47653027779307,25.495446369125975,24.78620947713486,26.05502188362439,25.00454353668057,25.905972569659664
men,2.5,total_expectancy,54,Total,s3,24.365188072674172,24.37464796878762,23.89540853374969,24.775753572307092,24.04413407287637,24.666788178083817
men,2.5,total_expectancy,56,Total,s3,23.108926807471533,23.114020322468974,22.75954098218837,23.435967321254022,22.865630407580205,23.342116622510908
men,2.5,total_expectancy,58,Total,s3,21.76471719549862,21.766756872701574,21.45959502156472,22.060074857735035,21.5488692078508,21.975670105844326
men,2.5,total_expectancy,60,Total,s3,20.380996245085708,20.382183782043125,20.083923847568297,20.67041370472365,20.17089001392975,20.5890468410382
men,2.5,total_expectancy,62,Total,s3,18.98733554710898,18.98733052600951,18.698762176668797,19.27830851076409,18.777886192404768,19.198641108480572
men,2.5,total_expectancy,64,Total,s3,17.602081608044863,17.60217898901044,17.310447087258662,17.89997198042856,17.38852162814558,17.816226534463734
men,2.5,total_expectancy,66,Total,s3,16.23770869430675,16.237178058387304,15.939293991602275,16.540773553824618,16.019111475057144,16.4569742772086
men,2.5,total_expectancy,68,Total,s3,14.903716203207575,14.903150536329171,14.602991239600499,15.214355932200732,14.680340814655901,15.126895358035862
men,2.5,total_expectancy,70,Total,s3,13.608113406299772,13.607334187539127,13.305661807515946,13.925867650957032,13.381991843626508,13.835003819001919
men,2.5,total_expectancy,72,Total,s3,12.358148240835012,12.355932166627726,12.054507656186823,12.679068102021704,12.132070932777163,12.587132798504848
men,2.5,total_expectancy,74,Total,s3,11.160624841571103,11.157581887791848,10.8580801254942,11.48090705003997,10.934716161570938,11.389607768625893
men,2.5,total_expectancy,76,Total,s3,10.021985496075988,10.019138834147931,9.71676487167186,10.339363876330275,9.7977184433501,10.250223253340943
men,2.5,total_expectancy,78,Total,s3,8.948248387599437,8.944993734699507,8.64516058358808,9.263741500662267,8.727082425035915,9.174056000844228
men,2.5,total_expectancy,80,Total,s3,7.944852508049578,7.941811332070927,7.6483209053073,8.255153384049299,7.728779505364491,8.165761227731403
men,2.5,total_expectancy,82,Total,s3,7.01644409221427,7.013499875751685,6.724457470436507,7.318174157291222,6.805291493206766,7.231123796770933
men,2.5,total_expectancy,84,Total,s3,6.166633944781351,6.163523222488394,5.884869540875057,6.457576857416971,5.962502485762464,6.375334206784255
men,2.5,total_expectancy,86,Total,s3,5.3977562831405885,5.394742282631498,5.12665745411642,5.6778969316959,5.19979334086752,5.599410811141208
men,2.5,total_expectancy,88,Total,s3,4.71066350156042,4.707584595779054,4.449963037470899,4.982120102510509,4.522741796442473,4.902801155234265
men,2.5,total_expectancy,90,Total,s3,4.104594450996927,4.101950201228458,3.8566635133052944,4.365418111046511,3.9264969067258457,4.288074820355925
men,2.5,total_expectancy,92,Total,s3,3.577153300450763,3.5744646764578016,3.344211345709768,3.8256083087124138,3.4091424146183216,3.752114159423231
men,2.5,total_expectancy,94,Total,s3,3.124429100267133,3.1216340231315884,2.9087863688317137,3.3606008550684594,2.9663318958625466,3.291911133503991
men,2.5,total_expectancy,96,Total,s3,2.7412726976412065,2.7378978333508925,2.5414797101958007,2.967854742344638,2.5908913951499772,2.8992542255096474
men,2.5,total_expectancy,98,Total,s3,2.421737210009902,2.4183272552366084,2.2360041865629205,2.645485629468602,2.279973718669556,2.5718199391495724
men,2.5,total_expectancy,100,Total,s3,2.1597235515319797,2.1549831899314817,1.9835783792197275,2.375653981132239,2.0251491096937926,2.304707944838365
men,2.5,total_expectancy,102,Total,s3,1.9501195991292861,1.9428204464522687,1.7804530039180153,2.1703654257906804,1.8200244221557844,2.093219343841678
men,2.5,total_expectancy,104,Total,s3,1.791894344073764,1.7808028038920196,1.6226631767971262,2.032589194064963,1.6602466230758963,1.9428789272377602
men,2.5,total_expectancy,106,Total,s3,1.700280781604891,1.6833931006270795,1.5175320444376768,1.9882981558033284,1.5560729587122404,1.8710102451037371
men,2.5,total_expectancy,108,Total,s3,1.765696612826764,1.740108410108841,1.5505188660111293,2.1461712395506485,1.5928540292625808,1.9785690110317102
men,2.5,total_expectancy,110,Total,s3,2.482716841774144,2.452752451931393,2.308629748455771,2.8430935759603857,2.3406005423874294,2.672356583482135
men,2.5,total_expectancy,50,Total,s4,22.081510867568294,22.134597693486505,19.36664005877025,24.399987020618056,20.160966148220602,23.843217142408932
men,2.5,total_expectancy,52,Total,s4,23.25139541903883,23.313620310341904,21.573832713140447,24.615401149863853,22.105729411527687,24.284931527251175
men,2.5,total_expectancy,54,Total,s4,23.180788466887144,23.220898344760663,22.114121645511542,24.025034415888758,22.467448627000778,23.819642173520517
men,2.5,total_expectancy,56,Total,s4,22.470836581011273,22.496513862559045,21.78757183808866,23.01834773207591,22.00379352801345,22.879834377700085
men,2.5,total_expectancy,58,Total,s4,21.421037979367625,21.433625986179294,20.964560062734108,21.81222224713971,21.0999447382865,21.71030470681954
men,2.5,total_expectancy,60,Total,s4,20.196204139545948,20.20020617461675,19.850853502941366,20.522798771040623,19.948802857406356,20.435773017367865
men,2.5,total_expectancy,62,Total,s4,18.888205042254167,18.889427355202585,18.58093597481539,19.194617496631736,18.66561507967286,19.109497194202522
men,2.5,total_expectancy,64,Total,s4,17.54910201241742,17.5486356982723,17.250668263559398,17.851041367769074,17.331945826071863,17.767384637341888
men,2.5,total_expectancy,66,Total,s4,16.209563841644968,16.208612895542267,15.908416722441219,16.516555923867465,15.989752998997085,16.429303353863897
men,2.5,total_expectancy,68,Total,s4,14.888897085221696,14.88861299302418,14.587560238943833,15.201676062966362,14.666631989798457,15.111599999610467
men,2.5,total_expectancy,70,Total,s4,13.600404889750047,13.599495211542127,13.296484835571118,13.91786543349594,13.374127394545024,13.826905830978026
men,2.5,total_expectancy,72,Total,s4,12.354200139500493,12.351831302328943,12.049872272615925,12.675080449205474,12.128332530675012,12.583176470647265
men,2.5,total_expectancy,74,Total,s4,11.158640303905381,11.155572009923326,10.855974828868455,11.4796118550835,10.93280550323302,11.387711046175468
men,2.5,total_expectancy,76,Total,s4,10.021009421034723,10.018029608989085,9.715738822309802,10.338319858535156,9.796695965399639,10.249272730730885
men,2.5,total_expectancy,78,Total,s4,8.947779861352943,8.944626766910092,8.644722934872595,9.263199379553697,8.726608311653436,9.173534319189041
men,2.5,total_expectancy,80,Total,s4,7.944633477143826,7.941603980371484,7.6481230037464165,8.254917961650193,7.728548108443422,8.165605667318621
men,2.5,total_expectancy,82,Total,s4,7.016344520078547,7.013422431533877,6.724369115029554,7.318053727178745,6.80518220108082,7.2309878302790604
men,2.5,total_expectancy,84,Total,s4,6.166589968329757,6.163474108618926,5.884838154283498,6.4575192873327865,5.962458639520334,6.375296373520605
men,2.5,total_expectancy,86,Total,s4,5.397737422178389,5.394725778252948,5.126639396714108,5.677872935459989,5.199768358734619,5.5993826723228395
men,2.5,total_expectancy,88,Total,s4,4.710655646558575,4.707577133455883,4.449955055018998,4.982113041347927,4.5227390034086286,4.902786029108507
men,2.5,total_expectancy,90,Total,s4,4.104591273872854,4.101946502525557,3.856660065430107,4.365417077183404,3.926494067787609,4.288071978630603
men,2.5,total_expectancy,92,Total,s4,3.577152052159245,3.574463446795402,3.3442102476764033,3.8256068975302324,3.409141601702993,3.752112532045028
men,2.5,total_expectancy,94,Total,s4,3.124428623698077,3.1216336710738406,2.908785969982887,3.360599872484292,2.96633159500442,3.2919106904405138
men,2.5,total_expectancy,96,Total,s4,2.7412725206401025,2.7378977265490523,2.5414793601336285,2.9678543608406227,2.590891305669649,2.899253956658324
men,2.5,total_expectancy,98,Total,s4,2.4217371457422856,2.4183271811794658,2.236004085851634,2.6454855924674403,2.279973627559675,2.5718198844805755
men,2.5,total_expectancy,100,Total,s4,2.159723528328661,2.154983154316933,1.9835783709877088,2.375653934390341,2.025149094571216,2.3047079374498667
men,2.5,total_expectancy,102,Total,s4,1.9501195903809667,1.9428204432461986,1.780453001047672,2.170365425666493,1.8200244207083576,2.093219330314339
men,2.5,total_expectancy,104,Total,s4,1.7918943402429848,1.7808027999752176,1.6226631751800105,2.0325891969514056,1.6602466234782003,1.9428789218925155
men,2.5,total_expectancy,106,Total,s4,1.7002807793944874,1.683393098983442,1.5175320424359566,1.9882981571810143,1.5560729566920073,1.8710102433232683
men,2.5,total_expectancy,108,Total,s4,1.7656966111710783,1.740108409967667,1.5505188642236056,2.146171231066248,1.5928540292761455,1.9785690085626997
men,2.5,total_expectancy,110,Total,s4,2.482716840909609,2.4527524513668237,2.30862974844576,2.8430935746580874,2.340600542008455,2.6723565830843636
men,2.5,pct_remaining,50,1 Functional,population,83.01411665899226,83.01591769564283,82.530450519787,83.47918895925986,82.66491084180907,83.35766736437188
men,2.5,pct_remaining,52,1 Functional,population,82.5358243380358,82.53772593730436,82.02865723273477,83.02004094527871,82.17527841966793,82.89202770449131
men,2.5,pct_remaining,54,1 Functional,population,82.05848829658869,82.05758302805816,81.54478316603334,82.55477953239567,81.69410180600521,82.41355864237686
men,2.5,pct_remaining,56,1 Functional,population,81.53887123708674,81.53811335719104,81.01422362078641,82.0433480821652,81.16772269764307,81.89963423060331
men,2.5,pct_remaining,58,1 Functional,population,80.94958709722142,80.95030959548897,80.40371120550836,81.4730933003932,80.56452820505612,81.32322195136845
men,2.5,pct_remaining,60,1 Functional,population,80.27186784118514,80.27379921993881,79.69610261991835,80.83170750811921,79.86111613118817,80.66985713408614
men,2.5,pct_remaining,62,1 Functional,population,79.49089332786812,79.49116718735343,78.85577191256806,80.1060508017801,79.04231174728834,79.92573558804797
men,2.5,pct_remaining,64,1 Functional,population,78.59296317084936,78.59659610108422,77.89294501517541,79.28014412240277,78.09643010253417,79.07423188276934
men,2.5,pct_remaining,66,1 Functional,population,77.56378404132187,77.56868248800976,76.78200208140409,78.33489368054458,77.01353552174064,78.10411543276115
men,2.5,pct_remaining,68,1 Functional,population,76.38740195576244,76.39178411703338,75.50970278940888,77.25336014415315,75.77558866718405,76.98922091935925
men,2.5,pct_remaining,70,1 Functional,population,75.04550525953834,75.04774074666825,74.0608351193188,76.01427016043158,74.35212885804549,75.72555451812164
men,2.5,pct_remaining,72,1 Functional,population,73.51695896779337,73.5202128620264,72.40695581952926,74.60720687849313,72.73714313191739,74.27854821692699
men,2.5,pct_remaining,74,1 Functional,population,71.77752831636859,71.78544561757204,70.52031396912379,72.99519629803045,70.90149584625027,72.63477899624542
men,2.5,pct_remaining,76,1 Functional,population,69.79982961001332,69.81375893606179,68.37968853822021,71.1733042422646,68.80924795098498,70.76197941560824
men,2.5,pct_remaining,78,1 Functional,population,67.55362572067527,67.56021068935641,65.94244332710743,69.1123391590435,66.42334971171368,68.66306534647242
men,2.5,pct_remaining,80,1 Functional,population,65.00667242770106,65.01449055555324,63.18664708503456,66.77539774638497,63.70587892343201,66.27628592553619
men,2.5,pct_remaining,82,1 Functional,population,62.12642218397114,62.13403529885373,60.045699037371115,64.15022306172325,60.64161923068505,63.56532170027852
men,2.5,pct_remaining,84,1 Functional,population,58.88298925955505,58.88719410792386,56.51751968479278,61.20524098817518,57.19764220656793,60.525181851072865
men,2.5,pct_remaining,86,1 Functional,population,55.25382873144941,55.25040680951617,52.55858288999836,57.88669594158015,53.33494195885696,57.13044490496474
men,2.5,pct_remaining,88,1 Functional,population,51.230485194876806,51.23479011284395,48.12040272868214,54.21813851053601,49.04549479870726,53.37387376328679
men,2.5,pct_remaining,90,1 Functional,population,46.82736986601721,46.84080769688619,43.33279310414124,50.21402939510232,44.346081755907534,49.2086145691652
men,2.5,pct_remaining,92,1 Functional,population,42.09165276681519,42.09032980684722,38.23399788098614,45.8639716494442,39.364042577961115,44.76851046862457
men,2.5,pct_remaining,94,1 Functional,population,37.11196562248994,37.11097518124792,32.94836868441635,41.26315316105531,34.16420117428542,40.042895089500185
men,2.5,pct_remaining,96,1 Functional,population,32.02205697792762,32.025196044977875,27.628094150676162,36.45337956368034,28.894362303399483,35.153605367487984
men,2.5,pct_remaining,98,1 Functional,population,26.99480027887207,26.979356460718627,22.48414435638589,31.62904352356381,23.76344740734508,30.22566069593115
men,2.5,pct_remaining,100,1 Functional,population,22.22336927162514,22.175788606019736,17.77292592460696,26.94154386378373,19.01520527689488,25.471899521405938
men,2.5,pct_remaining,102,1 Functional,population,17.890638160430676,17.84701676344198,13.673366867185864,22.457771304796402,14.804683162912507,21.065406453950935
men,2.5,pct_remaining,104,1 Functional,population,14.134030105319855,14.077742098984695,10.23768452398934,18.451273620197668,11.283589254477091,17.16106439954572
men,2.5,pct_remaining,106,1 Functional,population,11.022401460689531,10.936891623103957,7.483740977898586,15.104278840935445,8.376889787282316,13.86165782827421
men,2.5,pct_remaining,108,1 Functional,population,8.604383676512548,8.477660261937135,5.399053350634125,12.623172986405423,6.187691433957596,11.294143858821435
men,2.5,pct_remaining,110,1 Functional,population,7.207151487909587,7.021721092448832,4.186360103166199,11.308316039727877,4.895292029610724,9.858655851778016
men,2.5,pct_remaining,50,2 Physical only,population,12.722465887321809,12.720341249771792,12.313673989741721,13.134516282015193,12.426730227969376,13.019396782866588
men,2.5,pct_remaining,52,2 Physical only,population,12.968187554782425,12.965847841157302,12.550914305514974,13.392231532375623,12.663599933710792,13.273231849604668
men,2.5,pct_remaining,54,2 Physical only,population,13.192861249857907,13.191613188879053,12.77700493071612,13.611688773321864,12.887993172274113,13.495643251583106
men,2.5,pct_remaining,56,2 Physical only,population,13.435348669950043,13.433903289341565,13.017553763477473,13.866126460553577,13.128382852361412,13.737854623154021
men,2.5,pct_remaining,58,2 Physical only,population,13.717859246105261,13.718615771981852,13.276227441853418,14.167750601293658,13.40042084830877,14.032500828084368
men,2.5,pct_remaining,60,2 Physical only,population,14.053775564902905,14.054249648521996,13.580191818136864,14.537709503319768,13.713537904098333,14.392766586018732
men,2.5,pct_remaining,62,2 Physical only,population,14.452101041172618,14.450883296018299,13.930221146942555,14.985741084546156,14.076579537522546,14.826748810615424
men,2.5,pct_remaining,64,2 Physical only,population,14.920004520519281,14.91549660274756,14.332710254623136,15.51323648162546,14.499716583851106,15.341719515794802
men,2.5,pct_remaining,66,2 Physical only,population,15.464255026861048,15.457958862128253,14.807545170709886,16.13070019614043,14.994792923084171,15.939610660339929
men,2.5,pct_remaining,68,2 Physical only,population,16.092006740184004,16.090139802423074,15.354345165674793,16.84436135649389,15.561137266022142,16.62659888650338
men,2.5,pct_remaining,70,2 Physical only,population,16.811192654601843,16.807630109164936,15.974106033385855,17.66441791188973,16.20843151889911,17.4216430649409
men,2.5,pct_remaining,72,2 Physical only,population,17.630655892522626,17.626471170310253,16.684519318932935,18.59486023866521,16.949832057538536,18.325878530079574
men,2.5,pct_remaining,74,2 Physical only,population,18.560059833406143,18.554507330422684,17.497826343418637,19.651209814073386,17.792387212172454,19.345389594165116
men,2.5,pct_remaining,76,2 Physical only,population,19.609552663962173,19.602271755022556,18.402277507668003,20.849834814439184,18.73490779915744,20.5107799258081
men,2.5,pct_remaining,78,2 Physical only,population,20.789106324021702,20.782211436933665,19.41528362544465,22.200461238214668,19.783599445987594,21.819650122773417
men,2.5,pct_remaining,80,2 Physical only,population,22.10739820829234,22.102105090300814,20.54251935776471,23.725137759583593,20.951328405164087,23.29394005418734
men,2.5,pct_remaining,82,2 Physical only,population,23.570058761767296,23.556799064805958,21.774614646274163,25.46083890892707,22.237213747099045,24.93819859550472
men,2.5,pct_remaining,84,2 Physical only,population,25.177084644647437,25.154050749130512,23.089921211102396,27.39515573923476,23.62897205987223,26.766613396122725
men,2.5,pct_remaining,86,2 Physical only,population,26.919251341091197,26.895984896624007,24.480893483843488,29.49259931125855,25.132620829187054,28.751253314074116
men,2.5,pct_remaining,88,2 Physical only,population,28.773514178110783,28.75397506061958,25.91726006486933,31.789529019240423,26.681946607589442,30.9109019771454
men,2.5,pct_remaining,90,2 Physical only,population,30.69774722261889,30.6714939731068,27.372254184146964,34.24052952271169,28.25228474870109,33.20447954762538
men,2.5,pct_remaining,92,2 Physical only,population,32.625797500843625,32.59746582761751,28.74899788447553,36.80406538169012,29.752483906979688,35.55072610339776
men,2.5,pct_remaining,94,2 Physical only,population,34.46465910643183,34.44112238888794,29.892020594092887,39.36028717985802,31.107106211595305,37.91380302489763
men,2.5,pct_remaining,96,2 Physical only,population,36.0962488704015,36.06280366719392,30.684875590534155,41.74830406463239,32.14056283787402,40.14721153776558
men,2.5,pct_remaining,98,2 Physical only,population,37.38611906536046,37.306979442048586,30.979934229102273,44.10002937573437,32.71872315153074,42.08224963498462
men,2.5,pct_remaining,100,2 Physical only,population,38.199800468138015,38.109197282680384,30.60424657809746,46.188488488158534,32.67506390585152,43.72613701539308
men,2.5,pct_remaining,102,2 Physical only,population,38.42443228953181,38.34487169513085,29.29123740080611,47.86727241057861,31.844646796618886,45.097875016875435
men,2.5,pct_remaining,104,2 Physical only,population,37.99070759601583,37.92720607469504,27.001776732019042,49.11485599115499,30.132913507038154,45.916814070433425
men,2.5,pct_remaining,106,2 Physical only,population,36.894899894505656,36.79961445352795,23.84402905770795,50.08396093215107,27.601157746652856,46.15394344376371
men,2.5,pct_remaining,108,2 Physical only,population,35.277305592236495,35.21167899414749,20.319371239841388,50.691399585634656,24.53935126547627,46.16801931667931
men,2.5,pct_remaining,110,2 Physical only,population,33.83969599984969,33.73821781661845,17.470730382774104,50.94190164997796,21.928005038250692,45.91772091818051
men,2.5,pct_remaining,50,3 Cognitive only,population,1.9600200588033785,1.9568545138250908,1.8078486565636054,2.1230299539735955,1.8494759073899747,2.075772601054415
men,2.5,pct_remaining,52,3 Cognitive only,population,2.0597976552632344,2.056275333554292,1.8971794665753494,2.234795296059148,1.9416124188264599,2.1837559106386766
men,2.5,pct_remaining,54,3 Cognitive only,population,2.169285118138775,2.1653650078954065,1.994130200919024,2.3579431152865222,2.042270050407625,2.3004596680546143
men,2.5,pct_remaining,56,3 Cognitive only,population,2.2895773089932736,2.28557967247147,2.1004772149777997,2.4947128874001354,2.1530069730045205,2.431649609053108
men,2.5,pct_remaining,58,3 Cognitive only,population,2.4225610145131604,2.418011763462611,2.218777960580354,2.646137873347891,2.2740692821099273,2.5782343072701837
men,2.5,pct_remaining,60,3 Cognitive only,population,2.5701341853283033,2.5647831365659233,2.34607894225184,2.8165996459698834,2.406541059714,2.7412385703388145
men,2.5,pct_remaining,62,3 Cognitive only,population,2.7342683843332787,2.729148080852391,2.4869176703364855,3.0077155968112415,2.552223641319159,2.9227970110153496
men,2.5,pct_remaining,64,3 Cognitive only,population,2.91710867045123,2.9114003181900627,2.642177758151673,3.2212066527752743,2.7142105718251384,3.1265823036280675
men,2.5,pct_remaining,66,3 Cognitive only,population,3.121045698916564,3.1149180631919635,2.8126734081359466,3.4619332556833298,2.89494573450939,3.3550411464234355
men,2.5,pct_remaining,68,3 Cognitive only,population,3.348762949941503,3.341855832382395,3.006548252717986,3.7334741275617733,3.0938137190722212,3.6120973622463746
men,2.5,pct_remaining,70,3 Cognitive only,population,3.6032626024500094,3.594879408065914,3.215830088185345,4.037618136358715,3.315295694695424,3.9009311823668695
men,2.5,pct_remaining,72,3 Cognitive only,population,3.8878669912514283,3.8778826869811835,3.4457528116145495,4.377657749763631,3.5595567660355614,4.226605375735507
men,2.5,pct_remaining,74,3 Cognitive only,population,4.206185113686948,4.1945674756183635,3.701165437605422,4.767781098074732,3.8306326643864175,4.593448847763922
men,2.5,pct_remaining,76,3 Cognitive only,population,4.5620252875446905,4.550280717162308,3.9858332793054494,5.207247957744074,4.1313740697552195,5.0084700149225405
men,2.5,pct_remaining,78,3 Cognitive only,population,4.959225542007851,4.945581097410787,4.304192930043944,5.707781446921487,4.462835020472975,5.480158344006415
men,2.5,pct_remaining,80,3 Cognitive only,population,5.401363556686327,5.38547463168105,4.638281446737752,6.276572320103425,4.826953414032669,6.0088020700674285
men,2.5,pct_remaining,82,3 Cognitive only,population,5.891301440892094,5.873632727843915,4.99787132476932,6.917176326179255,5.21738664203581,6.601273478949438
men,2.5,pct_remaining,84,3 Cognitive only,population,6.430525597995077,6.407703563102457,5.373982539344357,7.643809997425322,5.633928146737399,7.273575065933355
men,2.5,pct_remaining,86,3 Cognitive only,population,7.018273953057974,6.985888384881604,5.76868560385661,8.4740558237343,6.0785739536133105,8.020457085034234
men,2.5,pct_remaining,88,3 Cognitive only,population,7.650525966313615,7.615060160881509,6.170510267135205,9.402571442506108,6.538962246916202,8.86107047593612
men,2.5,pct_remaining,90,3 Cognitive only,population,8.319091583916132,8.273036414561439,6.564477561942089,10.43413447694035,6.994110057459577,9.771638240828278
men,2.5,pct_remaining,92,3 Cognitive only,population,9.011280332321135,8.940089125750536,6.916273366167826,11.60014891598567,7.4261488159939075,10.764038656559196
men,2.5,pct_remaining,94,3 Cognitive only,population,9.710903579739174,9.610460322291896,7.213250697690324,12.894566020348533,7.811598348050534,11.84943043064198
men,2.5,pct_remaining,96,3 Cognitive only,population,10.401489156661428,10.250131997222491,7.4013589910340905,14.3453205644774,8.12920922064029,13.00840360045254
men,2.5,pct_remaining,98,3 Cognitive only,population,11.072283873672992,10.839482651069765,7.460806344837158,15.974504867066052,8.329560456856312,14.28138432008601
men,2.5,pct_remaining,100,3 Cognitive only,population,11.726616444583495,11.400893116399768,7.423207434577819,17.926991630013227,8.407191276051524,15.704959073727478
men,2.5,pct_remaining,102,3 Cognitive only,population,12.390421845678175,11.896133547793978,7.238658325138437,20.395263684691816,8.347714710798865,17.39989561788175
men,2.5,pct_remaining,104,3 Cognitive only,population,13.11612360652279,12.360768560714652,6.9304908078593765,23.51204777771203,8.167551316415834,19.580501041970383
men,2.5,pct_remaining,106,3 Cognitive only,population,13.97096725945628,12.856711169362441,6.513092107562879,27.800057088086206,7.895041955324691,22.34212464107835
men,2.5,pct_remaining,108,3 Cognitive only,population,14.967538649185549,13.423096446373926,6.014063074260046,32.90598249764863,7.585719864070258,25.58659033287663
men,2.5,pct_remaining,110,3 Cognitive only,population,15.804345132758382,13.878384119509185,5.673909426296854,37.23705183449065,7.327664221837994,28.29625945295079
men,2.5,pct_remaining,50,4 Both,population,2.3033973948825475,2.3015845861134876,2.1259402097251923,2.495405079513484,2.1767058517762266,2.4373436794273293
men,2.5,pct_remaining,52,4 Both,population,2.436190451918545,2.433857718867308,2.2457951968696888,2.6423741137968637,2.299873993908101,2.579352610492209
men,2.5,pct_remaining,54,4 Both,population,2.5793653354146318,2.5762520375667233,2.3750207193287336,2.801953735393933,2.432176431880013,2.731726503225415
men,2.5,pct_remaining,56,4 Both,population,2.73620278396994,2.7329263651160915,2.5132126372553536,2.9776686512657955,2.577513299526449,2.901842032289754
men,2.5,pct_remaining,58,4 Both,population,2.9099926421601516,2.906490431865373,2.6685749380429904,3.1735249635483687,2.736976612754567,3.090842164937989
men,2.5,pct_remaining,60,4 Both,population,3.1042224085836465,3.0998741805544943,2.8378129745388962,3.394055625672548,2.913577658312483,3.3023998402257346
men,2.5,pct_remaining,62,4 Both,population,3.3227372466259824,3.317910012965485,3.0318217307805524,3.6447912380273775,3.111012537031101,3.543863301652544
men,2.5,pct_remaining,64,4 Both,population,3.5699236381801254,3.5638061325268713,3.2481585232014294,3.929907921417224,3.3338842731462797,3.817560370341559
men,2.5,pct_remaining,66,4 Both,population,3.8509152329005145,3.8432621209655746,3.48953502936869,4.255284148669395,3.5852518386261965,4.128506152011682
men,2.5,pct_remaining,68,4 Both,population,4.171828354112054,4.163459480280917,3.765521143902398,4.62931962318332,3.872579138573402,4.484006665527274
men,2.5,pct_remaining,70,4 Both,population,4.5400394834098,4.530804508817409,4.077793920889376,5.057944675946572,4.199522507194562,4.894958232058206
men,2.5,pct_remaining,72,4 Both,population,4.964518148432573,4.9537388205766035,4.434404673794445,5.556934309788641,4.57913968342477,5.37099154160646
men,2.5,pct_remaining,74,4 Both,population,5.456226736538315,5.444684047584076,4.849900259475163,6.140346500104507,5.010219769434805,5.925381741776652
men,2.5,pct_remaining,76,4 Both,population,6.028592438479812,6.015788338636555,5.326949485358816,6.823386818160417,5.506463606803532,6.573208852706977
men,2.5,pct_remaining,78,4 Both,population,6.698042413295176,6.67973573858151,5.882233690320743,7.627726189850249,6.089744800652051,7.331197666115788
men,2.5,pct_remaining,80,4 Both,population,7.484565807320269,7.46087396329086,6.527065883635954,8.57590543909195,6.7744997952861,8.233106949770187
men,2.5,pct_remaining,82,4 Both,population,8.41221761336947,8.383156348179872,7.287698307614587,9.712669188678156,7.567556792386453,9.302459115732258
men,2.5,pct_remaining,84,4 Both,population,9.509400497802433,9.472584666923131,8.16088593893578,11.070871249654154,8.491812998986417,10.57791797606888
men,2.5,pct_remaining,86,4 Both,population,10.808645974401415,10.763315569623934,9.170794346108705,12.712284750358164,9.570671400079574,12.098059062419765
men,2.5,pct_remaining,88,4 Both,population,12.345474660698795,12.291790632984014,10.345435436018455,14.647673962368646,10.843730011095278,13.915206489705685
men,2.5,pct_remaining,90,4 Both,population,14.155791327447771,14.090167600461376,11.726133134519749,16.973281770524203,12.321932205314369,16.075121820084817
men,2.5,pct_remaining,92,4 Both,population,16.271269400020056,16.18718074896514,13.280959096884915,19.70915284023394,14.04381027275633,18.620631295174885
men,2.5,pct_remaining,94,4 Both,population,18.712471691339054,18.618876447309688,15.076508069581564,22.969403616973754,15.983334822687874,21.616952790745707
men,2.5,pct_remaining,96,4 Both,population,21.480204995009448,21.385623680935588,16.982505888438794,26.650401287364947,18.12119635984086,25.031599351977874
men,2.5,pct_remaining,98,4 Both,population,24.54679678209447,24.426026638165443,19.050244771178395,30.819594593140117,20.450935904211406,28.837325575719213
men,2.5,pct_remaining,100,4 Both,population,27.85021381565335,27.70206528510034,21.21496765455886,35.352780814395274,22.915679620659002,33.04357892688539
men,2.5,pct_remaining,102,4 Both,population,31.294507704359344,31.13364746709269,23.387475490760618,40.19238794045384,25.36271414646335,37.50836772519766
men,2.5,pct_remaining,104,4 Both,population,34.759138692141526,34.58402106467142,25.35366706797174,45.161903011776126,27.736247730702342,42.04277619806446
men,2.5,pct_remaining,106,4 Both,population,38.11173138534853,37.936000004214584,26.900825819608556,50.175579762567914,29.828495313678317,46.607415122394414
men,2.5,pct_remaining,108,4 Both,population,41.15077208206541,41.03937832699668,27.84748678240003,54.99757723975254,31.5396356676117,50.940522892917606
men,2.5,pct_remaining,110,4 Both,population,43.14880737948234,43.042351424232876,28.101790271865077,58.40848912982447,32.40567266584186,53.9715866954433
men,2.5,pct_remaining,50,1 Functional,s1,84.12833268705249,84.12912669511087,83.6663726274237,84.57227582223335,83.79472272646066,84.45516279379602
men,2.5,pct_remaining,52,1 Functional,s1,83.14946508119799,83.15022843222226,82.6641762462438,83.61599579266941,82.79964418154023,83.49243228741369
men,2.5,pct_remaining,54,1 Functional,s1,82.39665653605334,82.39609122256915,81.89145597381216,82.88137447243444,82.04199883551267,82.74307577716317
men,2.5,pct_remaining,56,1 Functional,s1,81.72511295716754,81.72587778753399,81.20307882078845,82.22349846443926,81.3594372194027,82.08203601361657
men,2.5,pct_remaining,58,1 Functional,s1,81.05218888915792,81.05362720964548,80.50943664515832,81.57193857150143,80.66807096274657,81.42520546545903
men,2.5,pct_remaining,60,1 Functional,s1,80.32847620388165,80.32971613880233,79.75331055334858,80.89151444901631,79.91786887868719,80.72671945700499
men,2.5,pct_remaining,62,1 Functional,s1,79.52220031311995,79.5231272344639,78.88712184593301,80.14007157848118,79.07334857584765,79.95708970900111
men,2.5,pct_remaining,64,1 Functional,s1,78.61032502984047,78.61373809503672,77.9094041589789,79.2963775078037,78.11449790336358,79.09196680712485
men,2.5,pct_remaining,66,1 Functional,s1,77.57343630562923,77.57854430100878,76.7904661512705,78.34475380064077,77.02243135728351,78.11440726675134
men,2.5,pct_remaining,68,1 Functional,s1,76.39277649062463,76.39665973611093,75.51394715765653,77.25781285568824,75.78078169381688,76.99477431809125
men,2.5,pct_remaining,70,1 Functional,s1,75.0484980422331,75.05078494539367,74.06461541484043,76.01747956641708,74.35490354572626,75.72882069480289
men,2.5,pct_remaining,72,1 Functional,s1,73.51862226283414,73.52183620110253,72.4084519837095,74.60891097217119,72.73881428676839,74.28034120983132
men,2.5,pct_remaining,74,1 Functional,s1,71.77844879753216,71.78631961436841,70.52144885795994,72.99619016070143,70.90237770423909,72.635647706065825
men,2.5,pct_remaining,76,1 Functional,s1,69.80033557205024,69.81421109110406,68.38029758333771,71.17387883218117,68.80984404377095,70.76252255521236
men,2.5,pct_remaining,78,1 Functional,s1,67.55390123617246,67.56045963801245,65.9428009712149,69.11260321512846,66.42364225810378,68.66339018980233
men,2.5,pct_remaining,80,1 Functional,s1,65.00682066461671,65.01463891578837,63.18682180492109,66.77553273243898,63.706034562939905,66.27641741895975
men,2.5,pct_remaining,82,1 Functional,s1,62.12650077969297,62.134096584466135,60.045762007997325,64.15028040776306,60.64170278414559,63.56541852206135
men,2.5,pct_remaining,84,1 Functional,s1,58.883030213254884,58.887236035262724,56.51754429578686,61.20528643545907,57.197689905427644,60.52522151972538
men,2.5,pct_remaining,86,1 Functional,s1,55.25384964264481,55.25042815738814,52.558608039541454,57.88671609919728,53.3349592105422,57.130473946713934
men,2.5,pct_remaining,88,1 Functional,s1,51.23049562391968,51.23479984327078,48.12041373825194,54.218145976198834,49.04550705023938,53.37388003855559
men,2.5,pct_remaining,90,1 Functional,s1,46.82737492706115,46.8408128458274,43.33279996344311,50.21403496340873,44.346087299979274,49.208621982786404
men,2.5,pct_remaining,92,1 Functional,s1,42.091655145779086,42.09033138253647,38.234000918300026,45.86397421344839,39.3640451733171,44.7685118410616
men,2.5,pct_remaining,94,1 Functional,s1,37.11196669972054,37.110976409449066,32.948369972355636,41.263153941704076,34.16420259593478,40.0428962861724
men,2.5,pct_remaining,96,1 Functional,s1,32.02205744480937,32.02519628229802,27.628094624153743,36.45337996365049,28.894362844067338,35.1536058028301
men,2.5,pct_remaining,98,1 Functional,s1,26.994800471184455,26.97935679322819,22.484144503668702,31.629043725705326,23.763447589590676,30.225660873115327
men,2.5,pct_remaining,100,1 Functional,s1,22.22336934642431,22.175788643455355,17.77292604746827,26.941543927165835,19.015205422385325,25.471899691030565
men,2.5,pct_remaining,102,1 Functional,s1,17.89063818784251,17.84701680157329,13.673366865973572,22.457771330857554,14.804683193544573,21.065406505114947
men,2.5,pct_remaining,104,1 Functional,s1,14.134030114898612,14.07774212303243,10.237684508473315,18.451273622650866,11.2835892611518,17.16106440252402
men,2.5,pct_remaining,106,1 Functional,s1,11.022401464034806,10.936891631907493,7.483740980764776,15.104278844915841,8.376889791919961,13.86165783802546
men,2.5,pct_remaining,108,1 Functional,s1,8.604383677825126,8.477660263185031,5.399053348445169,12.623172989719281,6.1876914377683825,11.294143859363368
men,2.5,pct_remaining,110,1 Functional,s1,7.207151488653321,7.021721092738605,4.186360103085316,11.308316040959477,4.895292030284156,9.858655851681851
men,2.5,pct_remaining,50,2 Physical only,s1,11.739952994544144,11.740560332034242,11.358973780769537,12.127129187201508,11.462568668769011,12.018705503350168
men,2.5,pct_remaining,52,2 Physical only,s1,12.4316887401084,12.431265943233292,12.032185155536203,12.835278753864605,12.140121271314891,12.721153810317457
men,2.5,pct_remaining,54,2 Physical only,s1,12.901730993882667,12.901104161841921,12.49600979359405,13.313305497866027,12.606523865981613,13.195204179915807
men,2.5,pct_remaining,56,2 Physical only,s1,13.278037115861139,13.276795553326565,12.867899732307556,13.700983496601635,12.97637212835696,13.578394712293212
men,2.5,pct_remaining,58,2 Physical only,s1,13.633070711466965,13.632257650775475,13.198131563776549,14.080733505872578,13.318068742863376,13.945270495130973
men,2.5,pct_remaining,60,2 Physical only,s1,14.008115281732735,14.007233436591765,13.535751345581318,14.491282353809584,13.666977309647168,14.346438274064226
men,2.5,pct_remaining,62,2 Physical only,s1,14.427496757897673,14.424832373987702,13.905367739514702,14.96068022055948,14.051747423684205,14.802455157118436
men,2.5,pct_remaining,64,2 Physical only,s1,14.906722553938378,14.902095883474495,14.319866295048788,15.500814054985627,14.486083773146946,15.328379382792717
men,2.5,pct_remaining,66,2 Physical only,s1,15.457066907109573,15.45090074849253,14.799700508734496,16.12328170995928,14.987205412265029,15.932998111726235
men,2.5,pct_remaining,68,2 Physical only,s1,16.088105774878688,16.086017639321852,15.350170772991827,16.840683848828213,15.557324339276878,16.622930168611234
men,2.5,pct_remaining,70,2 Physical only,s1,16.80907035630716,16.805753584651733,15.971355935758362,17.66229448194186,16.206079502969533,17.419453150375617
men,2.5,pct_remaining,72,2 Physical only,s1,17.629499315067147,17.625437053446475,16.683213300663848,18.59362940666089,16.94857959772678,18.32478150634215
men,2.5,pct_remaining,74,2 Physical only,s1,18.559429246803465,18.554001169286412,17.4973903697905,19.65054761786264,17.791631562450817,19.344687906033887
men,2.5,pct_remaining,76,2 Physical only,s1,19.609209236821613,19.60202718623809,18.40197387948142,20.849521756714278,18.734503665749326,20.510494258961888
men,2.5,pct_remaining,78,2 Physical only,s1,20.788919833860582,20.78203449616853,19.41507125206228,22.200262827802444,19.783400405871053,21.8194631777321
men,2.5,pct_remaining,80,2 Physical only,s1,22.10729743230637,22.101984880145658,20.542414234876425,23.725055914527637,20.951202057431065,23.293838087318385
men,2.5,pct_remaining,82,2 Physical only,s1,23.570004677929695,23.556726944395272,21.774556082599513,25.460782134644756,22.237166340693467,24.938147188293826
men,2.5,pct_remaining,84,2 Physical only,s1,25.177055874038096,25.15402653482279,23.08988675004826,27.395129362091733,23.62894164787835,26.766578845165895
men,2.5,pct_remaining,86,2 Physical only,s1,26.919236196216104,26.895968937374718,24.480881908445077,29.492587647136066,25.132604423836234,28.75123749081055
men,2.5,pct_remaining,88,2 Physical only,s1,28.773506298777175,28.75396554468874,25.917253372585794,31.789521515357276,26.68194133800236,30.910894418992722
men,2.5,pct_remaining,90,2 Physical only,s1,30.69774317252627,30.671488855248587,27.372251990489183,34.24052447148196,28.252280398687635,33.204474696559984
men,2.5,pct_remaining,92,2 Physical only,s1,32.625795441856084,32.59746449181592,28.748995139105997,36.80406343208814,29.752480918262,35.550724367640775
men,2.5,pct_remaining,94,2 Physical only,s1,34.46465806779329,34.44112153981552,29.892020038471692,39.3602859467531,31.1071055444698,37.913802282128884
men,2.5,pct_remaining,96,2 Physical only,s1,36.09624834726779,36.06280300655501,30.684875092340196,41.74830325662423,32.14056202660493,40.14721117421769
men,2.5,pct_remaining,98,2 Physical only,s1,37.386118799704455,37.30697923605179,30.979933982679174,44.10002914717617,32.718722883485235,42.08224933813236
men,2.5,pct_remaining,100,2 Physical only,s1,38.19980033042847,38.10919708723816,30.604246475655454,46.18848837541403,32.6750637897979,43.726136933682405
men,2.5,pct_remaining,102,2 Physical only,s1,38.42443221578743,38.34487160700002,29.29123732157543,47.86727227986318,31.84464671466914,45.09787491261817
men,2.5,pct_remaining,104,2 Physical only,s1,37.990707554986884,37.927206019214964,27.001776765983664,49.11485592231765,30.13291350440054,45.916814038160865
men,2.5,pct_remaining,106,2 Physical only,s1,36.894899870965226,36.799614439253254,23.844029043474634,50.08396089142796,27.601157717071633,46.153943392426
men,2.5,pct_remaining,108,2 Physical only,s1,35.27730557850123,35.21167898586882,20.319371226024828,50.691399578185866,24.53935125869347,46.168019307337445
men,2.5,pct_remaining,110,2 Physical only,s1,33.839695990773116,33.73821781101455,17.4707303719145,50.94190164815255,21.92800503884036,45.91772084598099
men,2.5,pct_remaining,50,3 Cognitive only,s1,1.9084880772506945,1.9050676540574254,1.7587984564173846,2.070125498088348,1.798837931003266,2.022579793193695
men,2.5,pct_remaining,52,3 Cognitive only,s1,2.0366604301709894,2.0330829173376164,1.8755073704771763,2.2107697149272196,1.918939849913155,2.159600559236983
men,2.5,pct_remaining,54,3 Cognitive only,s1,2.157488661768593,2.1537332675684646,1.9837496189294201,2.3452648243611245,2.031923708603287,2.288694349325932
men,2.5,pct_remaining,56,3 Cognitive only,s1,2.2833805082861343,2.2793727840606905,2.095732205560526,2.488230896275043,2.1467634817093075,2.4253676051339377
men,2.5,pct_remaining,58,3 Cognitive only,s1,2.419293335137842,2.4146821551775766,2.2155232648996455,2.642669741587301,2.270840509553113,2.5748068936759188
men,2.5,pct_remaining,60,3 Cognitive only,s1,2.56842192481771,2.5630385380903333,2.344282221459367,2.815342649336431,2.4048159651883574,2.7394416368508314
men,2.5,pct_remaining,62,3 Cognitive only,s1,2.733383645760805,2.7282754010980774,2.4864110768750787,3.0068777052083226,2.5513540536405057,2.921883784784736
men,2.5,pct_remaining,64,3 Cognitive only,s1,2.916662230412328,2.9110202844435795,2.641969357565555,3.2207961693399074,2.713827074387875,3.12614328274491
men,2.5,pct_remaining,66,3 Cognitive only,s1,3.120829036632132,3.1147188905484966,2.812472188203494,3.461643535912066,2.89474699591925,3.354765591874508
men,2.5,pct_remaining,68,3 Cognitive only,s1,3.3486646094093566,3.341719608906599,3.0064806130416772,3.7333564942242954,3.093742244900308,3.612045862232896
men,2.5,pct_remaining,70,3 Cognitive only,s1,3.6032234062035413,3.5948433929853545,3.215789941650721,4.037550640070808,3.315227165407685,3.9008856936063756
men,2.5,pct_remaining,72,3 Cognitive only,s1,3.8878559185796644,3.8778711346575188,3.4457527796303733,4.377633963243998,3.5595444720512823,4.22657258166261
men,2.5,pct_remaining,74,3 Cognitive only,s1,4.206186259785877,4.194572210959327,3.7011661182345654,4.76780547103987,3.830627234396139,4.593455897582081
men,2.5,pct_remaining,76,3 Cognitive only,s1,4.562030797215415,4.550281558709386,3.9858498265866245,5.207268958650092,4.131378543867293,5.008485147998804
men,2.5,pct_remaining,78,3 Cognitive only,s1,4.959231780250286,4.945584804650677,4.304200978286207,5.707784010383432,4.462843352651686,5.480165574827386
men,2.5,pct_remaining,80,3 Cognitive only,s1,5.401369040823567,5.3854807580447,4.638287279556504,6.276585841869943,4.826958681089035,6.008807297282739
men,2.5,pct_remaining,82,3 Cognitive only,s1,5.8913057346389595,5.873635414764693,4.997875213956404,6.917180319165824,5.217390307932702,6.601278279359401
men,2.5,pct_remaining,84,3 Cognitive only,s1,6.43052873134897,6.407707572594068,5.373984258882142,7.64381248652199,5.63393170833331,7.273578176477873
men,2.5,pct_remaining,86,3 Cognitive only,s1,7.018276128527027,6.985889343731262,5.768687697215128,8.474059034465824,6.078575955891836,8.020459639014256
men,2.5,pct_remaining,88,3 Cognitive only,s1,7.650527419210681,7.615061784002138,6.1705119823737435,9.40257271382396,6.538963699449013,8.861071816634821
men,2.5,pct_remaining,90,3 Cognitive only,s1,8.319092523485581,8.273037390937633,6.564478331004783,10.434135683687414,6.994110696347148,9.771639241326904
men,2.5,pct_remaining,92,3 Cognitive only,s1,9.011280923340172,8.940089587196013,6.916273871125664,11.600149671152476,7.426149248705786,10.764039742540776
men,2.5,pct_remaining,94,3 Cognitive only,s1,9.710903942719964,9.610460648257863,7.213250862068861,12.894566621046366,7.811598623744146,11.84943088839277
men,2.5,pct_remaining,96,3 Cognitive only,s1,10.401489375211673,10.250132380688271,7.4013593174469525,14.345320734637113,8.12920946785913,13.008403802669958
men,2.5,pct_remaining,98,3 Cognitive only,s1,11.072284003408793,10.839482754431398,7.460806419654837,15.974504987917099,8.329560549669171,14.28138451335384
men,2.5,pct_remaining,100,3 Cognitive only,s1,11.726616521164889,11.400893259478027,7.423207476941422,17.926991665956216,8.407191348968789,15.704959102339405
men,2.5,pct_remaining,102,3 Cognitive only,s1,12.390421891173771,11.89613358940283,7.238658351021509,20.395263781673844,8.347714748749068,17.399895697524062
men,2.5,pct_remaining,104,3 Cognitive only,s1,13.116123634076907,12.360768572866986,6.930490821347973,23.512047802730315,8.167551322493322,19.580501125153877
men,2.5,pct_remaining,106,3 Cognitive only,s1,13.970967276553111,12.856711181986999,6.513092109122498,27.80005710400182,7.895041958389169,22.342124654884014
men,2.5,pct_remaining,108,3 Cognitive only,s1,14.967538660002202,13.423096448806401,6.014063075614482,32.905982503099864,7.585719864419508,25.58659033862198
men,2.5,pct_remaining,110,3 Cognitive only,s1,15.804345140382475,13.878384123910356,5.673909431226464,37.237051837960536,7.327664231011572,28.296259489238107
men,2.5,pct_remaining,50,4 Both,s1,2.2232262411526755,2.2208622671607836,2.047800398636712,2.414401956084004,2.0974537350665337,2.355549343384092
men,2.5,pct_remaining,52,4 Both,s1,2.382185748522621,2.379509628293262,2.193835159452212,2.587443097574459,2.2478290265647836,2.5245548551084003
men,2.5,pct_remaining,54,4 Both,s1,2.5441238082953923,2.541253939274655,2.3407154968800032,2.7652567676830837,2.398144708482488,2.697083585103675
men,2.5,pct_remaining,56,4 Both,s1,2.7134694186851886,2.709973992901894,2.491582667471707,2.953550204616853,2.5551808780578265,2.879146326870804
men,2.5,pct_remaining,58,4 Both,s1,2.8954470642372754,2.891872985812762,2.6546823509910786,3.1586806528770435,2.7223059541660715,3.0758722690081934
men,2.5,pct_remaining,60,4 Both,s1,3.0949865895679,3.090579720547269,2.828715337482248,3.3840731366044565,2.9042282841909755,3.2930767233761262
men,2.5,pct_remaining,62,4 Both,s1,3.316919283221567,3.3118362769100846,3.025696894005695,3.639225550162455,3.1052871780207445,3.538478742759292
men,2.5,pct_remaining,64,4 Both,s1,3.566290185808822,3.5600852714842564,3.2441257252831823,3.926282725688411,3.3299914431867634,3.8139206935218697
men,2.5,pct_remaining,66,4 Both,s1,3.8486677506290654,3.841001114864094,3.487847530364505,4.252798557055329,3.582983669729229,4.126187889193143
men,2.5,pct_remaining,68,4 Both,s1,4.170453125087323,4.162021161985188,3.7640205023669138,4.6281542900928,3.8711119193301062,4.482411261471617
men,2.5,pct_remaining,70,4 Both,s1,4.539208195256196,4.529903849658405,4.076913302263121,5.056985602035697,4.198822606959929,4.894299666412409
men,2.5,pct_remaining,72,4 Both,s1,4.964022503519049,4.953268974038363,4.434001360763814,5.5564113195385225,4.578745388188848,5.370553213254978
men,2.5,pct_remaining,74,4 Both,s1,5.455935695878501,5.444392989190213,4.849622275045891,6.140043894711712,5.010014789739174,5.925075154575279
men,2.5,pct_remaining,76,4 Both,s1,6.028424393912729,6.015641206558094,5.32679388535467,6.8231482440523346,5.506343753087859,6.572980393813365
men,2.5,pct_remaining,78,4 Both,s1,6.697947149716665,6.679648687251149,5.8821139940354925,7.627615262247205,6.089677077151477,7.331107145652787
men,2.5,pct_remaining,80,4 Both,s1,7.484512862253349,7.460826194678298,6.5270146455291504,8.575828817505066,6.774446375706031,8.233065441703042
men,2.5,pct_remaining,82,4 Both,s1,8.412188807738378,8.38312163894858,7.287656621986617,9.71261284845612,7.567534972136657,9.302425978756531
men,2.5,pct_remaining,84,4 Both,s1,9.50938518135805,9.472570823810617,8.160874567003008,11.070861124180599,8.491797431228056,10.577903792853526
men,2.5,pct_remaining,86,4 Both,s1,10.808638032612059,10.763306914553732,9.170785625240297,12.71226753542728,9.570661024734008,12.098049321127123
men,2.5,pct_remaining,88,4 Both,s1,12.345470658092466,12.291786612486735,10.345431866229895,14.647667976374144,10.843726350387625,13.915199726432
men,2.5,pct_remaining,90,4 Both,s1,14.155789376927,14.090164539871362,11.726132578533855,16.973279251602566,12.32193084821928,16.07511915341518
men,2.5,pct_remaining,92,4 Both,s1,16.271268489024663,16.187180360477708,13.28095872619727,19.70915125392409,14.043809641995924,18.620630078512228
men,2.5,pct_remaining,94,4 Both,s1,18.712471289766214,18.618875941190176,15.07650792968768,22.969403479319492,15.983334291977194,21.61695253007442
men,2.5,pct_remaining,96,4 Both,s1,21.48020483271117,21.3856235586705,16.982505684802216,26.650400729724236,18.121196289752017,25.031598979604773
men,2.5,pct_remaining,98,4 Both,s1,24.546796725702297,24.42602661054822,19.05024482674316,30.8195944501513,20.45093594103742,28.837325675410096
men,2.5,pct_remaining,100,4 Both,s1,27.85021380198234,27.702065258758523,21.214967535259785,35.35278074263684,22.915679602258287,33.043578898196124
men,2.5,pct_remaining,102,4 Both,s1,31.294507705196295,31.133647456787273,23.387475473577904,40.1923878723404,25.362714165366828,37.50836769203184
men,2.5,pct_remaining,104,4 Both,s1,34.759138696037596,34.58402106799534,25.35366708679043,45.16190300842591,27.736247784878046,42.042776171941135
men,2.5,pct_remaining,106,4 Both,s1,38.111731388446856,37.93600000613692,26.900825827929523,50.17557976768756,29.82849531140698,46.607415126332505
men,2.5,pct_remaining,108,4 Both,s1,41.15077208367145,41.039378333299084,27.84748679255079,54.997577242957576,31.539635660506725,50.940522888561546
men,2.5,pct_remaining,110,4 Both,s1,43.14880738019109,43.04235142375147,28.10179027661822,58.40848912675825,32.405672663029556,53.97158669602762
men,2.5,pct_remaining,50,1 Functional,s2,71.96912785128386,71.98941088785978,70.54858475836966,73.30693725688234,70.94496721997555,72.95893637281195
men,2.5,pct_remaining,52,1 Functional,s2,76.3749921732994,76.40055000295268,75.05392940231108,77.60425434348149,75.420025805177,77.28413872733833
men,2.5,pct_remaining,54,1 Functional,s2,78.6523343976915,78.67260494915146,77.59987981473813,79.62533568579337,77.89787378960335,79.3727979373617
men,2.5,pct_remaining,56,1 Functional,s2,79.66315922107911,79.67359368967692,78.82951703242952,80.4290487017149,79.0823455316236,80.21348003455851
men,2.5,pct_remaining,58,1 Functional,s2,79.91769141470118,79.92491389965711,79.23749336995813,80.55857998037447,79.44651497777421,80.37596997917201
men,2.5,pct_remaining,60,1 Functional,s2,79.7035919609152,79.70570149368379,79.0773195113456,80.3067846503279,79.25748545022167,80.13175841282919
men,2.5,pct_remaining,62,1 Functional,s2,79.17720133565065,79.17761070464516,78.5274338811513,79.80538577002352,78.71963438490873,79.61946403720295
men,2.5,pct_remaining,64,1 Functional,s2,78.41929573713509,78.42283361118758,77.71650910863615,79.11147757136891,77.92148191951979,78.89894316510536
men,2.5,pct_remaining,66,1 Functional,s2,77.46737213937084,77.47329696212206,76.6890484049423,78.24102477487412,76.91691013209325,78.00342803962657
men,2.5,pct_remaining,68,1 Functional,s2,76.33377842174248,76.3376653497211,75.4610142316721,77.19785484541755,75.72333533539684,76.9340932611933
men,2.5,pct_remaining,70,1 Functional,s2,75.01566973802669,75.01898303791938,74.03346274959293,75.98454144864569,74.32315924954415,75.69297200130326
men,2.5,pct_remaining,72,1 Functional,s2,73.50038643313133,73.50319035589715,72.3899536414356,74.59122970611047,72.72050046253649,74.2606801652299
men,2.5,pct_remaining,74,1 Functional,s2,71.7683599055065,71.77579430169615,70.51161391427675,72.9860382269531,70.89266651614064,72.6258122996935
men,2.5,pct_remaining,76,1 Functional,s2,69.79479072918907,69.80870172914365,68.374149579156,71.16802255935006,68.80443880725143,70.75721736492324
men,2.5,pct_remaining,78,1 Functional,s2,67.55088189611985,67.55727672267503,65.9387218943862,69.11031679253293,66.42025174199337,68.65987682766284
men,2.5,pct_remaining,80,1 Functional,s2,65.00519604251927,65.01310475904069,63.18448722303003,66.77405686562004,63.70425276179186,66.2743158827263
men,2.5,pct_remaining,82,1 Functional,s2,62.125639297935145,62.13326167448568,60.04507212045989,64.14965053738756,60.64076129113475,63.564599290778624
men,2.5,pct_remaining,84,1 Functional,s2,58.88258125967838,58.88677464337224,56.517262943837096,61.20476228117287,57.19723876937253,60.52479285597564
men,2.5,pct_remaining,86,1 Functional,s2,55.25362037132532,55.2502042730772,52.55833820981458,57.88650517732732,53.33475492954656,57.13015785268938
men,2.5,pct_remaining,88,1 Functional,s2,51.23038126407794,51.23469589045076,48.120302789721606,54.218058207812454,49.04536745136323,53.37380252623749
men,2.5,pct_remaining,90,1 Functional,s2,46.82731942366034,46.84075751289791,43.33272013991133,50.213973062013494,44.346024910222845,49.208547245855534
men,2.5,pct_remaining,92,1 Functional,s2,42.091629053713575,42.09031397525364,38.23396769759104,45.863944374057375,39.364015962563364,44.76849610314402
men,2.5,pct_remaining,94,1 Functional,s2,37.111954883963286,37.11096370992965,32.94835649703923,41.26314576184962,34.16418710561523,40.042883420046174
men,2.5,pct_remaining,96,1 Functional,s2,32.02205232344478,32.02519367250651,27.628089720739737,36.453375510517404,28.894357226130083,35.15360126130051
men,2.5,pct_remaining,98,1 Functional,s2,26.994798361530343,26.9793533474894,22.48414289172845,31.62904132806077,23.76344566988111,30.225658822956376
men,2.5,pct_remaining,100,1 Functional,s2,22.223368525813985,22.17578821312135,17.772924579503613,26.94154317423688,19.015203845639594,25.471897656282422
men,2.5,pct_remaining,102,1 Functional,s2,17.89063788706141,17.847016361984856,13.673366878092327,22.457771044819946,14.804682849639072,21.065405927759233
men,2.5,pct_remaining,104,1 Functional,s2,14.134030009754898,14.07774184526002,10.237684689598716,18.451273595461796,11.283589189806685,17.16106436862569
men,2.5,pct_remaining,106,1 Functional,s2,11.022401427285715,10.936891525463519,7.483740950120532,15.104278802211567,8.376889742248208,13.861657738982375
men,2.5,pct_remaining,108,1 Functional,s2,8.604383663388186,8.477660250257681,5.399053373928241,12.623172953881877,6.187691397136967,11.294143853193512
men,2.5,pct_remaining,110,1 Functional,s2,7.207151480466379,7.021721089726785,4.186360103976671,11.308316027525146,4.895292022971204,9.858655852691822
men,2.5,pct_remaining,50,2 Physical only,s2,23.329510351183263,23.305819916060432,22.060672703699712,24.69873820564869,22.40109075913639,24.300190619249477
men,2.5,pct_remaining,52,2 Physical only,s2,18.66456949663394,18.639285204773536,17.504193430253228,19.916818448347485,17.821149975964843,19.553320765260384
men,2.5,pct_remaining,54,2 Physical only,s2,16.24806721215147,16.229264926491304,15.37450523863141,17.215555615077918,15.60363168438526,16.933602352139776
men,2.5,pct_remaining,56,2 Physical only,s2,15.071270728318659,15.056801477174488,14.413628458942233,15.785272087478926,14.583707693900125,15.583968951315452
men,2.5,pct_remaining,58,2 Physical only,s2,14.59307647878979,14.588612227367626,14.041641575384578,15.158747072658446,14.20036849159621,14.988634604130318
men,2.5,pct_remaining,60,2 Physical only,s2,14.522183598211464,14.52327833736522,14.011061510598953,15.039538438815024,14.156473715571996,14.88491924210478
men,2.5,pct_remaining,62,2 Physical only,s2,14.703186669450943,14.701198019239303,14.16865317561586,15.24474414474331,14.321494239722933,15.079331669361693
men,2.5,pct_remaining,64,2 Physical only,s2,15.05494675682954,15.052167614263361,14.469651307915957,15.648390958433964,14.635380820308033,15.471881061686219
men,2.5,pct_remaining,66,2 Physical only,s2,15.537012393984876,15.529848681668245,14.881841518200288,16.204686249298454,15.067211321469173,16.008818389338458
men,2.5,pct_remaining,68,2 Physical only,s2,16.13136862662134,16.129154739973224,15.393244592087532,16.883550028691214,15.601091698084913,16.664092752514893
men,2.5,pct_remaining,70,2 Physical only,s2,16.83255200604882,16.829031858442598,15.997351917415441,17.686478975607603,16.231282090291156,17.441240022294927
men,2.5,pct_remaining,72,2 Physical only,s2,17.642271498782886,17.63811362001938,16.696681185263394,18.606076956136285,16.962024833485295,18.33777242358398
men,2.5,pct_remaining,74,2 Physical only,s2,18.566382179389517,18.560708732020213,17.504570619309263,19.657959616141696,17.798800089790397,19.351322277513656
men,2.5,pct_remaining,76,2 Physical only,s2,19.612991325887155,19.60566433464826,18.40660518270771,20.853566328448498,18.73840645710721,20.513793435157204
men,2.5,pct_remaining,78,2 Physical only,s2,20.790971684534284,20.784102833705116,19.417324778174212,22.202368792898245,19.785527536722142,21.82156334357038
men,2.5,pct_remaining,80,2 Physical only,s2,22.108405428247288,22.103144193107603,20.543636339544918,23.725958642603846,20.952529492276,23.295079641790895
men,2.5,pct_remaining,82,2 Physical only,s2,23.570598998356452,23.557423282272463,21.775172060233775,25.461422334577943,22.237702676250994,24.93872502973081
men,2.5,pct_remaining,84,2 Physical only,s2,25.177371912384086,25.154367852256577,23.09029726055837,27.395390259604333,23.629286579297144,26.766977504252736
men,2.5,pct_remaining,86,2 Physical only,s2,26.919402517121146,26.896141264081482,24.48099913116439,29.492712952315916,25.13277074038635,28.751408417387058
men,2.5,pct_remaining,88,2 Physical only,s2,28.773592816211988,28.754071227568154,25.91732735720297,31.78960405687908,26.68200076516244,30.91098572143348
men,2.5,pct_remaining,90,2 Physical only,s2,30.69778764040986,30.671547194437032,27.37227739378182,34.240575314733775,28.25233249124242,33.204526170816216
men,2.5,pct_remaining,92,2 Physical only,s2,32.62581804820266,32.59747862432063,28.74902443087252,36.80408592838592,29.752513311752132,35.55074314257748
men,2.5,pct_remaining,94,2 Physical only,s2,34.464669471830206,34.441130424320136,29.892026176577154,39.36029948538442,31.107112628801886,37.913809981145555
men,2.5,pct_remaining,96,2 Physical only,s2,36.096254091627706,36.06281013352204,30.684880146776923,41.74831233626704,32.14057099098805,40.14721527908932
men,2.5,pct_remaining,98,2 Physical only,s2,37.386121717096245,37.30698135408366,30.979936482788716,44.10003188867686,32.71872563952171,42.08225248631238
men,2.5,pct_remaining,100,2 Physical only,s2,38.199801842908066,38.10919918538656,30.604247574822306,46.18848969810884,32.6750650578191,43.726137824065994
men,2.5,pct_remaining,102,2 Physical only,s2,38.424433025816626,38.34487258364506,29.291238205998265,47.867273567885164,31.8446476224777,45.09787610037251
men,2.5,pct_remaining,104,2 Physical only,s2,37.990708005695126,37.92720664967827,27.001776394850868,49.1148566963372,30.13291353434424,45.916814401559115
men,2.5,pct_remaining,106,2 Physical only,s2,36.8949001295637,36.79961459172939,23.844029201912996,50.08396131353385,27.601158036574482,46.15394397606193
men,2.5,pct_remaining,108,2 Physical only,s2,35.277305729369345,35.211679080290025,20.31937138658321,50.69139965937322,24.53935132444506,46.168019412947885
men,2.5,pct_remaining,110,2 Physical only,s2,33.83969609044587,33.73821786535298,17.470730491443,50.941901666960426,21.92800503244127,45.91772162686007
men,2.5,pct_remaining,50,3 Cognitive only,s2,2.065583200218883,2.0579382937312176,1.85768126136089,2.314625533600952,1.9113256618536985,2.2367393654217227
men,2.5,pct_remaining,52,3 Cognitive only,s2,2.1815151030834232,2.1763155330948583,1.9708264727735207,2.418781917420138,2.0304786621263133,2.344405528225484
men,2.5,pct_remaining,54,3 Cognitive only,s2,2.251412475057186,2.247409986664308,2.0541334617921683,2.463987174669351,2.111652824715578,2.4001584251910226
men,2.5,pct_remaining,56,3 Cognitive only,s2,2.338418818712728,2.3340608874410465,2.142611907093336,2.547968224065094,2.1957910879196874,2.486400322508886
men,2.5,pct_remaining,58,3 Cognitive only,s2,2.450064190501293,2.4454597864247973,2.242854300842154,2.677360095156873,2.299035327202156,2.6079762057652944
men,2.5,pct_remaining,60,3 Cognitive only,s2,2.5851087829171635,2.580280135897635,2.358715882304443,2.833021280897846,2.4212785987062366,2.756286243860725
men,2.5,pct_remaining,62,3 Cognitive only,s2,2.7421887637786306,2.7370663676305087,2.493268739949756,3.0153855752396215,2.560181716290475,2.93132652660165
men,2.5,pct_remaining,64,3 Cognitive only,s2,2.9211613789066755,2.9155752909469337,2.647180442075169,3.225207266887395,2.718088690927058,3.1306876442086295
men,2.5,pct_remaining,66,3 Cognitive only,s2,3.123025782824623,3.1167534796671523,2.814946714352603,3.464115017918963,2.8961545707239016,3.357115877537869
men,2.5,pct_remaining,68,3 Cognitive only,s2,3.3496608025707317,3.342772869772693,3.00753542775395,3.7345020523238,3.0945494003400325,3.61338961831084
men,2.5,pct_remaining,70,3 Cognitive only,s2,3.60361515100373,3.595150748502354,3.2161235198853757,4.03791643974175,3.31560104915942,3.9013498095441896
men,2.5,pct_remaining,72,3 Cognitive only,s2,3.887959617738616,3.8778862643393186,3.445777380221926,4.377870104988278,3.5596562738190998,4.22678592725495
men,2.5,pct_remaining,74,3 Cognitive only,s2,4.206165434228923,4.194559060240559,3.701158056797952,4.767644641776677,3.83062723175716,4.593370068331321
men,2.5,pct_remaining,76,3 Cognitive only,s2,4.5619665360144666,4.550268211064151,3.985674209605573,5.207138070300927,4.1313261427960954,5.008302068924616
men,2.5,pct_remaining,78,3 Cognitive only,s2,4.959161587177066,4.945567111359762,4.304116521514015,5.70774978856605,4.4627507844857215,5.480086175498043
men,2.5,pct_remaining,80,3 Cognitive only,s2,5.4013080729963505,5.385417753045827,4.638227679287953,6.276442669897701,4.8268978169259364,6.008745937986458
men,2.5,pct_remaining,82,3 Cognitive only,s2,5.8912582628077566,5.873603257604531,4.99783081412721,6.9171339574893205,5.217350700175887,6.60122422074635
men,2.5,pct_remaining,84,3 Cognitive only,s2,6.430494188555388,6.4076639128481165,5.37396581899653,7.643783392985318,5.633903433421069,7.273545350990208
men,2.5,pct_remaining,86,3 Cognitive only,s2,7.0182521844553145,6.985877587157853,5.768665366800493,8.474023700866425,6.078554152274518,8.020431838108701
men,2.5,pct_remaining,88,3 Cognitive only,s2,7.650511443148258,7.61504221983561,6.170493537623759,9.402558623655818,6.538947642238163,8.861057660652328
men,2.5,pct_remaining,90,3 Cognitive only,s2,8.319082197763386,8.273026619764053,6.564470363587283,10.434121540032962,6.9941035315833675,9.771628614076207
men,2.5,pct_remaining,92,3 Cognitive only,s2,9.011274430279466,8.940084297650625,6.916268226137248,11.60014101276215,7.426144631853369,10.764028342500076
men,2.5,pct_remaining,94,3 Cognitive only,s2,9.710899955677212,9.610457203545414,7.213248941081946,12.894560579902587,7.8115955353013735,11.849425822239725
men,2.5,pct_remaining,96,3 Cognitive only,s2,10.401486974827618,10.25012831065584,7.401355873459638,14.345318963083745,8.129206921522599,13.008401553117276
men,2.5,pct_remaining,98,3 Cognitive only,s2,11.072282578506076,10.839481612324597,7.460805629459957,15.974503716763314,8.32955943511142,14.281382355805663
men,2.5,pct_remaining,100,3 Cognitive only,s2,11.726615680010163,11.400891704071004,7.423207021820029,17.926991272055012,8.40719048883523,15.704958774547897
men,2.5,pct_remaining,102,3 Cognitive only,s2,12.390421391392318,11.896133094372944,7.238658059892965,20.39526269991021,8.34771436065098,17.39989475630965
men,2.5,pct_remaining,104,3 Cognitive only,s2,13.116123331330028,12.360768438596505,6.9304906773048405,23.51204751860957,8.167551255958788,19.580500206828017
men,2.5,pct_remaining,106,3 Cognitive only,s2,13.970967088669918,12.856711031764856,6.513092091882609,27.80005690848632,7.895041927602714,22.342124498186514
men,2.5,pct_remaining,108,3 Cognitive only,s2,14.967538541130171,13.423096423582722,6.014063060687189,32.90598244541655,7.585719860530854,25.586590273229728
men,2.5,pct_remaining,110,3 Cognitive only,s2,15.80434505661118,13.878384074025764,5.673909370878237,37.23705180209587,7.327664134904795,28.296259147468778
men,2.5,pct_remaining,50,4 Both,s2,2.635778597313991,2.6289898164377297,2.378167919830767,2.9263691812256196,2.4514669956127846,2.833087924804352
men,2.5,pct_remaining,52,4 Both,s2,2.7789232269832325,2.7719343963301215,2.5183151700897324,3.068467696919368,2.5927703514940954,2.9766358806381463
men,2.5,pct_remaining,54,4 Both,s2,2.8481859150998496,2.8449405667765286,2.6009408266272698,3.118107463274744,2.6706310491327168,3.0338959661419
men,2.5,pct_remaining,56,4 Both,s2,2.927151231889501,2.923934179576813,2.6859225219904914,3.188467817474736,2.751942072955843,3.1088189464889897
men,2.5,pct_remaining,58,4 Both,s2,3.039167916007729,3.0347418959113264,2.790715938384112,3.3114509079816465,2.8574147528109815,3.2266062776069435
men,2.5,pct_remaining,60,4 Both,s2,3.189115657956169,3.1852650290557243,2.922797683650474,3.4821439875141063,2.995092288661338,3.3910313599417705
men,2.5,pct_remaining,62,4 Both,s2,3.3774232311197716,3.372126767495598,3.083869296042704,3.700240298640135,3.16683163233595,3.5992651946683565
men,2.5,pct_remaining,64,4 Both,s2,3.6045961271287026,3.598502625649892,3.281886429085136,3.9655130175979063,3.3679987811255807,3.8525609249120367
men,2.5,pct_remaining,66,4 Both,s2,3.872589683819669,3.8652580819497406,3.5103705555926226,4.277436078304298,3.6064885927543178,4.15104134413285
men,2.5,pct_remaining,68,4 Both,s2,4.18519214906545,4.176616437104684,3.7780166685671848,4.643062766575498,3.8859820258613524,4.497846028622894
men,2.5,pct_remaining,70,4 Both,s2,4.548163104920763,4.539200905896544,4.086361385021944,5.066247254704882,4.208002259715201,4.903594739694496
men,2.5,pct_remaining,72,4 Both,s2,4.969382450347175,4.958564216420125,4.439103728462336,5.562059788302185,4.584344246583636,5.376109319132764
men,2.5,pct_remaining,74,4 Both,s2,5.459092480875064,5.447274949390479,4.852327958817415,6.143369903184979,5.013089142986852,5.928679371374414
men,2.5,pct_remaining,76,4 Both,s2,6.030251408909297,6.017609082278492,5.328063276941246,6.825383032935129,5.508379132291187,6.5751348928543365
men,2.5,pct_remaining,78,4 Both,s2,6.698984832168797,6.680781411097433,5.883458871357615,7.628819565006134,6.090425131397915,7.332176965292481
men,2.5,pct_remaining,80,4 Both,s2,7.485090456237089,7.46138888275988,6.527561145003163,8.576482961671879,6.774976965906573,8.233625188628672
men,2.5,pct_remaining,82,4 Both,s2,8.412503440900645,8.383459754101207,7.28808691190789,9.713110154958699,7.567768630934496,9.302756966827657
men,2.5,pct_remaining,84,4 Both,s2,9.509552639382147,9.472715537471013,8.160990882802412,11.070971870665623,8.491953803408606,10.578062733029448
men,2.5,pct_remaining,86,4 Both,s2,10.808724927098218,10.763396733811776,9.170881157336169,12.71244959799821,9.570774493080524,12.098160359292432
men,2.5,pct_remaining,88,4 Both,s2,12.345514476561814,12.291827562368198,10.345471709788285,14.647734712253799,10.843769539361595,13.915266969510746
men,2.5,pct_remaining,90,4 Both,s2,14.155810738166416,14.090200983407119,11.726138443480911,16.97330702966213,12.321949196510786,16.075147170526492
men,2.5,pct_remaining,92,4 Both,s2,16.271278467804294,16.18718495477967,13.280962799413219,19.70916845958105,14.043816771094564,18.620643859024014
men,2.5,pct_remaining,94,4 Both,s2,18.7124756885293,18.618881366214325,15.076509561328422,22.96940494869118,15.98333965453654,21.61695544855458
men,2.5,pct_remaining,96,4 Both,s2,21.480206610099895,21.385624899175998,16.98250789397593,26.650407098407673,18.121196975709278,25.0316029494075
men,2.5,pct_remaining,98,4 Both,s2,24.546797342867333,24.42602689969372,19.050244233415928,30.819595707127455,20.450935538695312,28.837324470828314
men,2.5,pct_remaining,100,4 Both,s2,27.850213951267786,27.70206556098694,21.2149687605998,35.35278150757368,22.915679794999765,33.04357921382826
men,2.5,pct_remaining,102,4 Both,s2,31.29450769572965,31.133647573876353,23.387475667929085,40.19238863436723,25.362713945145064,37.508368063901784
men,2.5,pct_remaining,104,4 Both,s2,34.75913865321995,34.584021030158326,25.353666862820823,45.161903045197555,27.736247204966308,42.042776438769224
men,2.5,pct_remaining,106,4 Both,s2,38.11173135448067,37.9359999854956,26.900825736258955,50.17557971028803,29.828495337143003,46.607415082405794
men,2.5,pct_remaining,108,4 Both,s2,41.1507720661123,41.03937826548136,27.84748667438269,54.99757720872903,31.53963574070508,50.940522935550256
men,2.5,pct_remaining,110,4 Both,s2,43.14880737247657,43.042351428811514,28.101790225213986,58.40848916059217,32.40567269346903,53.97158669008679
men,2.5,pct_remaining,50,1 Functional,s3,76.07239334344852,76.13950282740421,73.76203992820813,78.02110997569991,74.45250781854979,77.53191426286088
men,2.5,pct_remaining,52,1 Functional,s3,79.70570846275598,79.7648379763527,77.72173171742703,81.3405181938613,78.3374479844781,80.9344918052573
men,2.5,pct_remaining,54,1 Functional,s3,80.59782181602444,80.64167964609445,79.2738827354289,81.67497520462278,79.69834367965674,81.40663499222669
men,2.5,pct_remaining,56,1 Functional,s3,80.73219741067754,80.75746457350819,79.82738068010435,81.49790367810938,80.11384863311636,81.29971535394151
men,2.5,pct_remaining,58,1 Functional,s3,80.49611929610064,80.50319984085957,79.80425696557309,81.12046688883584,80.01018945568967,80.96131370520165
men,2.5,pct_remaining,60,1 Functional,s3,80.01593255973089,80.01967242787296,79.38204649499404,80.61828546226859,79.56732293321532,80.44883052417664
men,2.5,pct_remaining,62,1 Functional,s3,79.3463984027217,79.34471078457767,78.69123164614962,79.9756682077481,78.88436548804654,79.79805662689684
men,2.5,pct_remaining,64,1 Functional,s3,78.51143846074142,78.51349940452873,77.80729972418202,79.19918590641907,78.01299201283813,78.99721341099999
men,2.5,pct_remaining,66,1 Functional,s3,77.51783968327551,77.52209942188009,76.73041447638012,78.29267369062016,76.96583226644476,78.05432605900155
men,2.5,pct_remaining,68,1 Functional,s3,76.36155634085165,76.36551490977212,75.48540539243143,77.22794232823809,75.74755565769455,76.96234604015174
men,2.5,pct_remaining,70,1 Functional,s3,75.03100796301449,75.03450827465937,74.04622847264196,75.99928701284998,74.33793453141458,75.70896104112167
men,2.5,pct_remaining,72,1 Functional,s3,73.50886254189052,73.51140868286443,72.39839754003974,74.59846757175632,72.72806443179088,74.26949983500688
men,2.5,pct_remaining,74,1 Functional,s3,71.77303438741633,71.78086961277059,70.51634269541285,72.98999208929442,70.89708492100765,72.62934878663619
men,2.5,pct_remaining,76,1 Functional,s3,69.79735556346313,69.81150257229675,68.37611619726945,71.17089365205413,68.80681723469672,70.75913115490629
men,2.5,pct_remaining,78,1 Functional,s3,67.55227769022787,67.55902513521521,65.9404683595382,69.11129802684667,66.42226575428067,68.6616416166085
men,2.5,pct_remaining,80,1 Functional,s3,65.0059471162909,65.01395272977966,63.18585909012745,66.77471103993102,63.70533732249663,66.27560316021666
men,2.5,pct_remaining,82,1 Functional,s3,62.12603770931085,62.13359002538482,60.04539307365381,64.14995141755703,60.64138961020028,63.56485766397636
men,2.5,pct_remaining,84,1 Functional,s3,58.8827889719691,58.887025116343096,56.5173898027721,61.204984363135104,57.197482589729105,60.52496678259737
men,2.5,pct_remaining,86,1 Functional,s3,55.25372647299447,55.25029069579697,52.558403664389466,57.88661901768595,53.334787585047835,57.13036789398209
men,2.5,pct_remaining,88,1 Functional,s3,51.23043418662171,51.23475025631082,48.12032172655773,54.21809194793444,49.04542146027468,53.373832660191354
men,2.5,pct_remaining,90,1 Functional,s3,46.827345100231184,46.84078131241619,43.33275861132622,50.214017267902,44.346048496232974,49.20857560037174
men,2.5,pct_remaining,92,1 Functional,s3,42.091641115939325,42.090318922406716,38.233971057772315,45.863959782794765,39.36402702985091,44.768504841633764
men,2.5,pct_remaining,94,1 Functional,s3,37.11196034092347,37.11096575799728,32.9483597534679,41.2631484237764,34.164194638616934,40.04288955802969
men,2.5,pct_remaining,96,1 Functional,s3,32.02205468586537,32.02519495616792,27.628091993375424,36.453377590878475,28.894360370458745,35.15360365445931
men,2.5,pct_remaining,98,1 Functional,s3,26.994799333530057,26.979353455680496,22.48414386238194,31.62904287715012,23.76344632268224,30.225659749251065
men,2.5,pct_remaining,100,1 Functional,s3,22.223368903619743,22.175788425280764,17.77292508559942,26.94154362067972,19.015205020421355,25.47189880326071
men,2.5,pct_remaining,102,1 Functional,s3,17.890638025640456,17.84701666371042,13.673366870587943,22.457771141281764,14.80468301112173,21.06540610217591
men,2.5,pct_remaining,104,1 Functional,s3,14.134030058417967,14.077742033456087,10.23768462152111,18.451273610122502,11.283589209448952,17.161064391902535
men,2.5,pct_remaining,106,1 Functional,s3,11.02240144450797,10.936891547706667,7.483740970028332,15.104278816078507,8.37688976281169,13.861657796010682
men,2.5,pct_remaining,108,1 Functional,s3,8.604383670304387,8.47766025452977,5.39905335621318,12.623172967737004,6.187691417325067,11.294143857437565
men,2.5,pct_remaining,110,1 Functional,s3,7.207151484456312,7.021721091322542,4.1863601036058915,11.308316033938224,4.895292027302291,9.85865585288918
men,2.5,pct_remaining,50,2 Physical only,s3,13.382334467040682,13.27896811363568,11.990518596194914,15.348377245896902,12.295283681980724,14.674934995478456
men,2.5,pct_remaining,52,2 Physical only,s3,13.916259183062285,13.830324841684426,12.703977125714607,15.609618824300087,12.973295873837678,15.013267762281993
men,2.5,pct_remaining,54,2 Physical only,s3,13.903624588459595,13.858698205442483,13.085364264509359,14.960016824050845,13.274983554583516,14.616091990090213
men,2.5,pct_remaining,56,2 Physical only,s3,13.896520077151512,13.879617706381005,13.303367213447096,14.58365068023117,13.45221599939927,14.388198757473692
men,2.5,pct_remaining,58,2 Physical only,s3,13.998455524910193,13.99553108105263,13.492453510621571,14.535699725587229,13.627470856312634,14.383501660684338
men,2.5,pct_remaining,60,2 Physical only,s3,14.2185884547612,14.218462126948065,13.722701746148003,14.727472460754933,13.857232555323984,14.580040272201805
men,2.5,pct_remaining,62,2 Physical only,s3,14.546889056213642,14.546643921345101,14.011204133328711,15.087731028314527,14.16507892441724,14.930034710592793
men,2.5,pct_remaining,64,2 Physical only,s3,14.97381149771954,14.969467743544755,14.385662422953503,15.566097206652607,14.550228971388083,15.391778536766692
men,2.5,pct_remaining,66,2 Physical only,s3,15.494546388498408,15.48781215857252,14.83727404292367,16.16212761992971,15.021569559582318,15.967270025777564
men,2.5,pct_remaining,68,2 Physical only,s3,16.108966463870637,16.107017865616466,15.371662125210035,16.86120171418129,15.577260393914791,16.643876550559835
men,2.5,pct_remaining,70,2 Physical only,s3,16.820650415523797,16.816526865604786,15.9843201205394,17.673163898845324,16.219103407122244,17.43050288229527
men,2.5,pct_remaining,72,2 Physical only,s3,17.635911938181504,17.632039692773105,16.68985562674418,18.598748092319216,16.955413372662033,18.331662591800743
men,2.5,pct_remaining,74,2 Physical only,s3,18.562970211979223,18.557441655987827,17.500617103002615,19.654097234701645,17.7947908268518,19.348169576185164
men,2.5,pct_remaining,76,2 Physical only,s3,19.611157176911547,19.603932207386165,18.40463001049438,20.850822972694626,18.736311571471575,20.511519617498884
men,2.5,pct_remaining,78,2 Physical only,s3,20.789986062228333,20.78340809080536,19.416182013127436,22.201002055199748,19.784253978006497,21.820352003070113
men,2.5,pct_remaining,80,2 Physical only,s3,22.107877254091232,22.102334007995083,20.5430054105233,23.725565706237074,20.952075227606144,23.294352287958255
men,2.5,pct_remaining,82,2 Physical only,s3,23.57031743158489,23.5569923487374,21.77477914285865,25.461172630744912,22.23744392227213,24.938372132741684
men,2.5,pct_remaining,84,2 Physical only,s3,25.177222932089915,25.15419060202347,23.090019555998836,27.395283497608833,23.629133586108313,26.766734885385457
men,2.5,pct_remaining,86,2 Physical only,s3,26.919324434303487,26.896049072299807,24.480927270299986,29.49263749127023,25.132721259553087,28.75129433519737
men,2.5,pct_remaining,88,2 Physical only,s3,28.773552336855172,28.754013722164693,25.917286031739113,31.7895568632648,26.681965613857752,30.910941797544943
men,2.5,pct_remaining,90,2 Physical only,s3,30.697766894410375,30.67151352880268,27.372256989616634,34.2405677583656,28.252292443247285,33.2044981859677
men,2.5,pct_remaining,92,2 Physical only,s3,32.62580752687973,32.59747187059535,28.749011837526346,36.80407283397016,29.752501736311636,35.55073485893336
men,2.5,pct_remaining,94,2 Physical only,s3,34.46466417491444,34.44112664841889,29.89202405480279,39.360294575351155,31.10710997214417,37.91380844916544
men,2.5,pct_remaining,96,2 Physical only,s3,36.096251427842276,36.062807172147856,30.684878832766117,41.748307092816205,32.14056719885349,40.14721227202613
men,2.5,pct_remaining,98,2 Physical only,s3,37.38612036588525,37.30698028747374,30.97993583271817,44.100030422438884,32.71872471251211,42.082250709586084
men,2.5,pct_remaining,100,2 Physical only,s3,38.199801142937275,38.10919827026215,30.604247217548057,46.188488765776185,32.675064744773806,43.72613740200964
men,2.5,pct_remaining,102,2 Physical only,s3,38.42443265105622,38.34487210613308,29.291237612265856,47.8672733460484,31.844647310804422,45.09787585862661
men,2.5,pct_remaining,104,2 Physical only,s3,37.99070779714383,37.927206393777695,27.00177663081796,49.11485644867572,30.132913517844173,45.91681426286959
men,2.5,pct_remaining,106,2 Physical only,s3,36.89490000983494,36.79961450949518,23.844029141462823,50.083961204013,27.601157828792015,46.15394370138773
men,2.5,pct_remaining,108,2 Physical only,s3,35.277305659450356,35.21167902125434,20.319371294775095,50.691399609512345,24.539351313860898,46.16801935861504
men,2.5,pct_remaining,110,2 Physical only,s3,33.839696044204125,33.738217869223476,17.470730438222763,50.94190166678009,21.928005036011342,45.917721168676195
men,2.5,pct_remaining,50,3 Cognitive only,s3,7.181558186954368,7.13522675986882,6.502973187292346,8.115107468465961,6.645336131252205,7.781987490131323
men,2.5,pct_remaining,52,3 Cognitive only,s3,3.06081271825239,3.027470209186,2.581582877605997,3.7242906458289746,2.6885144889036523,3.485979187035553
men,2.5,pct_remaining,54,3 Cognitive only,s3,2.4440021596794725,2.4327653024659135,2.1907634496051043,2.7607917372077506,2.256840828729001,2.6554420751465804
men,2.5,pct_remaining,56,3 Cognitive only,s3,2.3863052260360322,2.380600273953929,2.178866244475943,2.617527440201922,2.2345420573570083,2.5483002271534367
men,2.5,pct_remaining,58,3 Cognitive only,s3,2.462145255377871,2.457639633779167,2.249326735600358,2.690951273323018,2.3098954702881462,2.6226868448823915
men,2.5,pct_remaining,60,3 Cognitive only,s3,2.587739365907915,2.5824140823759416,2.3617439495526793,2.836052338156448,2.4235585719290866,2.760228142930155
men,2.5,pct_remaining,62,3 Cognitive only,s3,2.742437409863847,2.737252078991367,2.494367806725363,3.0164090885511166,2.560886079169698,2.9320587112743923
men,2.5,pct_remaining,64,3 Cognitive only,s3,2.9209588259139707,2.9153990379204693,2.646708172248298,3.224775464311223,2.7179106371750965,3.130339167036477
men,2.5,pct_remaining,66,3 Cognitive only,s3,3.122848858047195,3.116352142182213,2.814469485433606,3.4639108220337174,2.8963127697900695,3.356934694966344
men,2.5,pct_remaining,68,3 Cognitive only,s3,3.3495817623336985,3.342833690667524,3.007238947827122,3.734295940406184,3.0950532218563325,3.6135049786993085
men,2.5,pct_remaining,70,3 Cognitive only,s3,3.6036095939656545,3.595199479877415,3.216242326489591,4.037881339966718,3.315636846680892,3.9013052641668358
men,2.5,pct_remaining,72,3 Cognitive only,s3,3.887992972972443,3.8779327134762105,3.445772656784101,4.378015080042118,3.559702812346467,4.226762088501788
men,2.5,pct_remaining,74,3 Cognitive only,s3,4.206212814204375,4.194603934576808,3.701182689591491,4.767701239822977,3.830639859114923,4.593442483362869
men,2.5,pct_remaining,76,3 Cognitive only,s3,4.56201378505538,4.550295936259433,3.985740540652938,5.20721975789711,4.131358637327767,5.008423615556601
men,2.5,pct_remaining,78,3 Cognitive only,s3,4.95920218500025,4.945583086053691,4.304163141079787,5.7077795557781625,4.462791114207785,5.48012104778552
men,2.5,pct_remaining,80,3 Cognitive only,s3,5.401340043071151,5.385442353502656,4.638252876054163,6.276493731498795,4.826929320999062,6.008771300644293
men,2.5,pct_remaining,82,3 Cognitive only,s3,5.891281969414087,5.873618391251892,4.997859844977595,6.917161492843547,5.217379739109946,6.601259350116555
men,2.5,pct_remaining,84,3 Cognitive only,s3,6.430510978797995,6.407684458692248,5.373976649233973,7.643800803171256,5.633917890467176,7.2735669032231005
men,2.5,pct_remaining,86,3 Cognitive only,s3,7.018263638088402,6.98588518204125,5.768677205802218,8.474045162981419,6.078557863432101,8.020441691619308
men,2.5,pct_remaining,88,3 Cognitive only,s3,7.6505190090900115,7.6150522295395575,6.17049914522198,9.40256270952515,6.53895647204031,8.861062805554926
men,2.5,pct_remaining,90,3 Cognitive only,s3,8.319087055693807,8.27303209918421,6.56447282054529,10.434129384027761,6.994107497249697,9.77163227309917
men,2.5,pct_remaining,92,3 Cognitive only,s3,9.01127747121268,8.940086918506786,6.916271915717386,11.600144264227755,7.426146216842773,10.764031614017062
men,2.5,pct_remaining,94,3 Cognitive only,s3,9.7109018168907415,9.610458565484596,7.213249805730173,12.894561956308445,7.811597830543835,11.849428210338973
men,2.5,pct_remaining,96,3 Cognitive only,s3,10.40148809274329,10.250129720501949,7.401355902201779,14.345319435944623,8.129207826945372,13.00840233985868
men,2.5,pct_remaining,98,3 Cognitive only,s3,11.072283241077495,10.839482288518766,7.46080599458997,15.97450418745773,8.329560007422662,14.281383338668403
men,2.5,pct_remaining,100,3 Cognitive only,s3,11.726616070848829,11.400892275607838,7.42320731369903,17.92699154328454,8.407191022785664,15.704958937713226
men,2.5,pct_remaining,102,3 Cognitive only,s3,12.390421623664118,11.89613346055041,7.238658230204281,20.395263448214898,8.347714505386236,17.399895204214474
men,2.5,pct_remaining,104,3 Cognitive only,s3,13.1161234722139,12.36076848171492,6.930490738940436,23.512047686830307,8.16755128550142,19.580500593188958
men,2.5,pct_remaining,106,3 Cognitive only,s3,13.970967176296554,12.85671114298214,6.513092099774462,27.800057002327772,7.895041937357814,22.3421246234356
men,2.5,pct_remaining,108,3 Cognitive only,s3,14.967538596712465,13.42309643902843,6.014063067469413,32.90598246507291,7.585719862661687,25.586590310393788
men,2.5,pct_remaining,110,3 Cognitive only,s3,15.80434509585053,13.878384104155188,5.673909413787772,37.23705181742159,7.327664177815372,28.29625934370817
men,2.5,pct_remaining,50,4 Both,s3,3.3637140025564247,3.314715805652258,2.744418821615223,4.2547170031777055,2.8703617867964777,3.945189334370353
men,2.5,pct_remaining,52,4 Both,s3,3.317219635929348,3.279070498836894,2.7893193636318885,4.066009305545094,2.8985350513922126,3.8165781566677395
men,2.5,pct_remaining,54,4 Both,s3,3.054551435836503,3.0358042445312927,2.692914331967023,3.5388449234189103,2.779896552234337,3.367870990985613
men,2.5,pct_remaining,56,4 Both,s3,2.984977286134909,2.9780438835029246,2.6975531614977544,3.32241316743558,2.7716523136383233,3.21496650710308
men,2.5,pct_remaining,58,4 Both,s3,3.0432799236112884,3.0385603979410396,2.7791393552181556,3.333617399381831,2.8487002676135287,3.249666208646208
men,2.5,pct_remaining,60,4 Both,s3,3.177739619600003,3.1739989996474938,2.9056360987161955,3.4762834194694126,2.9803304083118336,3.3831658873971624
men,2.5,pct_remaining,62,4 Both,s3,3.3642751312008072,3.3593239130479295,3.066795205018207,3.688131348057959,3.1546961100421615,3.5852596421708167
men,2.5,pct_remaining,64,4 Both,s3,3.5937912156250715,3.587885122553456,3.2673714401070595,3.9529871674509134,3.3608088513475267,3.8395859862368034
men,2.5,pct_remaining,66,4 Both,s3,3.864765070178879,3.857661614035023,3.502744929611828,4.26815318259262,3.600126669163766,4.141859837546374
men,2.5,pct_remaining,68,4 Both,s3,4.179895432944018,4.171335763216655,3.774902954318312,4.636301308391836,3.88083310004583,4.492831490700257
men,2.5,pct_remaining,70,4 Both,s3,4.544732027496056,4.53534627343636,4.082354130526962,5.06383350332218,4.204260692905959,4.899358179974448
men,2.5,pct_remaining,72,4 Both,s3,4.9672325469555325,4.95628197393196,4.437869719226098,5.5603062384066115,4.582232494518712,5.373622820697589
men,2.5,pct_remaining,74,4 Both,s3,5.45778258640007,5.446124988285644,4.850813524470432,6.141639130149337,5.012123854603115,5.927175175208167
men,2.5,pct_remaining,76,4 Both,s3,6.02947347456995,6.016646806804575,5.327319848218785,6.824637866459274,5.507620577588866,6.574224929706042
men,2.5,pct_remaining,78,4 Both,s3,6.6985340625435414,6.6802077667627815,5.883220693163457,7.628047797277604,6.0900943003842345,7.3316331359115665
men,2.5,pct_remaining,80,4 Both,s3,7.484835586546713,7.461151855882124,6.527360592164845,8.576137879897452,6.77479126346511,8.233417418980007
men,2.5,pct_remaining,82,4 Both,s3,8.41236288969017,8.383286031957766,7.287874947565369,9.712845503247207,7.5676015464776345,9.30257759781145
men,2.5,pct_remaining,84,4 Both,s3,9.509477117142994,9.472678215594712,8.160932122603317,11.070905534473006,8.491914003700856,10.57799537501927
men,2.5,pct_remaining,86,4 Both,s3,10.808685454613641,10.763365234200233,9.170859977785836,12.712342706421218,9.570748962817198,12.098069565939545
men,2.5,pct_remaining,88,4 Both,s3,12.34549446743311,12.291818714883302,10.345456602860143,14.64769152482057,10.84373900250101,13.915257007607671
men,2.5,pct_remaining,90,4 Both,s3,14.15580094966463,14.090180619424727,11.726138519378836,16.97328803927222,12.32194327971343,16.07513373949587
men,2.5,pct_remaining,92,4 Both,s3,16.27127388596826,16.187182107727715,13.280960441775589,19.709159330112303,14.043813600720217,18.620637390703582
men,2.5,pct_remaining,94,4 Both,s3,18.712473667271357,18.618878748716476,15.076508859898247,22.969404237696324,15.983336906622302,21.616953190207017
men,2.5,pct_remaining,96,4 Both,s3,21.480205793549064,21.385624008608108,16.982506571079927,26.650403174657967,18.12119691099282,25.031602037916826
men,2.5,pct_remaining,98,4 Both,s3,24.5467970595072,24.426026861887642,19.050244496495424,30.819595329706235,20.450935669407382,28.83732492454556
men,2.5,pct_remaining,100,4 Both,s3,27.850213882594154,27.702065347081597,21.21496835040479,35.35278121961082,22.915679703526298,33.0435790759193
men,2.5,pct_remaining,102,4 Both,s3,31.294507699639205,31.13364750817423,23.387475579655842,40.19238838442184,25.362714037999474,37.508367851793125
men,2.5,pct_remaining,104,4 Both,s3,34.7591386722243,34.58402104790572,25.35366701102217,45.161903028784145,27.73624738484279,42.04277633344552
men,2.5,pct_remaining,106,4 Both,s3,38.111731369360534,37.93599999515858,26.900825796377895,50.1755797463179,29.828495317818433,46.60741511094343
men,2.5,pct_remaining,108,4 Both,s3,41.15077207353279,41.0393782819997,27.84748673719815,54.99757722159166,31.539635684120864,50.940522913709785
men,2.5,pct_remaining,110,4 Both,s3,43.148807375489035,43.04235142631054,28.101790255361596,58.408489137629125,32.405672682703674,53.971586692043694
men,2.5,pct_remaining,50,1 Functional,s4,68.27816664030823,68.28630817116985,64.33147304541798,72.38413335737982,65.36580057985789,71.21450158723245
men,2.5,pct_remaining,52,1 Functional,s4,73.55183749406325,73.57311580326328,70.00976784085712,77.07484355189094,70.98380882679274,76.07831545693864
men,2.5,pct_remaining,54,1 Functional,s4,76.85982146994922,76.90952636640175,74.20775214345637,79.2492794585415,74.98994061507761,78.61078268413638
men,2.5,pct_remaining,56,1 Functional,s4,78.56555853966586,78.61707994319787,76.73940400143177,80.1088848695618,77.2955525866044,79.71863357050664
men,2.5,pct_remaining,58,1 Functional,s4,79.25793382699366,79.29146163365962,78.02930301404339,80.29996027528594,78.39898511489885,80.03759206968282
men,2.5,pct_remaining,60,1 Functional,s4,79.31263909584379,79.32926223806436,78.41833488005784,80.10737274923731,78.6814638084935,79.89443799506711
men,2.5,pct_remaining,62,1 Functional,s4,78.94823354480901,78.95594338579673,78.18738033232724,79.65132200194539,78.42120955379383,79.45781931426367
men,2.5,pct_remaining,64,1 Functional,s4,78.28649451778202,78.29164247258313,77.54838224457386,78.99826032853929,77.76896780301405,78.79591628663749
men,2.5,pct_remaining,66,1 Functional,s4,77.39098669574012,77.39790254552257,76.60341829353492,78.16574834047988,76.83387141554813,77.92917294889071
men,2.5,pct_remaining,68,1 Functional,s4,76.29017577219055,76.29508794886232,75.4106803902222,77.15820030522312,75.67549604539774,76.88843454547315
men,2.5,pct_remaining,70,1 Functional,s4,74.99096712169403,74.99564111568291,74.00927058265941,75.96126983184173,74.30280799393483,75.66972796382176
men,2.5,pct_remaining,72,1 Functional,s4,73.48650313965985,73.49023308963922,72.37891874367415,74.57150882131458,72.70647979373209,74.24834981900065
men,2.5,pct_remaining,74,1 Functional,s4,71.76062671935459,71.76485866260151,70.50453185896734,72.97863079792735,70.88382794368357,72.61686459226478
men,2.5,pct_remaining,76,1 Functional,s4,69.79052698650091,69.80382130967632,68.37021656862096,71.16597150506011,68.80002572460371,70.75381546769586
men,2.5,pct_remaining,78,1 Functional,s4,67.5485584491538,67.5558473857003,65.93692595030898,69.10887164410163,66.41782770297044,68.65855663389341
men,2.5,pct_remaining,80,1 Functional,s4,65.0039468127987,65.01204032297166,63.18239772626977,66.77363110200247,63.70325812426737,66.27363359212632
men,2.5,pct_remaining,82,1 Functional,s4,62.124977849866475,62.132413959537786,60.0442029495942,64.14937839484365,60.640043670481724,63.56390729920911
men,2.5,pct_remaining,84,1 Functional,s4,58.88223709662816,58.886197933269074,56.51711738052682,61.20462350422356,57.196999708785434,60.52467572998406
men,2.5,pct_remaining,86,1 Functional,s4,55.25344483487402,55.250000829159234,52.55785742016937,57.88639506082971,53.3342761277172,57.130022671680734
men,2.5,pct_remaining,88,1 Functional,s4,51.23029376439458,51.23462657409203,48.120207072687506,54.2179732736786,49.04519731138542,53.37373081881255
men,2.5,pct_remaining,90,1 Functional,s4,46.82727695318374,46.840682831968536,43.332631805715444,50.21395237819161,44.345928795950655,49.20847968618777
men,2.5,pct_remaining,92,1 Functional,s4,42.09160907161455,42.09028973407375,38.23393829551073,45.863918625337384,39.363971047650494,44.76849034864776
men,2.5,pct_remaining,94,1 Functional,s4,37.11194582101859,37.11094001742681,32.94834633547139,41.26313994133071,34.164167278092414,40.04287275844968
men,2.5,pct_remaining,96,1 Functional,s4,32.022048386651115,32.025193688636136,27.628080815385303,36.453373533724374,28.894354025841064,35.15359998040294
men,2.5,pct_remaining,98,1 Functional,s4,26.99479673541097,26.979346037120543,22.48414241842894,31.62903908002362,23.763442601147805,30.225657977179328
men,2.5,pct_remaining,100,1 Functional,s4,22.223367891284592,22.17578801699453,17.772923147982517,26.941542458941665,19.015202795677443,25.47189634166676
men,2.5,pct_remaining,102,1 Functional,s4,17.89063765370634,17.847016354963003,13.673366886869363,22.457770895995914,14.804682405629183,21.065405491728715
men,2.5,pct_remaining,104,1 Functional,s4,14.134029927969875,14.077741559910573,10.237684805350584,18.451273592863913,11.283589069639897,17.16106435493861
men,2.5,pct_remaining,106,1 Functional,s4,11.022401398730686,10.936891444847353,7.483740944741108,15.104278757491224,8.37688969953058,13.86165766487062
men,2.5,pct_remaining,108,1 Functional,s4,8.604383652275123,8.47766023492338,5.399053414735871,12.623172926755702,6.187691351691825,11.294143850732352
men,2.5,pct_remaining,110,1 Functional,s4,7.207151474240436,7.021721087249656,4.186360104503758,11.308316010436796,4.895292010077392,9.858655853209763
men,2.5,pct_remaining,50,2 Physical only,s4,16.30913279978199,16.25416762493587,13.86730316501557,19.079219900689463,14.488704945750458,18.231709305773887
men,2.5,pct_remaining,52,2 Physical only,s4,16.743060121802863,16.697029064738864,14.50349460450839,19.220744095489096,15.08127193137019,18.487033524124673
men,2.5,pct_remaining,54,2 Physical only,s4,15.942857687389063,15.918566391130023,14.384839752898383,17.65306886310768,14.769098938386172,17.162049288422317
men,2.5,pct_remaining,56,2 Physical only,s4,15.201612746266383,15.178626427991086,14.142561832454138,16.351734867633755,14.423074753751202,16.02405222202282
men,2.5,pct_remaining,58,2 Physical only,s4,14.786315500817253,14.771896011923548,14.045124001161888,15.575067911362797,14.23580308158523,15.361095326023321
men,2.5,pct_remaining,60,2 Physical only,s4,14.679047650283422,14.673630241033019,14.069580193167461,15.29643261728579,14.235953930161793,15.121809042498032
men,2.5,pct_remaining,62,2 Physical only,s4,14.810856851773037,14.81016166367822,14.237848090534888,15.37866557053425,14.395995032647619,15.228155575953545
men,2.5,pct_remaining,64,2 Physical only,s4,15.123341523545351,15.12092118568279,14.519940888186955,15.730738092137656,14.688299094295463,15.55436285879874
men,2.5,pct_remaining,66,2 Physical only,s4,15.57861297802234,15.573789036110059,14.92175933401461,16.254130078058573,15.10372079909734,16.052711327232707
men,2.5,pct_remaining,68,2 Physical only,s4,16.155993376646915,16.15308577255909,15.413742007085276,16.908868113464013,15.62310054377729,16.692321805143802
men,2.5,pct_remaining,70,2 Physical only,s4,16.846860614372474,16.844337819104073,16.012039549806374,17.70253165566412,16.245711505886746,17.45742968751335
men,2.5,pct_remaining,72,2 Physical only,s4,17.65047237952215,17.646997734042834,16.710703551535985,18.61397050154897,16.970569401765676,18.345505480435545
men,2.5,pct_remaining,74,2 Physical only,s4,18.57103034994325,18.56601677320255,17.508456010203144,19.662393326120334,17.80161907095726,19.356102233223915
men,2.5,pct_remaining,76,2 Physical only,s4,19.61559975209296,19.60838779258215,18.408405382110924,20.855739588938164,18.740390541322483,20.515678870354144
men,2.5,pct_remaining,78,2 Physical only,s4,20.792421345112515,20.78579528541139,19.41892974895357,22.20290849570159,19.786736645999724,21.82291293990308
men,2.5,pct_remaining,80,2 Physical only,s4,22.109203039558384,22.1039337429939,20.545419969695516,23.72684327660966,20.953206737118855,23.29593278333989
men,2.5,pct_remaining,82,2 Physical only,s4,23.57103313169316,23.55790722312038,21.77532357390065,25.46238157961546,22.237804616477213,24.939065853304637
men,2.5,pct_remaining,84,2 Physical only,s4,25.177605439913773,25.154768493758596,23.09061718556681,27.395589147448685,23.629563744704917,26.76713942323939
men,2.5,pct_remaining,86,2 Physical only,s4,26.919526542668166,26.8962999520473,24.48106577366233,29.492823420490293,25.132896871811717,28.75167438992711
men,2.5,pct_remaining,88,2 Physical only,s4,28.77365780506871,28.754154864146006,25.917353778793306,31.789655629449122,26.682026704095996,30.91097206298341
men,2.5,pct_remaining,90,2 Physical only,s4,30.697821238668755,30.671568176021534,27.37227404596243,34.24064547352016,28.25232377291137,33.204619150985756
men,2.5,pct_remaining,92,2 Physical only,s4,32.62583520727698,32.59749171379948,28.74902828975795,36.80409624592842,29.752558052539733,35.55077052575133
men,2.5,pct_remaining,94,2 Physical only,s4,34.46467815766807,34.44113889542892,29.892032172067154,39.36032952639388,31.107118072892533,37.91382136096629
men,2.5,pct_remaining,96,2 Physical only,s4,36.096258476697734,36.062815554543825,30.684884919834072,41.74831754052801,32.14058265828601,40.14721600994805
men,2.5,pct_remaining,98,2 Physical only,s4,37.386123946457026,37.30698358765067,30.979938843364828,44.10003422350084,32.71872894537413,42.08225337943744
men,2.5,pct_remaining,100,2 Physical only,s4,38.19980299846603,38.10920092486391,30.60424872382221,46.18849075250877,32.675066027522504,43.72613804665144
men,2.5,pct_remaining,102,2 Physical only,s4,38.42443364389931,38.34487346826912,29.29123831907166,47.867275324331395,31.844648335555963,45.09787714862749
men,2.5,pct_remaining,104,2 Physical only,s4,37.990708348903844,37.92720694285377,27.001776297227,49.114857301936375,30.132913549021076,45.91681495679043
men,2.5,pct_remaining,106,2 Physical only,s4,36.89490032602974,36.79961479890834,23.84402939577696,50.083961840775096,27.60115818601402,46.153944271911556
men,2.5,pct_remaining,108,2 Physical only,s4,35.27730584374519,35.21167915048237,20.31937145843912,50.691399761271576,24.5393514371208,46.16801951681751
men,2.5,pct_remaining,110,2 Physical only,s4,33.839696165901714,33.738217926060756,17.470730585290696,50.94190169074522,21.9280050298493,45.91772208185998
men,2.5,pct_remaining,50,3 Cognitive only,s4,3.495448542369709,3.4042989262826353,2.4655019262463567,5.040711596195644,2.673119071072267,4.479705080150306
men,2.5,pct_remaining,52,3 Cognitive only,s4,3.3079892660284504,3.240454737836754,2.4832589140755386,4.5233550813294485,2.6556013186859135,4.082038230635742
men,2.5,pct_remaining,54,3 Cognitive only,s4,2.766956708176525,2.7365509724933545,2.3293948458099742,3.3585528643566924,2.4297572962660188,3.1639870572252224
men,2.5,pct_remaining,56,3 Cognitive only,s4,2.563274729482621,2.550791074919028,2.284559382027682,2.909602592913791,2.3539642523712625,2.796506961187679
men,2.5,pct_remaining,58,3 Cognitive only,s4,2.5496315227613513,2.544576835756498,2.316080013670045,2.8154559864457958,2.3790242694813397,2.734274269796195
men,2.5,pct_remaining,60,3 Cognitive only,s4,2.630294562631486,2.625744351085386,2.395711221573931,2.8884902658731693,2.4614072822787,2.809733053872027
men,2.5,pct_remaining,62,3 Cognitive only,s4,2.7631101207577684,2.7575933606086136,2.5119495613832155,3.0409277185605164,2.5796585012823683,2.9551938761798344
men,2.5,pct_remaining,64,3 Cognitive only,s4,2.930950099799838,2.925540315234889,2.6547967900422957,3.2363981405706537,2.727832509809874,3.142048591835879
men,2.5,pct_remaining,66,3 Cognitive only,s4,3.1275958541834603,3.1207163673883813,2.8191007502952927,3.4688808449648354,2.900812109614872,3.362825424340591
men,2.5,pct_remaining,68,3 Cognitive only,s4,3.3517545213928006,3.344891251883589,3.0091829266006798,3.737052702876493,3.0969059778841195,3.615932629952392
men,2.5,pct_remaining,70,3 Cognitive only,s4,3.604532918022384,3.5958420907063124,3.217660395576479,4.039302194962138,3.3165260380457915,3.902301870336245
men,2.5,pct_remaining,72,3 Cognitive only,s4,3.88832661696023,3.878219894799792,3.446014594841868,4.378622090397287,3.5599971633492657,4.227121019129807
men,2.5,pct_remaining,74,3 Cognitive only,s4,4.206283267349015,4.194651437457794,3.701203412479632,4.767903859043345,3.8307198098489432,4.593522790387866
men,2.5,pct_remaining,76,3 Cognitive only,s4,4.5619793520113605,4.55034443237922,3.9855601363791653,5.207131799198235,4.131361256434038,5.008246829546588
men,2.5,pct_remaining,78,3 Cognitive only,s4,4.959136455042396,4.945547264608505,4.303967881234457,5.707700414844445,4.462703085170812,5.4800377464528225
men,2.5,pct_remaining,80,3 Cognitive only,s4,5.401274524448159,5.385359457204197,4.638170512804184,6.2761386782875155,4.826891461725261,6.008724548367167
men,2.5,pct_remaining,82,3 Cognitive only,s4,5.891227916074223,5.873603600142571,4.997843169443686,6.917115574785655,5.217342893506632,6.601161103295289
men,2.5,pct_remaining,84,3 Cognitive only,s4,6.430470473750492,6.407635469669323,5.37396258683586,7.643781449508904,5.633880296134055,7.273526782589649
men,2.5,pct_remaining,86,3 Cognitive only,s4,7.018235093775978,6.985872323626401,5.768653978542004,8.47401533700144,6.078529259544962,8.020423837644302
men,2.5,pct_remaining,88,3 Cognitive only,s4,7.650499774295412,7.615036971504743,6.170477857787642,9.402550695648332,6.538925206687206,8.861047465817094
men,2.5,pct_remaining,90,3 Cognitive only,s4,8.319074546147995,8.273024791548652,6.564464206265667,10.43411858989328,6.994100408058759,9.771623177039256
men,2.5,pct_remaining,92,3 Cognitive only,s4,9.011269572795102,8.940081733891384,6.916266292104221,11.600136136158802,7.426142535846052,10.764022280115688
men,2.5,pct_remaining,94,3 Cognitive only,s4,9.710896953601004,9.610452740896871,7.213247616605615,12.894552021497653,7.811593093677605,11.849422627232723
men,2.5,pct_remaining,96,3 Cognitive only,s4,10.401485159463375,10.25012425649281,7.401350429418958,14.345318485195468,8.129202971746583,13.008399852937481
men,2.5,pct_remaining,98,3 Cognitive only,s4,11.07228149789241,10.83948022131028,7.460804957557006,15.974503222359429,8.329558902718391,14.281381572975977
men,2.5,pct_remaining,100,3 Cognitive only,s4,11.726615041318425,11.400890593211994,7.423206701141028,17.926991171576457,8.407190265707614,15.704958653382034
men,2.5,pct_remaining,102,3 Cognitive only,s4,12.390421012061816,11.896132751734182,7.238657969825733,20.39526212977014,8.34771367661703,17.399894510696612
men,2.5,pct_remaining,104,3 Cognitive only,s4,13.116123102014264,12.360768320429889,6.930490592900472,23.512047572868013,8.16755114401741,19.58049940120002
men,2.5,pct_remaining,106,3 Cognitive only,s4,13.97096694681273,12.8567109281815,6.513092079713942,27.800056791813944,7.895041901586847,22.342124443119815
men,2.5,pct_remaining,108,3 Cognitive only,s4,14.967538451672885,13.423096409139841,6.0140630527861045,32.905982411208136,7.585719859177705,25.58659025202475
men,2.5,pct_remaining,110,3 Cognitive only,s4,15.804344993687815,13.87838406423856,5.6739093479276725,37.23705176593442,7.32766402867648,28.296258278435598
men,2.5,pct_remaining,50,4 Both,s4,11.917252017540067,11.77461009290665,9.415609155929255,15.197806726344226,9.979601727646234,14.148547529021016
men,2.5,pct_remaining,52,4 Both,s4,6.3971131181054375,6.251267178924845,4.548147131162487,9.015121338281759,4.935201782349398,8.150526837019704
men,2.5,pct_remaining,54,4 Both,s4,4.430364134485193,4.325548312469405,3.3700587644929554,6.090671670776255,3.567761150122929,5.51270568080037
men,2.5,pct_remaining,56,4 Both,s4,3.6695539845851335,3.601448495306551,3.043942470340642,4.687037808149302,3.162094773849997,4.305921013707413
men,2.5,pct_remaining,58,4 Both,s4,3.4061191494277323,3.3702466794499495,2.982058687095773,4.033761554937087,3.0768578816754775,3.7957777155837595
men,2.5,pct_remaining,60,4 Both,s4,3.3780186912412944,3.363716390916996,3.034337656599094,3.8092238459522596,3.122454971950538,3.657885829603808
men,2.5,pct_remaining,62,4 Both,s4,3.4777994826601835,3.4702553128005187,3.154945057246038,3.8355247257951746,3.244284871928489,3.724347930491162
men,2.5,pct_remaining,64,4 Both,s4,3.6592138588727914,3.6537560797215023,3.3199915593802127,4.028481714282754,3.4183601209080265,3.9115331999293366
men,2.5,pct_remaining,66,4 Both,s4,3.9028044720540818,3.894939894635716,3.536571214246963,4.309020906511699,3.6395697894131858,4.179373507412698
men,2.5,pct_remaining,68,4 Both,s4,4.202076329769736,4.193830011265987,3.791837908600295,4.65893183838231,3.901945590373031,4.514758199312951
men,2.5,pct_remaining,70,4 Both,s4,4.557639345911112,4.54808798967745,4.096527970501629,5.076321021388337,4.216658179833923,4.91240844708111
men,2.5,pct_remaining,72,4 Both,s4,4.974697863857769,4.964067466577948,4.445915118919408,5.569264463804818,4.5892560883729026,5.380786256676905
men,2.5,pct_remaining,74,4 Both,s4,5.462059663353147,5.450274563905838,4.855509500478994,6.145591515319887,5.015940777874556,5.931433066930302
men,2.5,pct_remaining,76,4 Both,s4,6.031893909394765,6.019152540098704,5.329326331768496,6.826750718534435,5.510007561124711,6.576132975892596
men,2.5,pct_remaining,78,4 Both,s4,6.699883750691288,6.681906856525831,5.884036667451019,7.629157627853525,6.091350084379948,7.333252667634237
men,2.5,pct_remaining,80,4 Both,s4,7.485575623194761,7.4619716036978145,6.5278912189966265,8.577103626056113,6.775691886439667,8.234074408158198
men,2.5,pct_remaining,82,4 Both,s4,8.412761102366138,8.383741573194119,7.288550780075338,9.713267093664404,7.56787181044497,9.303169691861259
men,2.5,pct_remaining,84,4 Both,s4,9.509686989707577,9.472860420237454,8.161024582105037,11.071148664621855,8.492249622298598,10.578223850634904
men,2.5,pct_remaining,86,4 Both,s4,10.80879352868184,10.763541506005026,9.170970130787232,12.712718783016284,9.570933965640664,12.09821807759485
men,2.5,pct_remaining,88,4 Both,s4,12.345548656241297,12.291884297587139,10.345474893464331,14.647755255237294,10.843771056921167,13.915310895024978
men,2.5,pct_remaining,90,4 Both,s4,14.155827261999507,14.090241026374303,11.726144899229078,16.97331413149752,12.322019116592248,16.075188544305494
men,2.5,pct_remaining,92,4 Both,s4,16.271286148313372,16.187187754060076,13.280967358418657,19.70918954301134,14.043821890500952,18.62065221185874
men,2.5,pct_remaining,94,4 Both,s4,18.712479067712337,18.618888488359147,15.076510978627988,22.969405933004868,15.98334620280117,21.61695586723791
men,2.5,pct_remaining,96,4 Both,s4,21.48020797718778,21.385624975248245,16.98251066582391,26.650412397511023,18.12119814771113,25.03161059382758
men,2.5,pct_remaining,98,4 Both,s4,24.546797820239597,24.426027190485623,19.05024418029123,30.819597533860055,20.450935020398724,28.837323871491034
men,2.5,pct_remaining,100,4 Both,s4,27.85021406893095,27.70206568966769,21.214970793039193,35.352781830864934,22.915679883074862,33.043579598796406
men,2.5,pct_remaining,102,4 Both,s4,31.29450769033253,31.133647612336937,23.387475822347607,40.192389440338,25.362713690519705,37.508368330251365
men,2.5,pct_remaining,104,4 Both,s4,34.759138621112015,34.58402099192613,25.35366678800522,45.16190308461484,27.736246249139842,42.04277663794407
men,2.5,pct_remaining,106,4 Both,s4,38.111731328426835,37.93599997389944,26.900825729104373,50.17557969650399,29.82849533898356,46.60741504571337
men,2.5,pct_remaining,108,4 Both,s4,41.150772052306806,41.039378181482206,27.847486674857425,54.99757719686496,31.539635760514496,50.9405229441964
men,2.5,pct_remaining,110,4 Both,s4,43.14880736617004,43.04235143267358,28.10179019520002,58.408489193797706,32.405672735501234,53.97158668709744
