sex,prior_sd,quantity,age,state,radix,mean,median,lo95,hi95,lo84,hi84
men,10,expectancy,50,1 Functional,population,23.081290309936158,23.083872908224414,22.759872314217557,23.404552192860944,22.846622564966108,23.311747747470267
men,10,expectancy,52,1 Functional,population,21.7097179734128,21.711135343270698,21.420513308587324,21.999316423574438,21.500190470103174,21.917363873271885
men,10,expectancy,54,1 Functional,population,20.367927041876925,20.36941440549316,20.10623500535182,20.627884713127333,20.17943233455522,20.555232835857456
men,10,expectancy,56,1 Functional,population,19.040401087877026,19.042484696917192,18.797530301572433,19.280810019196576,18.864321840957945,19.214510124741896
men,10,expectancy,58,1 Functional,population,17.722465658955443,17.722700551911352,17.488793124177707,17.95160484119874,17.553617780453298,17.889012087998474
men,10,expectancy,60,1 Functional,population,16.41513526809197,16.41517854450285,16.185813336359708,16.63975380697358,16.25129177227687,16.580140668633984
men,10,expectancy,62,1 Functional,population,15.122356105542273,15.12230634739899,14.893544636205117,15.348694562766434,14.957871685792634,15.287822395951842
men,10,expectancy,64,1 Functional,population,13.849564836132044,13.84853320746464,13.619289849303668,14.079876202308158,13.681031823512416,14.01851999896568
men,10,expectancy,66,1 Functional,population,12.602951685225174,12.601509698841985,12.368275328649844,12.83646518728882,12.4329215780784,12.775580291643974
men,10,expectancy,68,1 Functional,population,11.38908317704121,11.388013619784708,11.151512303321724,11.626851604390641,11.217831619488665,11.563703637711466
men,10,expectancy,70,1 Functional,population,10.214692927611516,10.213987395431491,9.975343465728905,10.458098273463555,10.04315552082179,10.387883981027809
men,10,expectancy,72,1 Functional,population,9.08653562420971,9.084922744330765,8.84716659375686,9.33067853409601,8.915787874498081,9.261383881610803
men,10,expectancy,74,1 Functional,population,8.01124823709257,8.01032210642947,7.775160429940976,8.253758026463501,7.841974197848969,8.184189841762102
men,10,expectancy,76,1 Functional,population,6.995190541229325,6.994533524871127,6.761634934329123,7.234278246652173,6.828488406932616,7.166288476013624
men,10,expectancy,78,1 Functional,population,6.044254093563274,6.042796222818922,5.813795382697413,6.279345725700543,5.880102742848122,6.213129153247319
men,10,expectancy,80,1 Functional,population,5.163640560683069,5.162302323793673,4.939627095809187,5.392650238326122,5.002745946038087,5.328094889492895
men,10,expectancy,82,1 Functional,population,4.357619737109869,4.355674976316522,4.141458902715499,4.58086774887726,4.2028672188370475,4.51710293614509
men,10,expectancy,84,1 Functional,population,3.629285996457775,3.627308094809597,3.420848632836971,3.844855606308973,3.4798891033391826,3.7814180183344304
men,10,expectancy,86,1 Functional,population,2.980339120109912,2.978181112357431,2.7832941080668494,3.1838330774180967,2.8387670779243264,3.1245704361746665
men,10,expectancy,88,1 Functional,population,2.4109199659797875,2.4081402646643335,2.225744854446431,2.603804105440411,2.27693871178212,2.5470526384734797
men,10,expectancy,90,1 Functional,population,1.9195307588092596,1.917167552919824,1.7469299985138105,2.1005611654087906,1.7946943577398096,2.0461755908799555
men,10,expectancy,92,1 Functional,population,1.5030614077502051,1.4999239576764645,1.3445905108645715,1.669455508006906,1.3881982991405186,1.6198338007483446
men,10,expectancy,94,1 Functional,population,1.1569267704501773,1.1538378416861503,1.0135230949257628,1.307906278153661,1.0527214399933538,1.2642083920122593
men,10,expectancy,96,1 Functional,population,0.8752993276689641,0.8726813681429457,0.747571048904891,1.0112749703196589,0.7831290203093879,0.9703674096566336
men,10,expectancy,98,1 Functional,population,0.6514070629758907,0.6494092911069433,0.5400118771319862,0.7725922640385529,0.570622011802711,0.735291503504758
men,10,expectancy,100,1 Functional,population,0.4778703154700567,0.4762466986753615,0.38213712353948465,0.5828357460462011,0.4084770944516974,0.5511736185631338
men,10,expectancy,102,1 Functional,population,0.3470870928243694,0.34547296235670305,0.26533924501504547,0.43769104228167166,0.288142440476853,0.4109238621997324
men,10,expectancy,104,1 Functional,population,0.25178188523670497,0.24984198346102832,0.1829173115367269,0.3300754808980062,0.20160382049583336,0.30695351433437557
men,10,expectancy,106,1 Functional,population,0.18625572480585584,0.18414265798864274,0.12691728963422969,0.259831847493,0.1420948046040661,0.23577245542269745
men,10,expectancy,108,1 Functional,population,0.15114755669400384,0.1475694731075324,0.09423480605181242,0.2302357485249583,0.10783728117181039,0.20139836852454232
men,10,expectancy,110,1 Functional,population,0.17847845116342287,0.17309756388545078,0.1037536023219179,0.28752762561928996,0.12120700440922336,0.24604850899977063
men,10,expectancy,50,2 Physical only,population,3.536639583421538,3.536696966182596,3.4168853910499997,3.6561304440642433,3.4505567430270885,3.622265119698355
men,10,expectancy,52,2 Physical only,population,3.410215936650961,3.4100424546135337,3.2933716897753587,3.52611729022433,3.32449162856863,3.4940764704134666
men,10,expectancy,54,2 Physical only,population,3.2736846327582865,3.2738777342404033,3.1617671293498972,3.3869446669244754,3.191527545287357,3.3540858420202144
men,10,expectancy,56,2 Physical only,population,3.136316424339825,3.1367508820717585,3.025616805218789,3.2466292386878663,3.0567938636060026,3.2161880785588792
men,10,expectancy,58,2 Physical only,population,3.002212365422833,3.00255375039674,2.8922875968144774,3.113407528937615,2.9231867939833887,3.0816916244804675
men,10,expectancy,60,2 Physical only,population,2.872810952056306,2.8726401226913736,2.760218930098708,2.9857058001532084,2.793023795376563,2.9538113602611618
men,10,expectancy,62,2 Physical only,population,2.7482440030413158,2.7476707432227756,2.6311286403977645,2.8635023992997675,2.666117017339411,2.831687825703033
men,10,expectancy,64,2 Physical only,population,2.628060987781318,2.6273780250785452,2.5047959611645623,2.7475604770909148,2.5426530074362947,2.715459372012469
men,10,expectancy,66,2 Physical only,population,2.511604528840904,2.5104291004932646,2.388162988949989,2.6349408055641383,2.4235814978008996,2.6007823843312234
men,10,expectancy,68,2 Physical only,population,2.398197381104494,2.397238577810021,2.2705220056205664,2.527573349239092,2.3070459419274676,2.4919132561999833
men,10,expectancy,70,2 Physical only,population,2.287230745340577,2.28583516660445,2.1551901976918537,2.4223564198721137,2.1936176372609175,2.3837249065443595
men,10,expectancy,72,2 Physical only,population,2.1782028704072762,2.176693613721887,2.042335844267579,2.3183150770976004,2.081344933370142,2.2780136769712596
men,10,expectancy,74,2 Physical only,population,2.070733573864183,2.0692701975791907,1.9317930454592216,2.215067968614125,1.9713071443096388,2.172871459171837
men,10,expectancy,76,2 Physical only,population,1.9645673403093866,1.9622669278833467,1.8244257033794242,2.112948267730447,1.8622167385018633,2.0687270236436444
men,10,expectancy,78,2 Physical only,population,1.8595705951705117,1.8572200751045347,1.7169153696617996,2.012100674112724,1.7557090115144258,1.9672909645238792
men,10,expectancy,80,2 Physical only,population,1.7557249408627404,1.753462301475826,1.6107714292673907,1.9136654647321139,1.6497097393020497,1.865072694231532
men,10,expectancy,82,2 Physical only,population,1.6531161063345865,1.6502340540599232,1.5047376739490446,1.814826187030036,1.544324612088773,1.7660968754385564
men,10,expectancy,84,2 Physical only,population,1.5519174404951603,1.5490486015123692,1.4024290435166173,1.717766881340082,1.4419395123344394,1.6677691525041214
men,10,expectancy,86,2 Physical only,population,1.4523669104605337,1.4498744784034463,1.3001423687034543,1.6220269186965477,1.3399654399186547,1.5708745980317271
men,10,expectancy,88,2 Physical only,population,1.3547380681039072,1.3520218013201055,1.1994409854541968,1.5275252855239718,1.2390509624175605,1.476138709761219
men,10,expectancy,90,2 Physical only,population,1.2593086515396898,1.2564370839766523,1.1010487557671724,1.4352622698649087,1.14211381555597,1.3848712568037835
men,10,expectancy,92,2 Physical only,population,1.1663350447319722,1.16252014093252,1.0048268718388629,1.3460194604331988,1.0469112981344273,1.2935600217362542
men,10,expectancy,94,2 Physical only,population,1.0760449074205292,1.0706819979408104,0.9118062902966692,1.2621231302812816,0.9542019261077375,1.2063678226943746
men,10,expectancy,96,2 Physical only,population,0.988660772944401,0.9843178130624866,0.8210485736128655,1.1802932423743426,0.8638815225371016,1.1222916778736802
men,10,expectancy,98,2 Physical only,population,0.9044636065881759,0.8992466620588876,0.7333086698201257,1.1033069364562287,0.775960793680744,1.0411149362848038
men,10,expectancy,100,2 Physical only,population,0.823911472823704,0.8185196437031542,0.6500530735440112,1.03133837394556,0.6923329152019283,0.9648143190413024
men,10,expectancy,102,2 Physical only,population,0.7479099075235929,0.7423524131084472,0.5657956954505492,0.9635023601591617,0.6107030340907433,0.8943968844560266
men,10,expectancy,104,2 Physical only,population,0.6787475860204082,0.6727803144190512,0.48780500312684105,0.9054568977862173,0.5360572653386559,0.8333978693318349
men,10,expectancy,106,2 Physical only,population,0.6241996902704859,0.6178356666369966,0.4182924423770396,0.8727399750400033,0.4711203373340901,0.7922677781378304
men,10,expectancy,108,2 Physical only,population,0.6179040292679598,0.6087924314578786,0.37885995231430714,0.9072249619948427,0.4402762902996495,0.813718828034027
men,10,expectancy,110,2 Physical only,population,0.8342366912317849,0.8270695200274495,0.4607156856080581,1.2580359018864615,0.5585353802833002,1.1255996779503696
men,10,expectancy,50,3 Cognitive only,population,0.5394225229442925,0.5385559886804543,0.4962661093269836,0.585233275406118,0.5085014488756677,0.5729362430636261
men,10,expectancy,52,3 Cognitive only,population,0.5362946572587467,0.5353372578994224,0.49278995635858497,0.5829928151133293,0.5048426830334414,0.5701560150101167
men,10,expectancy,54,3 Cognitive only,population,0.5330739444845957,0.5322476359218224,0.4888650326943091,0.5808513133918721,0.5011085672117583,0.5674244652429679
men,10,expectancy,56,3 Cognitive only,population,0.5294370210513417,0.5284378329547239,0.4849687558676862,0.5786509671408113,0.49684272371737637,0.5640693745856122
men,10,expectancy,58,3 Cognitive only,population,0.525343634460716,0.5242018837446326,0.47998596874504956,0.5754914423202144,0.4924651903100321,0.5601898042700313
men,10,expectancy,60,3 Cognitive only,population,0.5207336968243168,0.5196582349721358,0.47386670730828706,0.5719998886364515,0.4868008415430113,0.5563959307290847
men,10,expectancy,62,3 Cognitive only,population,0.5155221165207985,0.5144794190336817,0.4673720460048484,0.5683064684280845,0.4803618303326282,0.5522686612310328
men,10,expectancy,64,3 Cognitive only,population,0.5096114456522766,0.5083990627552519,0.4596432397917976,0.5640327476378443,0.4735372735602326,0.5474898766038829
men,10,expectancy,66,3 Cognitive only,population,0.5029004886594749,0.5015966402070924,0.45163962927113754,0.5591753439354322,0.4656592656897187,0.5420348665572245
men,10,expectancy,68,3 Cognitive only,population,0.4952898816935673,0.49411427785953616,0.44240719319606836,0.5534511825063108,0.45701268532746814,0.535686927873143
men,10,expectancy,70,3 Cognitive only,population,0.4866865803139069,0.4856188214907346,0.4320677315961114,0.5468341004915536,0.4470310657484662,0.5284310029441714
men,10,expectancy,72,3 Cognitive only,population,0.47700833400462855,0.4757999269421339,0.42067196818259783,0.5391071732335899,0.4360288476045503,0.5200235295456918
men,10,expectancy,74,3 Cognitive only,population,0.4661885680480355,0.46489222114819784,0.40802092812461027,0.5303704047727394,0.42392658999417127,0.5109091201354644
men,10,expectancy,76,3 Cognitive only,population,0.4541816886871221,0.4529915035836524,0.3943363117191371,0.52043452820622,0.4107614177254407,0.5002064612152283
men,10,expectancy,78,3 Cognitive only,population,0.4409685792426921,0.4394184904559022,0.3795266251060518,0.5096704807724985,0.3959207867407053,0.4886155505149658
men,10,expectancy,80,3 Cognitive only,population,0.42656191191397974,0.42490419835813187,0.3632880904869472,0.49820899355512915,0.380123072670176,0.476230308058602
men,10,expectancy,82,3 Cognitive only,population,0.4110108668874133,0.4094813522320151,0.3453224914775078,0.4852934709377484,0.36280388500559074,0.4627746842569067
men,10,expectancy,84,3 Cognitive only,population,0.3944049815141464,0.3926729095381508,0.32594923033203765,0.4719006486916023,0.3444204492269145,0.4483164548171132
men,10,expectancy,86,3 Cognitive only,population,0.37687724017792673,0.37498075124190383,0.3059001548429803,0.4572265297914776,0.32495793965553765,0.43344102772323345
men,10,expectancy,88,3 Cognitive only,population,0.3586072511571297,0.35629851006709634,0.28542402855470217,0.4435037795443193,0.3051184815666912,0.41693698579696137
men,10,expectancy,90,3 Cognitive only,population,0.33982643645367566,0.3372011795202052,0.2642886196528728,0.4291887271938833,0.2838346821424893,0.4010749776833975
men,10,expectancy,92,3 Cognitive only,population,0.32082833874448885,0.317469402944736,0.24384688676133115,0.41554922436170005,0.2622547461206208,0.38581325732023103
men,10,expectancy,94,3 Cognitive only,population,0.30198783929605105,0.29802379834405346,0.22206922739188004,0.40394506250203344,0.24051751628801737,0.3712223973485175
men,10,expectancy,96,3 Cognitive only,population,0.283792623463427,0.27871102314448026,0.20000973278264708,0.39659900478535803,0.2184588810297128,0.35857852983880045
men,10,expectancy,98,3 Cognitive only,population,0.2668892553167758,0.26014320724156004,0.17834887210970024,0.39217938224864646,0.19744445232932384,0.3486389104727411
men,10,expectancy,100,3 Cognitive only,population,0.2521507328777401,0.2430342313847128,0.157224023272567,0.39513302434998554,0.17719361168751158,0.3439560491079805
men,10,expectancy,102,3 Cognitive only,population,0.24080721584759032,0.22826826335383985,0.1378189747632453,0.4134765302195019,0.15830157871056913,0.3472497640939537
men,10,expectancy,104,3 Cognitive only,population,0.2348521688071493,0.21722076981760302,0.12077504349051443,0.450248788471989,0.1412674304789917,0.36314057193139543
men,10,expectancy,106,3 Cognitive only,population,0.23876974648273025,0.21300343182010767,0.1066035071626035,0.5243128833292946,0.12784041832920734,0.4006482581410496
men,10,expectancy,108,3 Cognitive only,population,0.2680731892731027,0.22890929372126229,0.10063601096106463,0.6742498960031018,0.12487564320369626,0.48881388709207263
men,10,expectancy,110,3 Cognitive only,population,0.39617506608819164,0.3345959176619372,0.13517596417008543,1.0251081267362543,0.17436800271036035,0.7398307668978107
men,10,expectancy,50,4 Both,population,0.6408164422798923,0.6402735498753924,0.5906801347644337,0.6966097416725618,0.6044538541345086,0.6795855872570047
men,10,expectancy,52,4 Both,population,0.6413075765819078,0.6406560577903674,0.5903198004604258,0.6981330268519768,0.6044060506646453,0.6805777450093659
men,10,expectancy,54,4 Both,population,0.640739394723796,0.6398708839876578,0.5879637209783433,0.69823676856012,0.6032404200256302,0.6807424619324283
men,10,expectancy,56,4 Both,population,0.6394039470784262,0.6384993679336409,0.5855872479873198,0.6978043376605679,0.6012095717426107,0.6800103510404979
men,10,expectancy,58,4 Both,population,0.6374881916222724,0.6364323009239836,0.5825927250415635,0.6959010073574212,0.5981862692652008,0.6790861445206949
men,10,expectancy,60,4 Both,population,0.6351136816345802,0.634000169551312,0.5791285766996296,0.695578027379928,0.5945254157445266,0.6781679540827767
men,10,expectancy,62,4 Both,population,0.6323508962811288,0.6313352312984819,0.5744752531614545,0.6944938229057281,0.5902430062607651,0.676486323905227
men,10,expectancy,64,4 Both,population,0.6292347911243209,0.6283371072056334,0.5692163662915868,0.6938984455113926,0.5856776960838922,0.6746234222948981
men,10,expectancy,66,4 Both,population,0.6257796142976814,0.6247865894197042,0.5636151539119216,0.6926684394883221,0.5806083586385932,0.6723788340429842
men,10,expectancy,68,4 Both,population,0.6219921097791592,0.6208614417752788,0.5578376413351114,0.6914984217351074,0.5749772807728469,0.6703675610347667
men,10,expectancy,70,4 Both,population,0.6178832954580299,0.6165951039750932,0.5515627454773784,0.6901847351228775,0.5691800282194576,0.6679764643697144
men,10,expectancy,72,4 Both,population,0.6134791928324218,0.6120820933069201,0.5450094788803491,0.6885254824944482,0.563187070784861,0.6656334821430719
men,10,expectancy,74,4 Both,population,0.6088306561772528,0.607437373870419,0.5378543130179888,0.6871381005522252,0.5567556058702651,0.6630966289880281
men,10,expectancy,76,4 Both,population,0.6040220525698095,0.6024257576161268,0.5309241688327928,0.6855718858258713,0.5496886096661634,0.6607413906899304
men,10,expectancy,78,4 Both,population,0.5991780982088052,0.5973450106645847,0.522781999759531,0.6836523575277735,0.5426911501921186,0.6586636868297128
men,10,expectancy,80,4 Both,population,0.5944677265499825,0.5926818503791498,0.5148421319943021,0.6819190952281572,0.5353840755764575,0.6572562151768281
men,10,expectancy,82,4 Both,population,0.5901035021638835,0.5879696848403485,0.5072436299926989,0.6813115861861736,0.5279197610431687,0.6558047844642324
men,10,expectancy,84,4 Both,population,0.586334871186583,0.5837464659362487,0.4996291701647909,0.6825852595691497,0.5215448869820242,0.6554701175903604
men,10,expectancy,86,4 Both,population,0.5834335909321892,0.5807411593531226,0.4918396882765332,0.6855457731193068,0.5152442050017778,0.6562003735950872
men,10,expectancy,88,4 Both,population,0.5816702816636884,0.578661755777567,0.4852375956603674,0.6898100801312205,0.510297092582502,0.6586797918889334
men,10,expectancy,90,4 Both,population,0.5812826661980679,0.5782632975381191,0.47950553218095154,0.6964356430320513,0.5054088522642574,0.6631450136969679
men,10,expectancy,92,4 Both,population,0.5824393173066199,0.5790639213861699,0.47398098082862095,0.7062546624305013,0.5011600126275135,0.6698407028911749
men,10,expectancy,94,4 Both,population,0.5852080042780006,0.5815241986289518,0.4701558869021915,0.7185697036002758,0.4984067165606834,0.6798035059707137
men,10,expectancy,96,4 Both,population,0.5895446527617512,0.5851927717754908,0.4679978118528024,0.7326594149970421,0.49654528420098626,0.6917135232921624
men,10,expectancy,98,4 Both,population,0.5953274168340824,0.5909557249259224,0.4651606837694595,0.749591491445919,0.495339648767665,0.7040133565838488
men,10,expectancy,100,4 Both,population,0.6024801470037376,0.5972314311700304,0.46258737453692916,0.7686428341936495,0.49519600497959493,0.7185143669883916
men,10,expectancy,102,4 Both,population,0.6113236627674602,0.6068134417428871,0.45944905870960706,0.7890899277587015,0.4963823548243886,0.7364497110125884
men,10,expectancy,104,4 Both,population,0.6237721440060607,0.6190215656480773,0.45716067404886884,0.8157288435714531,0.499024407546796,0.7590868341648775
men,10,expectancy,106,4 Both,population,0.6484235619630612,0.6441323853044206,0.46545826968786763,0.8587404744203666,0.5103996110882284,0.7961528989662618
men,10,expectancy,108,4 Both,population,0.7258630868131233,0.7222962949444187,0.5096113536477144,0.9740385633709121,0.5604226661446539,0.8988477072758166
men,10,expectancy,110,4 Both,population,1.0718942584602271,1.0697296326211359,0.7218119803210975,1.4349228243461989,0.81892344717997,1.329768966425476
men,10,expectancy,50,1 Functional,s1,23.627240509410687,23.628918729349476,23.323199850175897,23.938232442731586,23.40334734396734,23.844064135556042
men,10,expectancy,52,1 Functional,s1,21.99499510864154,21.996298518086604,21.71703975477789,22.277559521819565,21.79362292061735,22.193052718507417
men,10,expectancy,54,1 Functional,s1,20.517257557750554,20.51807794989471,20.26027431872528,20.771362660774933,20.33409332494643,20.698743214626845
men,10,expectancy,56,1 Functional,s1,19.118641611587517,19.12032233333482,18.877239194648993,19.35693813702502,18.945871753748985,19.29040366948867
men,10,expectancy,58,1 Functional,s1,17.76348536151413,17.764031472529172,17.530191551074427,17.992084447235968,17.595526913340258,17.928933623789575
men,10,expectancy,60,1 Functional,s1,16.436647164265402,16.436689695940153,16.206532700758586,16.6610440388497,16.272800979695415,16.60164877289762
men,10,expectancy,62,1 Functional,s1,15.13363163822098,15.13351051783517,14.904382475688859,15.359350668582248,14.969035147118454,15.298788429476298
men,10,expectancy,64,1 Functional,s1,13.855463204680236,13.854292873776881,13.62519413964228,14.085013383339799,13.686896324866174,14.024354906264861
men,10,expectancy,66,1 Functional,s1,12.606024491892857,12.604550853309036,12.371129772453317,12.839249478260038,12.43606437519563,12.778576445545882
men,10,expectancy,68,1 Functional,s1,11.390673078556278,11.389581252417784,11.153254908385895,11.628651619051608,11.219227818137798,11.56522802750688
men,10,expectancy,70,1 Functional,s1,10.215507421486537,10.214850400547665,9.976229515368138,10.459132335602481,10.04401606896983,10.38873184856525
men,10,expectancy,72,1 Functional,s1,9.086947397041893,9.085354490956114,8.847590267792885,9.33119711615441,8.916261646118132,9.261883557261925
men,10,expectancy,74,1 Functional,s1,8.01145300320829,8.010482072128562,7.775371039610494,8.254013077116893,7.842186784687234,8.184401451372262
men,10,expectancy,76,1 Functional,s1,6.995290392750181,6.994637674617951,6.761769467726285,7.234369705587051,6.828576654408478,7.166383625666163
men,10,expectancy,78,1 Functional,s1,6.044301710554801,6.042851552785428,5.813835379269313,6.279413118126612,5.880160738183403,6.213166995272695
men,10,expectancy,80,1 Functional,s1,5.16366271626058,5.16232429180692,4.939648233348024,5.392679016248939,5.002773507246414,5.328121801646806
men,10,expectancy,82,1 Functional,s1,4.357629776889388,4.355683171240439,4.141469089676701,4.580881248370928,4.202877599078324,4.517111743287564
men,10,expectancy,84,1 Functional,s1,3.6292904211095123,3.6273120334555395,3.420852032056557,3.844860859668447,3.4798934471725795,3.781422295928551
men,10,expectancy,86,1 Functional,s1,2.9803410145561435,2.978182895990954,2.783296520173446,3.1838347910595277,2.8387688637723585,3.124572115407678
men,10,expectancy,88,1 Functional,s1,2.4109207532637367,2.4081410303280473,2.2257455041651033,2.603804930004165,2.2769393150919277,2.5470530975790826
men,10,expectancy,90,1 Functional,s1,1.9195310760487103,1.9171678827744325,1.7469302160587146,2.100561550923407,1.7946945703384944,2.0461759350279687
men,10,expectancy,92,1 Functional,s1,1.503061531534833,1.4999240965437857,1.3445906423178502,1.6694556756530692,1.3881984209468148,1.6198339480689552
men,10,expectancy,94,1 Functional,s1,1.1569268171333238,1.1538378873316777,1.0135231328918082,1.3079063244248836,1.0527214697762792,1.2642084444239052
men,10,expectancy,96,1 Functional,s1,0.8752993446450266,0.872681387605637,0.7475710717874127,1.0112749781930157,0.7831290375307259,0.9703674190484214
men,10,expectancy,98,1 Functional,s1,0.6514070689148079,0.6494092951235166,0.5400118884031334,0.7725922726519975,0.5706220157383738,0.7352915110170279
men,10,expectancy,100,1 Functional,s1,0.47787031746888925,0.47624669991734975,0.3821371255768858,0.5828357502538732,0.40847709699943113,0.5511736211106797
men,10,expectancy,102,1 Functional,s1,0.3470870934772546,0.3454729635638647,0.2653392454777231,0.4376910423261804,0.28814244097933067,0.41092386271077347
men,10,expectancy,104,1 Functional,s1,0.2517818854507856,0.24984198359935272,0.18291731164796882,0.33007548099156125,0.20160382082175415,0.3069535144808181
men,10,expectancy,106,1 Functional,s1,0.1862557248829448,0.18414265817967931,0.12691728970148916,0.2598318475522419,0.1420948046242892,0.23577245545241948
men,10,expectancy,108,1 Functional,s1,0.15114755672992447,0.1475694731253736,0.09423480608932752,0.23023574854357476,0.10783728124568305,0.20139836856455037
men,10,expectancy,110,1 Functional,s1,0.1784784511887654,0.17309756391815861,0.10375360230713909,0.28752762568282464,0.12120700446878158,0.24604850900282813
men,10,expectancy,50,2 Physical only,s1,3.2963890185794176,3.2959167579011774,3.1799658311390346,3.4116055136257595,3.214809661276315,3.3803515221202414
men,10,expectancy,52,2 Physical only,s1,3.287672830788415,3.287120297623361,3.1724450250163687,3.4006079697502267,3.206113248327175,3.3697814875772143
men,10,expectancy,54,2 Physical only,s1,3.2116943706168204,3.2118430829011,3.10019005453281,3.3209979091398356,3.1311859009082545,3.2911736480487117
men,10,expectancy,56,2 Physical only,s1,3.1052337365785925,3.1053111902951773,2.9952043272980684,3.215069970925686,3.0265402148867975,3.1843688529510015
men,10,expectancy,58,2 Physical only,s1,2.986762082164579,2.9871662239564793,2.8770040994657027,3.097360355735047,2.9078277802685037,3.0662350227561936
men,10,expectancy,60,2 Physical only,s1,2.8651936031034597,2.865035348381409,2.752610832039436,2.977111965157187,2.785483387656738,2.9463504347226213
men,10,expectancy,62,2 Physical only,s1,2.7445167195924265,2.743963619370775,2.62716167589269,2.8597592313546247,2.66260661859756,2.828106819281511
men,10,expectancy,64,2 Physical only,s1,2.6262498573417408,2.6256208807411316,2.502929407271435,2.7459170166842757,2.540792930812882,2.7135578054955394
men,10,expectancy,66,2 Physical only,s1,2.510730207435672,2.509500933266328,2.387280440531158,2.6341730658948226,2.422700159940292,2.600052189323424
men,10,expectancy,68,2 Physical only,s1,2.3977779077559824,2.3968486337684496,2.270195108792876,2.5273142440212304,2.3065895395383693,2.491482247772057
men,10,expectancy,70,2 Physical only,s1,2.2870306769060833,2.285625284155614,2.1549209177329947,2.422165801594648,2.193357982838706,2.383544895248171
men,10,expectancy,72,2 Physical only,s1,2.1781079752854486,2.1766022154836495,2.0422515226266658,2.3182437609095325,2.081240823700032,2.2779090003301135
men,10,expectancy,74,2 Physical only,s1,2.070688791701208,2.069227603551612,1.9317507993897782,2.215023286015602,1.9712640769249368,2.1728263162345787
men,10,expectancy,76,2 Physical only,s1,1.9645463010805508,1.962242568042856,1.8244070363204299,2.112930857173589,1.862195695816288,2.0687066770333176
men,10,expectancy,78,2 Physical only,s1,1.8595607478059015,1.8572073074341107,1.7169038948745714,2.0120890107264318,1.7556994141205167,1.9672809337198844
men,10,expectancy,80,2 Physical only,s1,1.7557203462266469,1.7534578849171314,1.6107659727102406,1.9136612858670503,1.6497044546592172,1.8650682782239718
men,10,expectancy,82,2 Physical only,s1,1.6531139683209342,1.650231875422969,1.5047355992730296,1.814824732305763,1.5443232848139627,1.7660948152855258
men,10,expectancy,84,2 Physical only,s1,1.5519164480966419,1.5490477397823588,1.4024282838636843,1.7177660583477607,1.4419384722261679,1.6677681992727627
men,10,expectancy,86,2 Physical only,s1,1.4523664508862244,1.449874188605671,1.30014193257196,1.6220264316820343,1.3399650819611997,1.5708742665959914
men,10,expectancy,88,2 Physical only,s1,1.3547378556365013,1.3520214814988503,1.1994406739406376,1.5275250782556973,1.2390507431373732,1.4761385149830524
men,10,expectancy,90,2 Physical only,s1,1.2593085533092039,1.2564369323898663,1.1010486932976573,1.4352621127821727,1.1421137609076837,1.384871163221407
men,10,expectancy,92,2 Physical only,s1,1.1663349991589513,1.1625200950151215,1.0048268382344032,1.3460193549070827,1.0469112702147279,1.2935599801944362
men,10,expectancy,94,2 Physical only,s1,1.076044886089548,1.0706819786235175,0.9118062765579019,1.2621231022810058,0.9542019004084746,1.2063678032377347
men,10,expectancy,96,2 Physical only,s1,0.9886607628020329,0.9843178014920869,0.8210485678244426,1.180293228623975,0.8638815127946823,1.1222916547324884
men,10,expectancy,98,2 Physical only,s1,0.9044636016543622,0.8992466563019861,0.7333086678422261,1.1033069308378427,0.7759607914346756,1.041114934426609
men,10,expectancy,100,2 Physical only,s1,0.8239114703542666,0.8185196410979373,0.650053072499946,1.0313383732402954,0.692332910314643,0.9648143161970804
men,10,expectancy,102,2 Physical only,s1,0.7479099062481798,0.7423524116240732,0.5657956949808051,0.9635023592263027,0.6107030339053949,0.8943968827562823
men,10,expectancy,104,2 Physical only,s1,0.6787475853405884,0.672780314150468,0.4878050030608997,0.90545689657787,0.5360572654170087,0.8333978687297753
men,10,expectancy,106,2 Physical only,s1,0.6241996898959137,0.6178356664577009,0.41829244232402707,0.8727399747064944,0.47112033726410085,0.7922677774829552
men,10,expectancy,108,2 Physical only,s1,0.6179040290433196,0.6087924313258752,0.37885995180047566,0.9072249616929969,0.4402762900399058,0.8137188278803759
men,10,expectancy,110,2 Physical only,s1,0.8342366910073346,0.8270695194419109,0.4607156853714456,1.2580359015627813,0.5585353802863208,1.125599677806403
men,10,expectancy,50,3 Cognitive only,s1,0.5309730196021488,0.5299313478967899,0.4878592628635914,0.5773362484523858,0.5000052287281738,0.5641440595565204
men,10,expectancy,52,3 Cognitive only,s1,0.5336646998623795,0.5325602181970125,0.4903413228554689,0.5806509517800449,0.5022122740333577,0.5671223975278101
men,10,expectancy,54,3 Cognitive only,s1,0.5321219479373057,0.5311920064243141,0.48815129090524156,0.5798208314080382,0.5001348216091294,0.5663935397014137
men,10,expectancy,56,3 Cognitive only,s1,0.529115785337374,0.5280408652358644,0.48472092138389056,0.5783067513257846,0.4965385083751491,0.5637777405586264
men,10,expectancy,58,3 Cognitive only,s1,0.5252709224378272,0.524140147038879,0.47991714559862075,0.5756179334396945,0.49247202124829165,0.5600799014367673
men,10,expectancy,60,3 Cognitive only,s1,0.5207514573600811,0.5196352175130898,0.47384746280186013,0.5719502665196713,0.4868268680280973,0.5564109504422842
men,10,expectancy,62,3 Cognitive only,s1,0.515564771445285,0.5145082564134278,0.4673881365228081,0.568400279096011,0.480365867173302,0.5523230803660077
men,10,expectancy,64,3 Cognitive only,s1,0.5096537038358567,0.5084282982760456,0.45967914558364,0.5640685839392889,0.4736048408529334,0.5475184891445349
men,10,expectancy,66,3 Cognitive only,s1,0.5029343872760985,0.5016254148319278,0.4516727793652472,0.5592188738199276,0.4656983056343491,0.5420711264379712
men,10,expectancy,68,3 Cognitive only,s1,0.4953144597705545,0.4941471418805006,0.44242242003053744,0.5534652130532276,0.45704130357253564,0.535736322675655
men,10,expectancy,70,3 Cognitive only,s1,0.4867033130084972,0.485635321646618,0.43208041118820867,0.5468528196746205,0.4470479744338192,0.5284475948923993
men,10,expectancy,72,3 Cognitive only,s1,0.47701921393616237,0.4758110899846106,0.4206804718666917,0.5391195874831443,0.4360348032345104,0.5200342248819052
men,10,expectancy,74,3 Cognitive only,s1,0.4661953833892496,0.4648981210626669,0.40802730112422586,0.5303767602732817,0.42393294156448735,0.5109167639662198
men,10,expectancy,76,3 Cognitive only,s1,0.454185821495638,0.4529947666450427,0.3943403694638465,0.5204396847056385,0.4107652161708895,0.5002109332695178
men,10,expectancy,78,3 Cognitive only,s1,0.440971012507909,0.4394208343511918,0.3795293654430466,0.5096727315230107,0.39592293810072415,0.488618272247557
men,10,expectancy,80,3 Cognitive only,s1,0.42656330582236607,0.42490521217435784,0.3632892711275091,0.4982103178736406,0.38012431174069355,0.4762315618018087
men,10,expectancy,82,3 Cognitive only,s1,0.41101164519154115,0.40948241425790805,0.345323077479651,0.4852944603381688,0.36280462342296993,0.46277582939308154
men,10,expectancy,84,3 Cognitive only,s1,0.3944054058300807,0.3926732114265549,0.32594967210932774,0.471901382218435,0.3444208260927565,0.4483168264238375
men,10,expectancy,86,3 Cognitive only,s1,0.3768774664690151,0.3749809740660591,0.30590042146492097,0.45722676842314036,0.3249580511215834,0.4334413171991513
men,10,expectancy,88,3 Cognitive only,s1,0.3586073694625911,0.35629863381611515,0.28542413153427976,0.4435039193636769,0.30511857831756795,0.41693707288595167
men,10,expectancy,90,3 Cognitive only,s1,0.33982649723695446,0.33720125866679124,0.2642886729070858,0.4291887920806189,0.2838347426269071,0.40107507027233624
men,10,expectancy,92,3 Cognitive only,s1,0.3208283695296159,0.3174694386192199,0.24384691524967506,0.41554926933459735,0.2622547638404356,0.3858132949206403
men,10,expectancy,94,3 Cognitive only,s1,0.301987854728507,0.29802381399071703,0.2220692343865653,0.4039450864965424,0.24051752287301958,0.37122241491727925
men,10,expectancy,96,3 Cognitive only,s1,0.28379263116464565,0.2787110303399537,0.20000973948612605,0.3965990224243497,0.21845888768312482,0.3585785424641479
men,10,expectancy,98,3 Cognitive only,s1,0.266889259175525,0.26014321072337265,0.17834887478480876,0.392179387157789,0.19744445380877726,0.3486389166443191
men,10,expectancy,100,3 Cognitive only,s1,0.25215073484452716,0.24303423297692886,0.15722402548804368,0.3951330275293824,0.1771936130981724,0.3439560534011987
men,10,expectancy,102,3 Cognitive only,s1,0.24080721688667153,0.2282682640986441,0.1378189752182699,0.4134765307419021,0.15830157920331608,0.34724977013090325
men,10,expectancy,104,3 Cognitive only,s1,0.23485216938979844,0.21722077004610502,0.12077504404604043,0.4502487900169678,0.14126743071291506,0.3631405724070109
men,10,expectancy,106,3 Cognitive only,s1,0.23876974683848465,0.21300343213845174,0.10660350725080578,0.5243128837847887,0.1278404183481253,0.4006482585253619
men,10,expectancy,108,3 Cognitive only,s1,0.268073189519972,0.22890929395140047,0.10063601101277374,0.6742498983987005,0.12487564324048504,0.4888138874323138
men,10,expectancy,110,3 Cognitive only,s1,0.3961750663179138,0.33459591807865346,0.13517596430237677,1.0251081271696172,0.17436800278051906,0.7398307673643193
men,10,expectancy,50,4 Both,s1,0.6248135385439185,0.6240924318545826,0.5743744419295623,0.6803685333256095,0.5886622698868547,0.6630773436754462
men,10,expectancy,52,4 Both,s1,0.6305796472122625,0.629824431012267,0.5795611820080496,0.687082379657602,0.5939974133845791,0.6697303079745007
men,10,expectancy,54,4 Both,s1,0.6339349465057087,0.6330333678454532,0.5815693970305146,0.6912880767950054,0.5967065737368182,0.6737350203744916
men,10,expectancy,56,4 Both,s1,0.6351906135702072,0.6342475665650623,0.5815489801833084,0.69258973617053,0.5971236978160545,0.6758526034451837
men,10,expectancy,58,4 Both,s1,0.6349263301326457,0.6338353748973684,0.5799855216449817,0.6933279446533668,0.5956855753477488,0.6766614861125124
men,10,expectancy,60,4 Both,s1,0.6335819096183721,0.6324654657420614,0.5776645095695438,0.6940202037098422,0.5930188302459087,0.6766389468756936
men,10,expectancy,62,4 Both,s1,0.6314501360694091,0.630444096007625,0.573655574703595,0.6936464965500861,0.5893193946613327,0.6754288619287453
men,10,expectancy,64,4 Both,s1,0.6287140727753308,0.6278481547664204,0.568771436344538,0.693398546884736,0.5851381756336628,0.6741144552127838
men,10,expectancy,66,4 Both,s1,0.6254839550864484,0.6244996951126955,0.563346127461292,0.6924063881210744,0.5803179826461443,0.6720951806852217
men,10,expectancy,68,4 Both,s1,0.621827427419504,0.6206812921223833,0.5576685507763048,0.6912847845009141,0.5748121863688548,0.6702175372351333
men,10,expectancy,70,4 Both,s1,0.6177934420805593,0.6165028978108789,0.5514657987399384,0.6901022177425561,0.5691193288852445,0.6679128663357176
men,10,expectancy,72,4 Both,s1,0.6134312474417676,0.6120388225995684,0.5449656052662897,0.6884749600026883,0.5631412172728195,0.6655860210183944
men,10,expectancy,74,4 Both,s1,0.6088056789908526,0.6074128890054838,0.5378358489523279,0.6871109537780196,0.5567263721039017,0.6630651240446768
men,10,expectancy,76,4 Both,s1,0.6040093707450652,0.6024165875963235,0.5309082354173301,0.6855560544734044,0.5496762042017652,0.6607275593094301
men,10,expectancy,78,4 Both,s1,0.5991718329517468,0.5973384018231233,0.5227763893040882,0.6836460017660773,0.5426860306041668,0.6586564229813714
men,10,expectancy,80,4 Both,s1,0.5944647197058714,0.592679451320737,0.5148397858654284,0.6819143837203661,0.5353813082117548,0.6572515266419349
men,10,expectancy,82,4 Both,s1,0.5901021026774762,0.5879686000306638,0.5072426555154218,0.6813092479410571,0.527918770459239,0.6558032536019746
men,10,expectancy,84,4 Both,s1,0.5863342407518976,0.5837458670303757,0.4996282046843913,0.6825845968121687,0.5215444734140766,0.655469319370098
men,10,expectancy,86,4 Both,s1,0.5834333168617052,0.5807408580934725,0.49183945878046487,0.6855453519227296,0.5152440159967305,0.6562001452862275
men,10,expectancy,88,4 Both,s1,0.5816701672459555,0.5786616150635385,0.4852374926297174,0.6898099010900587,0.5102969814159842,0.6586796572167456
men,10,expectancy,90,4 Both,s1,0.5812826207495184,0.5782632606751186,0.4795055131450311,0.6964356265529847,0.5054088094600835,0.663145003875274
men,10,expectancy,92,4 Both,s1,0.5824393004494621,0.5790639029222302,0.4739809544935721,0.7062546366239825,0.5011600162803503,0.6698406481876152
men,10,expectancy,94,4 Both,s1,0.5852079986869096,0.5815241925590788,0.47015587999463043,0.7185696932294445,0.4984067131795956,0.6798035033847167
men,10,expectancy,96,4 Both,s1,0.589544651306404,0.585192773111736,0.46799781005447266,0.7326594151072964,0.49654528477440496,0.6917135200446933
men,10,expectancy,98,4 Both,s1,0.5953274167276401,0.5909557248267707,0.4651606831272235,0.7495914930244653,0.49533965061438434,0.7040133570585541
men,10,expectancy,100,4 Both,s1,0.6024801472339724,0.5972314311561338,0.4625873745545785,0.7686428341367018,0.4951960055970876,0.7185143661536751
men,10,expectancy,102,4 Both,s1,0.6113236630103414,0.6068134413223326,0.4594490595216268,0.7890899278440413,0.49638235522958485,0.7364497109596888
men,10,expectancy,104,4 Both,s1,0.6237721441852715,0.6190215660171736,0.4571606741483244,0.8157288432214771,0.49902440762997125,0.7590868344809325
men,10,expectancy,106,4 Both,s1,0.6484235620808882,0.6441323852626015,0.46545827011604995,0.8587404744965569,0.5103996111663861,0.7961528989646066
men,10,expectancy,108,4 Both,s1,0.7258630868895124,0.7222962950226164,0.5096113536208977,0.9740385633597882,0.5604226663410005,0.8988477072916413
men,10,expectancy,110,4 Both,s1,1.0718942585005924,1.0697296327164483,0.72181198048382,1.434922824539246,0.818923446990818,1.3297689665625283
men,10,expectancy,50,1 Functional,s2,18.284787152627796,18.287825210207128,17.457086852014466,19.073636124779977,17.715214263484924,18.85042225671242
men,10,expectancy,52,1 Functional,s2,19.064757942737167,19.06540925363302,18.43470698620484,19.658852708980604,18.614513343452096,19.496620938558102
men,10,expectancy,54,1 Functional,s2,18.941255715362107,18.945019813951497,18.46663135119809,19.384955509652098,18.60977161448649,19.26171176210545
men,10,expectancy,56,1 Functional,s2,18.280504478069666,18.28433196542076,17.9250255524647,18.61672808523699,18.02981542546548,18.523025226014166
men,10,expectancy,58,1 Functional,s2,17.320506588946067,17.3222671267696,17.03449983691704,17.590541187293073,17.120549739964055,17.515764484527793
men,10,expectancy,60,1 Functional,s2,16.203330126950902,16.20353408016755,15.953443281422658,16.442853289106274,16.02707141004606,16.377354332947974
men,10,expectancy,62,1 Functional,s2,15.011053681951156,15.010474724920943,14.774445397120443,15.243219181621367,14.843469456656607,15.177574301313118
men,10,expectancy,64,1 Functional,s2,13.791257972923335,13.79071209505164,13.5608044970644,14.023885729834289,13.622683756250963,13.958817132360474
men,10,expectancy,66,1 Functional,s2,12.572549114525781,12.572122129503857,12.336838871773478,12.808150957302036,12.402461337375799,12.744353769167432
men,10,expectancy,68,1 Functional,s2,11.37334209217034,11.372410300576888,11.136462701443003,11.610682296538517,11.202186564818552,11.548202510537955
men,10,expectancy,70,1 Functional,s2,10.206624109594772,10.206207550275717,9.968570762855764,10.4491908172724,10.03533946711967,10.379252802420183
men,10,expectancy,72,1 Functional,s2,9.082453990986593,9.080702310708919,8.84315402470141,9.326790614114511,8.911491369680768,9.256721860307934
men,10,expectancy,74,1 Functional,s2,8.009217315646106,8.0083163008598,7.773106955193818,8.251349898903475,7.840080075009583,8.1821488940419
men,10,expectancy,76,1 Functional,s2,6.994199593060533,6.993595794846071,6.7605206551259895,7.2333197024340565,6.82762622893301,7.165299017975026
men,10,expectancy,78,1 Functional,s2,6.043781252350626,6.042299955866031,5.813357084142602,6.27865137577342,5.879580939657405,6.2126809368572085
men,10,expectancy,80,1 Functional,s2,5.163420429548933,5.1620835362538475,4.939403441916722,5.392363855786263,5.002486169881523,5.327872651448078
men,10,expectancy,82,1 Functional,s2,4.357519933122571,4.35559486306974,4.141352406231685,4.580770184647152,4.2027583507441495,4.517011638664402
men,10,expectancy,84,1 Functional,s2,3.6292419914394127,3.627268774907681,3.4208111658371405,3.844803439551312,3.4798491047505586,3.781380114799809
men,10,expectancy,86,1 Functional,s2,2.9803202717036257,2.978162906520873,2.7832707626263047,3.1838174371754144,2.838747139057146,3.1245508677115272
men,10,expectancy,88,1 Functional,s2,2.410912130587144,2.4081325363971393,2.2257390748250687,2.6037957724189114,2.2769327472211294,2.5470480995892295
men,10,expectancy,90,1 Functional,s2,1.9195276007426643,1.917164341622905,1.7469277973590014,2.1005572583936316,1.7946922209078668,2.0461721970798736
men,10,expectancy,92,1 Functional,s2,1.503060175284705,1.499922697680152,1.3445893018126553,1.6694537461990986,1.3881970665184302,1.6198322451836447
men,10,expectancy,94,1 Functional,s2,1.1569263055987495,1.1538374136324487,1.0135227527976627,1.3079058078745849,1.0527211169899329,1.2642079155053119
men,10,expectancy,96,1 Functional,s2,0.8752991586196808,0.8726811890322554,0.7475708241481742,1.0112748877728825,0.7831288459670402,0.970367315446039
men,10,expectancy,98,1 Functional,s2,0.6514070038347898,0.6494092500002762,0.5400117557844043,0.7725921770294083,0.5706219760442132,0.735291441861778
men,10,expectancy,100,1 Functional,s2,0.4778702955651289,0.47624668655932667,0.3821371024782758,0.5828357016572148,0.4084770688761063,0.5511735925311073
men,10,expectancy,102,1 Functional,s2,0.3470870863224314,0.34547295090193697,0.26533924036710355,0.43769104181612106,0.28814243512415777,0.4109238571427709
men,10,expectancy,104,1 Functional,s2,0.25178188310434463,0.2498419821199105,0.18291731041920872,0.3300754799682039,0.201603817375336,0.30695351282727723
men,10,expectancy,106,1 Functional,s2,0.18625572403774587,0.1841426561754949,0.12691728896291607,0.25983184680547095,0.1420948044066202,0.23577245514311046
men,10,expectancy,108,1 Functional,s2,0.15114755633601604,0.1475694729133264,0.09423480570112051,0.23023574835564264,0.10783728049320938,0.20139836813333162
men,10,expectancy,110,1 Functional,s2,0.17847845091096845,0.17309756357538209,0.10375360245749235,0.2875276250164133,0.12120700383395906,0.24604850896985034
men,10,expectancy,50,2 Physical only,s2,5.924331074512689,5.918483203502213,5.616797151578378,6.25988125976971,5.696308611198631,6.164711650495728
men,10,expectancy,52,2 Physical only,s2,4.65657785148186,4.652701623011948,4.397704048840274,4.94356120572518,4.463624174715385,4.861898594208205
men,10,expectancy,54,2 Physical only,s2,3.9110890688043116,3.90784628875005,3.716724986976836,4.125908929148434,3.765325737356686,4.060646448925001
men,10,expectancy,56,2 Physical only,s2,3.457098332228052,3.4559884303042137,3.305630228365629,3.6157213489487816,3.3494395793105234,3.566782727164583
men,10,expectancy,58,2 Physical only,s2,3.16162578128813,3.1623523028724305,3.0347273564400115,3.288846865361303,3.0726069124534767,3.25058027595017
men,10,expectancy,60,2 Physical only,s2,2.951233426934845,2.9520551580071137,2.8348903853100134,3.0693977269149073,2.868254345287636,3.0337958710373063
men,10,expectancy,62,2 Physical only,s2,2.7865009818567334,2.7867567306031065,2.668882144304254,2.9042726906162235,2.7035208307610503,2.869126390069349
men,10,expectancy,64,2 Physical only,s2,2.6465896486316867,2.6461053960546312,2.523782698624479,2.766821219908331,2.5619587281912284,2.7327819619166487
men,10,expectancy,66,2 Physical only,s2,2.520520529255219,2.5195625541047093,2.396115317660366,2.6443448850491813,2.4327212504619555,2.6088466220271225
men,10,expectancy,68,2 Physical only,s2,2.4024621810933064,2.401533293643072,2.2737043917174673,2.531561833735966,2.3117500747319997,2.4955489259151005
men,10,expectancy,70,2 Physical only,s2,2.289259270974768,2.287873132367217,2.157174172314721,2.4242283342107767,2.195645390482392,2.385631859537571
men,10,expectancy,72,2 Physical only,s2,2.1791626370323125,2.177684531753588,2.0432784450446193,2.3192605365417096,2.0823547263085405,2.279084589619372
men,10,expectancy,74,2 Physical only,s2,2.07118548051792,2.069687796502217,1.93219830647417,2.2154080876629516,1.9717071885503181,2.17330939757685
men,10,expectancy,76,2 Physical only,s2,1.9647792180634067,1.9624952843041332,1.824683168829754,2.1131053188372793,1.862429521122547,2.068951008021495
men,10,expectancy,78,2 Physical only,s2,1.8596695800138034,1.8573331474182244,1.7170345154101065,2.0122213041347767,1.7557995870455398,1.9673881036222103
men,10,expectancy,80,2 Physical only,s2,1.7557710483829108,1.753510906008018,1.6108280496050211,1.9137060977305616,1.6497532293601695,1.8651157369959976
men,10,expectancy,82,2 Physical only,s2,1.6531375295933666,1.650255927923384,1.5047587992480833,1.814840662520302,1.544338396960331,1.7661169238879202
men,10,expectancy,84,2 Physical only,s2,1.5519273717630904,1.5490579893290541,1.4024362974476883,1.7177750196569215,1.4419494329251388,1.6677784168068062
men,10,expectancy,86,2 Physical only,s2,1.4523715046847132,1.44987762893281,1.3001469831500445,1.6220315279524644,1.3399685277633357,1.5708779065307927
men,10,expectancy,88,2 Physical only,s2,1.3547401902767746,1.352024933862496,1.199444028300469,1.5275272069928905,1.2390530152782147,1.4761406012001783
men,10,expectancy,90,2 Physical only,s2,1.259309632053457,1.2564385577389174,1.1010494043955346,1.4352638778185896,1.1421143646138439,1.3848722107482683
men,10,expectancy,92,2 Physical only,s2,1.1663354994139148,1.162520622360643,1.0048272282405015,1.346020466145585,1.046911572659494,1.2935604151178843
men,10,expectancy,94,2 Physical only,s2,1.0760451201654988,1.0706821816024197,0.9118064260581319,1.2621234020455516,0.9542022001017013,1.2063680193468607
men,10,expectancy,96,2 Physical only,s2,0.9886608740728947,0.9843179232343683,0.8210486340857733,1.1802933950950052,0.8638816127475359,1.1222919051348481
men,10,expectancy,98,2 Physical only,s2,0.9044636557718913,0.8992467163101752,0.7333086897545437,1.1033069934953232,0.7759608148852468,1.0411149552103418
men,10,expectancy,100,2 Physical only,s2,0.8239114974355198,0.8185196699415588,0.6500530832428368,1.0313383821776054,0.6923329625273202,0.9648143486418439
men,10,expectancy,102,2 Physical only,s2,0.7479099202320745,0.7423524281888615,0.5657957003394457,0.9635023707602862,0.6107030359954189,0.8943969001502822
men,10,expectancy,104,2 Physical only,s2,0.678747592792349,0.6727803170604711,0.4878050038059226,0.9054569092656073,0.5360572646437247,0.8333978752361558
men,10,expectancy,106,2 Physical only,s2,0.6241996940003498,0.6178356683888102,0.4182924429350794,0.8727399782330145,0.47112033800458125,0.7922677849467047
men,10,expectancy,108,2 Physical only,s2,0.6179040315036634,0.6087924328032327,0.37885995683502094,0.9072249649076941,0.4402762929420567,0.8137188294729564
men,10,expectancy,110,2 Physical only,s2,0.8342366934650497,0.8270695259971514,0.46071568777485045,1.258035905042251,0.5585353802515607,1.1255996792985867
men,10,expectancy,50,3 Cognitive only,s2,0.5178569527413969,0.5164591805067587,0.4616259053814311,0.5836954827395808,0.4763961030157335,0.5627876950849751
men,10,expectancy,52,3 Cognitive only,s2,0.537347963517121,0.5361774549722319,0.4831002217148026,0.5970460174023694,0.49895939481691204,0.5796055807081222
men,10,expectancy,54,3 Cognitive only,s2,0.5352562887489083,0.5343009843080682,0.48710512919235494,0.5867712305358032,0.5011119922499384,0.5721045662511403
men,10,expectancy,56,3 Cognitive only,s2,0.5302641747301785,0.5293669099194848,0.48457498204335486,0.5793583142162322,0.49738177813220985,0.5657678648766857
men,10,expectancy,58,3 Cognitive only,s2,0.5252413640191907,0.5242598667937559,0.4795460015219507,0.5752015427900758,0.49175278799104266,0.560507149081615
men,10,expectancy,60,3 Cognitive only,s2,0.5202553405319627,0.5192828830403036,0.4734763187090089,0.5715395041607185,0.4863311019626627,0.555999390908809
men,10,expectancy,62,3 Cognitive only,s2,0.5149839045199435,0.514015535966249,0.46671038157903455,0.5678743308092333,0.4799010582902385,0.5517934821238801
men,10,expectancy,64,3 Cognitive only,s2,0.5091471167897529,0.5079886317513973,0.45929916944974913,0.5635902912762617,0.47303811205327645,0.5469594119626797
men,10,expectancy,66,3 Cognitive only,s2,0.5025460709271097,0.5012411804740323,0.4512930574857788,0.5586908919753407,0.46539069613317857,0.5416848372213481
men,10,expectancy,68,3 Cognitive only,s2,0.49503859541327583,0.4938993154363215,0.44218903905907575,0.5532385030097764,0.4567926708375461,0.5353544951347882
men,10,expectancy,70,3 Cognitive only,s2,0.48651743130001873,0.48544696559596195,0.43193729033481376,0.5466363268391101,0.4468541818033574,0.5282264084896877
men,10,expectancy,72,3 Cognitive only,s2,0.4768990233771264,0.475686359998842,0.4205926588765438,0.5389786134576112,0.4359076354293663,0.519917061330955
men,10,expectancy,74,3 Cognitive only,s2,0.4661203312274676,0.46482949821545344,0.4079641557374546,0.5303054610046398,0.42385837771195123,0.5108244571192719
men,10,expectancy,76,3 Cognitive only,s2,0.4541403922797866,0.4529554190878601,0.39430118152923405,0.5203786638382374,0.4107249401728502,0.5001614055530156
men,10,expectancy,78,3 Cognitive only,s2,0.4409442929683417,0.43939207147881226,0.3794986749781641,0.509646331908773,0.395898776312645,0.4885879549644133
men,10,expectancy,80,3 Cognitive only,s2,0.4265480083206919,0.4248924344233246,0.36327753252412714,0.4981961870174265,0.38011113046543626,0.4762168760423605
men,10,expectancy,82,3 Cognitive only,s2,0.4110031063547034,0.40947127233036434,0.3453174146153176,0.4852829396696457,0.3627958973628866,0.4627636905674458
men,10,expectancy,84,3 Cognitive only,s2,0.39440075137117747,0.3926695935689215,0.32594520726890175,0.47189320804446333,0.3444169135342277,0.44831299940111435
men,10,expectancy,86,3 Cognitive only,s2,0.376874984393263,0.37497837752457513,0.3058976182375806,0.4572240697887854,0.324956076148261,0.4334382404209001
men,10,expectancy,88,3 Cognitive only,s2,0.35860607186861027,0.35629731886004135,0.285423034738372,0.44350234167769603,0.3051175472117366,0.416936221241672
men,10,expectancy,90,3 Cognitive only,s2,0.3398258305651774,0.3372004105191243,0.2642880827971982,0.4291880360469801,0.28383411070998366,0.40107408807369443
men,10,expectancy,92,3 Cognitive only,s2,0.3208280318821275,0.3174690343366837,0.24384662635748655,0.41554880236843483,0.262254565740484,0.3858128913292756
men,10,expectancy,94,3 Cognitive only,s2,0.30198768547058885,0.2980236412908634,0.22206916939599833,0.40394483756816457,0.24051744646160664,0.37122222855388326
men,10,expectancy,96,3 Cognitive only,s2,0.2837925467029923,0.27871094656467,0.20000967049418136,0.3965988256631283,0.21845881032137943,0.3585783895705954
men,10,expectancy,98,3 Cognitive only,s2,0.266889216857286,0.2601431724294867,0.17834884229753364,0.39217933406125105,0.19744443775609666,0.34863885250321924
men,10,expectancy,100,3 Cognitive only,s2,0.2521507132762232,0.24303421489574775,0.15722400088390803,0.3951329933319904,0.17719359721121167,0.3439560033119289
men,10,expectancy,102,3 Cognitive only,s2,0.24080720549242066,0.22826825563542308,0.1378189701240973,0.4134765247335739,0.15830157364080835,0.3472497111379217
men,10,expectancy,104,3 Cognitive only,s2,0.23485216300095751,0.21722076747659935,0.1207750381071803,0.4502487734309766,0.14126742817591592,0.3631405673618915
men,10,expectancy,106,3 Cognitive only,s2,0.23876974293786976,0.21300342904506245,0.10660350623389947,0.5243128784878779,0.12784041814424885,0.4006482543919987
men,10,expectancy,108,3 Cognitive only,s2,0.26807318681380526,0.22890929145025649,0.10063601043625552,0.6742498716159843,0.12487564284301948,0.48881388324854574
men,10,expectancy,110,3 Cognitive only,s2,0.39617506380120676,0.33459591354106677,0.1351759629307697,1.0251081224788845,0.17436800205830497,0.739830762123101
men,10,expectancy,50,4 Both,s2,0.670183679729104,0.6686640104987297,0.6053812713975798,0.7452750504499313,0.6224980118877239,0.7217609220545856
men,10,expectancy,52,4 Both,s2,0.6943627981049079,0.6928237275207902,0.630060870875727,0.7670792427316131,0.6483662007095241,0.743547954421292
men,10,expectancy,54,4 Both,s2,0.6867525414063714,0.6855280649991249,0.627507144015656,0.752861272722821,0.6435385553051699,0.732144623314348
men,10,expectancy,56,4 Both,s2,0.6725056907908645,0.6717529196604946,0.6160388106437146,0.7347560674336436,0.6317642465885286,0.7155984966841946
men,10,expectancy,58,4 Both,s2,0.6593466047101313,0.6583604785495669,0.6036727879471728,0.7208248921335197,0.6188916740364017,0.7018949185302777
men,10,expectancy,60,4 Both,s2,0.6488409572649996,0.647843629085291,0.5922863672097102,0.7092533939747508,0.6081341546643612,0.6920459795422131
men,10,expectancy,62,4 Both,s2,0.6406764622980234,0.6395617947007592,0.5830751357595602,0.703114009209111,0.598616877634735,0.6852486162937645
men,10,expectancy,64,4 Both,s2,0.6341463855861074,0.6330033539849751,0.5741258191566098,0.6987137218312334,0.5906579947839019,0.6799169883155528
men,10,expectancy,66,4 Both,s2,0.6286072469796414,0.6275471270186487,0.5663077281510932,0.6955066678429211,0.5834422702999608,0.675437992417503
men,10,expectancy,68,4 Both,s2,0.6235825463626897,0.6224719257333058,0.5593731933610939,0.6931772888334661,0.5766871948290885,0.6719711985798227
men,10,expectancy,70,4 Both,s2,0.6187572357209037,0.617481082628848,0.5523978747183245,0.6909295641423249,0.5700098442199756,0.6688685762099382
men,10,expectancy,72,4 Both,s2,0.6139479976462218,0.6125556863931045,0.5454154118825509,0.6890556065951864,0.5636293185097513,0.6661637402283748
men,10,expectancy,74,4 Both,s2,0.6090758708769894,0.6076800035907405,0.5380414870396832,0.6874202601945203,0.557006184457453,0.6633981442017263
men,10,expectancy,76,4 Both,s2,0.604146951029498,0.6025379397608059,0.5310704305304709,0.6857184595151854,0.549804076549145,0.6608813777458218
men,10,expectancy,78,4 Both,s2,0.5992399570348805,0.5974046926665965,0.5228355644447664,0.6837362889355643,0.542746251962273,0.6587371327730616
men,10,expectancy,80,4 Both,s2,0.5944974734445306,0.5927051439370881,0.5148639836044686,0.6819667239996923,0.535408383166969,0.6573030441108778
men,10,expectancy,82,4 Both,s2,0.5901173694016721,0.5879802362360681,0.5072535816763308,0.6813352411285781,0.5279292385450023,0.6558207076758588
men,10,expectancy,84,4 Both,s2,0.5863411258062676,0.5837526330361433,0.4996386153393326,0.6825916310049425,0.521549028117308,0.6554788541350035
men,10,expectancy,86,4 Both,s2,0.5834363125475933,0.5807441692369718,0.4918422376867693,0.6855501520261791,0.5152461908374445,0.6562028198749581
men,10,expectancy,88,4 Both,s2,0.5816714185879885,0.5786629546952724,0.48523861774726934,0.6898118642759467,0.510298297799038,0.658681132188881
men,10,expectancy,90,4 Both,s2,0.5812831179463659,0.5782636493240254,0.4795057093025464,0.6964357967776642,0.505409243193356,0.6631451103738019
men,10,expectancy,92,4 Both,s2,0.5824394848529438,0.5790640843845722,0.47398126145222247,0.7062549513511878,0.5011599717946574,0.6698412740466988
men,10,expectancy,94,4 Both,s2,0.5852080598114506,0.5815242594348944,0.47015595193947296,0.7185697987179388,0.49840675090602976,0.6798035294362519
men,10,expectancy,96,4 Both,s2,0.5895446671822138,0.5851927583379457,0.4679978314953281,0.732659413748669,0.49654527801927695,0.6917135569036675
men,10,expectancy,98,4 Both,s2,0.5953274178564508,0.5909557253816518,0.4651606900116104,0.7495914758421831,0.4953396269154223,0.7040133518816629
men,10,expectancy,100,4 Both,s2,0.6024801446917288,0.597231431391893,0.46258737436006264,0.7686428347780613,0.49519599915847384,0.7185143750572329
men,10,expectancy,102,4 Both,s2,0.6113236603392797,0.6068134457171676,0.4594490507355551,0.7890899268587886,0.49638235092639604,0.7364497115014743
men,10,expectancy,104,4 Both,s2,0.6237721422169101,0.6190215619610312,0.4571606730360476,0.8157288470574967,0.499024406689368,0.7590868309290756
men,10,expectancy,106,4 Both,s2,0.6484235607875569,0.6441323856803745,0.4654582652866584,0.8587404736766971,0.5103996102614252,0.7961528989846771
men,10,expectancy,108,4 Both,s2,0.7258630860513503,0.722296294174301,0.5096113539333685,0.974038563480231,0.5604226641330898,0.8988477071264812
men,10,expectancy,110,4 Both,s2,1.0718942580583395,1.0697296316107963,0.7218119787294386,1.434922822444856,0.8189234488239779,1.3297689651751627
men,10,expectancy,50,1 Functional,s3,20.296725679557476,20.322852227751092,19.088215999161893,21.3328245464799,19.456477594549384,21.086470171658064
men,10,expectancy,52,1 Functional,s3,20.311898684345664,20.338246496036938,19.346162244480816,21.11128057055469,19.650554682153558,20.912112625204916
men,10,expectancy,54,1 Functional,s3,19.63881945030307,19.656297858832016,19.00462212241131,20.161205726100974,19.213076743210934,20.024915717387213
men,10,expectancy,56,1 Functional,s3,18.655769176644995,18.66539575566793,18.242450770892653,19.015911369278697,18.376941453908692,18.919553295313545
men,10,expectancy,58,1 Functional,s3,17.51899875649849,17.52319929043335,17.220671365862678,17.79284268449179,17.3102186922857,17.721341382777908
men,10,expectancy,60,1 Functional,s3,16.30757275850238,16.30907945002583,16.058273222853916,16.54981571654298,16.12901917258406,16.484731827563483
men,10,expectancy,62,1 Functional,s3,15.065641619312261,15.065411144976052,14.827090301617552,15.299669074160215,14.894083767920526,15.23363319094719
men,10,expectancy,64,1 Functional,s3,13.819791762992248,13.819611146262154,13.586705290967847,14.052839053635074,13.650119185261927,13.98853245083232
men,10,expectancy,66,1 Functional,s3,12.587421625272267,12.586391050992805,12.353246901284209,12.823796999924413,12.416020873353183,12.758824172156018
men,10,expectancy,68,1 Functional,s3,11.381053250804504,11.380586414363409,11.144071812702007,11.619224670261216,11.210425114082222,11.554672642645185
men,10,expectancy,70,1 Functional,s3,10.210588267189088,10.210305546257771,9.970627943702818,10.45412499365435,10.039329799118711,10.383525908835468
men,10,expectancy,72,1 Functional,s3,9.084467222125454,9.082718832100117,8.845012838206125,9.329114553209315,8.913693262587561,9.258653100883157
men,10,expectancy,74,1 Functional,s3,8.010223656073164,8.009223852837977,7.774020494062695,8.252993379902017,7.8410786456587935,8.183155292553167
men,10,expectancy,76,1 Functional,s3,6.994692988947664,6.994024668693938,6.761112551845528,7.2339389019194344,6.828056264058089,7.165810767293
men,10,expectancy,78,1 Functional,s3,6.044017793461134,6.042536793651807,5.813534513989125,6.279000852715751,5.879826739767324,6.212890202030061
men,10,expectancy,80,1 Functional,s3,5.163531029525287,5.1621773788851755,4.939558415566096,5.392460177793395,5.002610273439601,5.327965173685183
men,10,expectancy,82,1 Functional,s3,4.357570265622515,4.355654904373693,4.1414088056058675,4.5808225581692,4.202804605245986,4.51707590350177
men,10,expectancy,84,1 Functional,s3,3.6292642506888804,3.6272957992097776,3.420837724386205,3.8448385227348147,3.479867200412619,3.7813838364937964
men,10,expectancy,86,1 Functional,s3,2.9803298267555376,2.9781760895983758,2.7832782594610794,3.1838268028046186,2.8387519281024503,3.124562439233665
men,10,expectancy,88,1 Functional,s3,2.4109161079801167,2.4081357325286623,2.2257407308057675,2.603800579973156,2.2769349820766425,2.5470494252687423
men,10,expectancy,90,1 Functional,s3,1.919529204644002,1.9171651804476655,1.7469292908259686,2.1005585430539693,1.7946934190020067,2.0461726245787353
men,10,expectancy,92,1 Functional,s3,1.5030608010617548,1.4999230581505758,1.3445898132757896,1.6694546994532586,1.388197743485526,1.619833231480287
men,10,expectancy,94,1 Functional,s3,1.1569265414110244,1.1538374964795148,1.0135229206211058,1.307906157616215,1.0527212791466014,1.2642080574855046
men,10,expectancy,96,1 Functional,s3,0.8752992442570481,0.8726812603459451,0.7475709338547921,1.0112749369421103,0.7831289372496743,0.9703673646836092
men,10,expectancy,98,1 Functional,s3,0.6514070337466299,0.6494092799338783,0.5400117986031523,0.7725922116982038,0.5706219932758689,0.735291393504412
men,10,expectancy,100,1 Functional,s3,0.4778703056193884,0.47624669319438456,0.38213711416381474,0.5828357185797609,0.40847708343643807,0.5511736085031491
men,10,expectancy,102,1 Functional,s3,0.34708708960716894,0.34547295482591983,0.26533924174362966,0.43769104203368653,0.28814243849878307,0.41092386020531896
men,10,expectancy,104,1 Functional,s3,0.25178188418596026,0.2498419827535049,0.18291731075021078,0.3300754804002326,0.20160381789084042,0.30695351347844824
men,10,expectancy,106,1 Functional,s3,0.18625572443172464,0.18414265679815758,0.12691728932189422,0.25983184708514423,0.14209480452460432,0.2357724552858906
men,10,expectancy,108,1 Functional,s3,0.1511475565226595,0.14756947303815304,0.09423480572116968,0.23023574838901786,0.10783728065066556,0.2013983683682139
men,10,expectancy,110,1 Functional,s3,0.1784784510443128,0.17309756372096963,0.10375360242433518,0.28752762544123894,0.12120700404413601,0.24604850898543398
men,10,expectancy,50,2 Physical only,s3,3.5576496827512654,3.5310695709980933,3.1879059218308186,4.0586441323061635,3.281814605935511,3.8968199607657077
men,10,expectancy,52,2 Physical only,s3,3.5358261794936148,3.5168449008175093,3.245818401331066,3.9255346724678466,3.316617167847175,3.7984560678049695
men,10,expectancy,54,2 Physical only,s3,3.3820759663079545,3.3743854915557567,3.1916461324241943,3.6208680832907922,3.242593199338103,3.540198578640287
men,10,expectancy,56,2 Physical only,s3,3.2081750200202324,3.205630413022771,3.0704531145558307,3.357166290315252,3.1069643171279404,3.31506327410238
men,10,expectancy,58,2 Physical only,s3,3.0447349015204197,3.044861697390465,2.922984566578639,3.165776076360716,2.9584118063408273,3.1308768777834706
men,10,expectancy,60,2 Physical only,s3,2.8964318510568123,2.8977927494470146,2.780763577920659,3.0105824833973327,2.814197591411422,2.980017268197684
men,10,expectancy,62,2 Physical only,s3,2.76084747047511,2.7610500886772376,2.642338369717608,2.8783880212232336,2.677846808671125,2.8453746127095636
men,10,expectancy,64,2 Physical only,s3,2.6345998498641703,2.6338898835923423,2.511848643161877,2.7560035343677036,2.5489753134219257,2.7222013716048443
men,10,expectancy,66,2 Physical only,s3,2.514926837030843,2.513885968643046,2.3899375514128334,2.638060553101238,2.426993573736569,2.605190810734475
men,10,expectancy,68,2 Physical only,s3,2.3998580014846924,2.3989868316875693,2.271122039639729,2.5292822249074605,2.308821016781092,2.4933276589862414
men,10,expectancy,70,2 Physical only,s3,2.2880498512408862,2.286818016144026,2.155767826329705,2.4230783113128527,2.1942888620606436,2.3844131126015586
men,10,expectancy,72,2 Physical only,s3,2.1786024994753923,2.1770636969671977,2.042564732204705,2.318784648226733,2.0816404633258188,2.2783832629375764
men,10,expectancy,74,2 Physical only,s3,2.0709267905776225,2.0694369349191195,1.9319372374288823,2.2152776114273585,1.9714817386960841,2.1730676568439065
men,10,expectancy,76,2 Physical only,s3,1.9646600675354182,1.9623712034899965,1.8244767478044794,2.113067716716449,1.8623301150250193,2.0688635210562745
men,10,expectancy,78,2 Physical only,s3,1.8596148264750718,1.8572843059683406,1.7169649532455478,2.0121207761424023,1.7557538587059387,1.9673184726944573
men,10,expectancy,80,2 Physical only,s3,1.7557459321334385,1.7534740629367143,1.6107951006790788,1.9136801848560177,1.649738807707783,1.8650966212285858
men,10,expectancy,82,2 Physical only,s3,1.6531260231054261,1.6502463267502354,1.5047518666736746,1.8148347707130947,1.5443312010990307,1.7661082077834536
men,10,expectancy,84,2 Physical only,s3,1.5519221049406482,1.5490503731435554,1.402430614943952,1.7177698740945269,1.4419451360301134,1.6677744603680158
men,10,expectancy,86,2 Physical only,s3,1.4523690950897228,1.4498757180503306,1.300143513961661,1.6220295877563211,1.3399676318499434,1.5708757123467012
men,10,expectancy,88,2 Physical only,s3,1.354739087561054,1.3520239418059672,1.1994427790959399,1.5275271000737143,1.2390518168484173,1.4761396721097204
men,10,expectancy,90,2 Physical only,s3,1.259309126387579,1.2564376732194287,1.1010490901577539,1.4352628981649822,1.1421140798433504,1.3848718309538828
men,10,expectancy,92,2 Physical only,s3,1.1663352662919846,1.1625203270853683,1.0048270158537471,1.3460201005860513,1.0469114604509056,1.2935602081269597
men,10,expectancy,94,2 Physical only,s3,1.0760450115580666,1.070682100594039,0.9118063140133389,1.2621232259620014,0.9542020778662721,1.2063679344321983
men,10,expectancy,96,2 Physical only,s3,0.9886608226034377,0.984317868053681,0.8210485906338918,1.1802932875464962,0.8638815807959198,1.1222917581012553
men,10,expectancy,98,2 Physical only,s3,0.9044636307916484,0.8992466886257265,0.7333086773358539,1.1033069730703673,0.7759608013533813,1.0411149435547133
men,10,expectancy,100,2 Physical only,s3,0.8239114849527585,0.8185196525269992,0.6500530852698813,1.0313383760210595,0.6923329360693184,0.9648143311234547
men,10,expectancy,102,2 Physical only,s3,0.7479099137928038,0.7423524203242886,0.5657956973351959,0.9635023653275844,0.6107030347258147,0.8943968939925878
men,10,expectancy,104,2 Physical only,s3,0.6787475893634484,0.6727803167092199,0.48780500334481924,0.9054569057505094,0.5360572645044406,0.8333978727574933
men,10,expectancy,106,2 Physical only,s3,0.6241996921126693,0.6178356677993144,0.4182924424563487,0.872739977994975,0.47112033746274135,0.7922677818944359
men,10,expectancy,108,2 Physical only,s3,0.6179040303723966,0.6087924318950108,0.3788599563512019,0.9072249640253912,0.44027629161751997,0.8137188286387876
men,10,expectancy,110,2 Physical only,s3,0.8342366923327609,0.8270695244408096,0.460715687210286,1.2580359032576327,0.5585353802647979,1.1255996785170774
men,10,expectancy,50,3 Cognitive only,s3,1.9038766109500593,1.8924463137174334,1.7339554947062625,2.1339755239583256,1.7739409727513988,2.053142325569377
men,10,expectancy,52,3 Cognitive only,s3,0.7691772206746516,0.7612958335567604,0.6497754239546649,0.9297110678453473,0.6770626157538884,0.874090063800181
men,10,expectancy,54,3 Cognitive only,s3,0.5863166400768541,0.5839963652822098,0.5268184365202263,0.6593249795908573,0.5407347499031829,0.6356094179007571
men,10,expectancy,56,3 Cognitive only,s3,0.5441986759866522,0.5435352508964324,0.49636640002565974,0.5967874225224995,0.50952031248555,0.5817014802060543
men,10,expectancy,58,3 Cognitive only,s3,0.5298356573465103,0.5290093757189893,0.4836517170972343,0.5808928770535794,0.49640262804650015,0.5660451465728791
men,10,expectancy,60,3 Cognitive only,s3,0.5220717995803732,0.5210293403491696,0.47508505076519164,0.5737909119819622,0.4882137644643262,0.557969816900202
men,10,expectancy,62,3 Cognitive only,s3,0.5158341102490746,0.5148218729568989,0.46751062136756544,0.5688473831592071,0.4806805245606036,0.5526182371110364
men,10,expectancy,64,3 Cognitive only,s3,0.5096018860381607,0.5084884970361461,0.459627376254257,0.5641071802133282,0.4734713518685331,0.547445954636716
men,10,expectancy,66,3 Cognitive only,s3,0.5028109107877092,0.5014937206970199,0.45157363311918197,0.5590359043688972,0.4656286543597855,0.5419495786718023
men,10,expectancy,68,3 Cognitive only,s3,0.49519949878510483,0.4940512472091325,0.4423557237591327,0.5534196567714218,0.4569440317848588,0.53563117229238
men,10,expectancy,70,3 Cognitive only,s3,0.4866165056609291,0.4855561491292149,0.43199826953619463,0.546779398015741,0.4469770656033153,0.5283760373454292
men,10,expectancy,72,3 Cognitive only,s3,0.4769597981190292,0.47577106961291604,0.4206484513233915,0.539064519829927,0.4359919716431433,0.5199753091085424
men,10,expectancy,74,3 Cognitive only,s3,0.4661571176818945,0.4648592778357176,0.4080082287949662,0.5303307454393328,0.4238905577214061,0.5108692053540216
men,10,expectancy,76,3 Cognitive only,s3,0.45416224891942164,0.4529782704612352,0.3943155197165383,0.520413835773245,0.41075228529881586,0.5001810047374242
men,10,expectancy,78,3 Cognitive only,s3,0.44095700497540813,0.4394108213905076,0.3795108896145175,0.5096636671093984,0.3959122439244834,0.48860134824582807
men,10,expectancy,80,3 Cognitive only,s3,0.4265552366068956,0.42489871114461464,0.3632829012807129,0.4982024612259722,0.38011676923118565,0.4762258561546278
men,10,expectancy,82,3 Cognitive only,s3,0.41100712368866754,0.409477424793052,0.34531893302222344,0.48528904117702876,0.3627998100345541,0.4627683875845054
men,10,expectancy,84,3 Cognitive only,s3,0.394402934799762,0.3926713008648148,0.3259464749445659,0.47189935722029674,0.34441865748987605,0.448314112486363
men,10,expectancy,86,3 Cognitive only,s3,0.37687614617346316,0.3749800454889823,0.30589884681491936,0.45722608410432786,0.32495729145391805,0.43343908828826755
men,10,expectancy,88,3 Cognitive only,s3,0.3586066780752342,0.35629789985447724,0.28542368788239636,0.44350308791545784,0.30511794055036257,0.4169365917957838
men,10,expectancy,90,3 Cognitive only,s3,0.33982614145572204,0.33720074046375514,0.26428828222834383,0.42918857984560926,0.2838342863214798,0.4010744196144935
men,10,expectancy,92,3 Cognitive only,s3,0.32082818905451516,0.31746925107729473,0.24384668943052626,0.41554904759067923,0.26225466282934057,0.3858129439535053
men,10,expectancy,94,3 Cognitive only,s3,0.30198776411844136,0.29802375364550526,0.22206916738320367,0.40394496840462063,0.24051748578119475,0.37122233853934683
men,10,expectancy,96,3 Cognitive only,s3,0.28379258588350026,0.27871098548370543,0.20000968456718804,0.3965989234402527,0.21845885238914506,0.3585784709871579
men,10,expectancy,98,3 Cognitive only,s3,0.26688923646089213,0.260143190061654,0.17834886340544334,0.3921793436088897,0.1974444480776872,0.348638873366067
men,10,expectancy,100,3 Cognitive only,s3,0.25215072325942883,0.24303422500366909,0.1572240117676642,0.3951329954561816,0.17719360483198562,0.3439560302525513
men,10,expectancy,102,3 Cognitive only,s3,0.24080721076705092,0.2282682597447194,0.13781897308174618,0.4134765282281167,0.1583015769672823,0.34724973115415547
men,10,expectancy,104,3 Cognitive only,s3,0.23485216596252131,0.217220768775696,0.1207750412888755,0.4502487851653497,0.14126742904774225,0.3631405692362145
men,10,expectancy,106,3 Cognitive only,s3,0.2387697447505886,0.2130034301349314,0.10660350670574784,0.5243128823694598,0.12784041817459563,0.40064825699188994
men,10,expectancy,108,3 Cognitive only,s3,0.2680731880748369,0.22890929244019897,0.10063601076521787,0.6742498920952742,0.12487564296088541,0.4888138856764342
men,10,expectancy,110,3 Cognitive only,s3,0.3961750649741211,0.3345959157494466,0.13517596344085187,1.0251081252703371,0.17436800229725757,0.7398307642460432
men,10,expectancy,50,4 Both,s3,0.8987617000127348,0.8872709384138912,0.7412959651597054,1.124471533172656,0.7739528072783048,1.0448701015931698
men,10,expectancy,52,4 Both,s3,0.8470821996848935,0.8384544930392602,0.7197990168624522,1.0256644748233523,0.7467801312939267,0.9633220308224607
men,10,expectancy,54,4 Both,s3,0.7462941445571559,0.7425667432354955,0.6607875012302517,0.8564173570300122,0.6815694409492538,0.8180559316460232
men,10,expectancy,56,4 Both,s3,0.6912399122259781,0.6893856716770124,0.6256560832738353,0.7665760181154926,0.6426156534507353,0.7432949101608685
men,10,expectancy,58,4 Both,s3,0.663303603380379,0.6624921254472869,0.6043637007973014,0.7269459169100405,0.6205116649937694,0.7083460190614731
men,10,expectancy,60,4 Both,s3,0.6482659256513904,0.6474717010360058,0.590419985285556,0.7103641118543184,0.6073374602833457,0.6922070352670541
men,10,expectancy,62,4 Both,s3,0.639178748207507,0.6380155354282004,0.5810082053922679,0.7013779843038667,0.5973780305137282,0.6839523432947401
men,10,expectancy,64,4 Both,s3,0.6328208176122756,0.6317674240537223,0.5728003509474103,0.6971498904235801,0.5892631791893153,0.6790123645077687
men,10,expectancy,66,4 Both,s3,0.6276710047428109,0.6265414052005678,0.5656117328383949,0.6943903553252272,0.5825094433043067,0.6744817226401204
men,10,expectancy,68,4 Both,s3,0.6229873067834861,0.6219381216044515,0.5585008002301011,0.6924288309945394,0.5761205982018732,0.6713195302393301
men,10,expectancy,70,4 Both,s3,0.6184027337436205,0.6171228632382073,0.5520025079347616,0.690502224263148,0.5696903409340969,0.6684355375904101
men,10,expectancy,72,4 Both,s3,0.6137468507190162,0.6123617089819328,0.5452389710061665,0.6888542336914262,0.5634541783370571,0.6659334467721661
men,10,expectancy,74,4 Both,s3,0.6089662698059258,0.6075682878073422,0.5380083567004006,0.6872826708966758,0.55690257097254,0.663225078513315
men,10,expectancy,76,4 Both,s3,0.604089387095168,0.6024820538859164,0.5310204013783384,0.685686564198828,0.549765313375035,0.6607967572853759
men,10,expectancy,78,4 Both,s3,0.5992107679575918,0.5973681978504475,0.5228150166918721,0.6836922918832846,0.5427118534364227,0.6587208701813643
men,10,expectancy,80,4 Both,s3,0.5944831777167854,0.5927020359713653,0.5148545974834751,0.681924910857,0.5353990824339432,0.6572757419040278
men,10,expectancy,82,4 Both,s3,0.5901106094483273,0.5879772510992366,0.5072512894283071,0.6813144253422393,0.5279252103839454,0.6558123079759859
men,10,expectancy,84,4 Both,s3,0.5863380431436691,0.5837479580065807,0.49963509990647514,0.6825866018429699,0.5215462586786355,0.6554727697239521
men,10,expectancy,86,4 Both,s3,0.5834349600728777,0.5807430630859107,0.49184068863635044,0.6855480201898768,0.515244680634133,0.6562009731481442
men,10,expectancy,88,4 Both,s3,0.5816708503032018,0.5786627455576862,0.4852380075791653,0.6898107805754131,0.5102973444861275,0.6586804603107664
men,10,expectancy,90,4 Both,s3,0.5812828913202384,0.5782635505074936,0.47950556528565913,0.69643573980076,0.5054092869386124,0.6631450678292118
men,10,expectancy,92,4 Both,s3,0.5824394006754698,0.5790639917017418,0.4739810915310743,0.7062547298135128,0.5011600051796681,0.6698408578394857
men,10,expectancy,94,4 Both,s3,0.5852080319390879,0.581524226379329,0.47015590029146676,0.7185697657149962,0.49840673027412125,0.6798035239401566
men,10,expectancy,96,4 Both,s3,0.5895446599875286,0.5851927659213783,0.46799782021087405,0.732659414459546,0.4965452826367544,0.6917135421964767
men,10,expectancy,98,4 Both,s3,0.5953274173839944,0.5909557248453018,0.4651606861607368,0.7495914826321771,0.4953396440775221,0.7040133548687092
men,10,expectancy,100,4 Both,s3,0.6024801458762968,0.5972314310254856,0.46258737446906634,0.7686428345327575,0.4951960022144288,0.7185143694193373
men,10,expectancy,102,4 Both,s3,0.6113236615675424,0.6068134452190894,0.4594490558926783,0.7890899271414199,0.49638235034019845,0.7364497111715753
men,10,expectancy,104,4 Both,s3,0.6237721431156635,0.6190215641957626,0.45716067369826546,0.815728844965269,0.4990244073135864,0.7590868327783887
men,10,expectancy,106,4 Both,s3,0.6484235613744382,0.6441323857558123,0.4654582677136456,0.8587404738613169,0.5103996107253572,0.7961528989777955
men,10,expectancy,108,4 Both,s3,0.7258630864292033,0.7222962945002773,0.5096113537796821,0.9740385633918244,0.5604226649498327,0.8988477072087909
men,10,expectancy,110,4 Both,s3,1.071894258250279,1.0697296322800378,0.7218119794764181,1.4349228229413193,0.8189234481754085,1.3297689656950993
men,10,expectancy,50,1 Functional,s4,14.974346722989923,14.98663783284691,12.493686373338626,17.36979910822123,13.21998404788537,16.687663696068558
men,10,expectancy,52,1 Functional,s4,17.016162423435578,17.04032601157119,15.034751257103933,18.832843743424636,15.659429375232362,18.334639153268178
men,10,expectancy,54,1 Functional,s4,17.754036925193034,17.79325019546051,16.328557944722377,18.970866470938596,16.785430580383654,18.653702385503017
men,10,expectancy,56,1 Functional,s4,17.61333210816765,17.64808922619007,16.67004569734812,18.373364392093524,16.95858023373142,18.182278599024084
men,10,expectancy,58,1 Functional,s4,16.952927881215533,16.976570155071517,16.35745175530383,17.43761235476723,16.539068991146458,17.317567601626774
men,10,expectancy,60,1 Functional,s4,16.003758731618046,16.01652788053712,15.608835017641194,16.338431279825468,15.730040166432321,16.254761060623025
men,10,expectancy,62,1 Functional,s4,14.904004991311457,14.906202005526593,14.613605723990998,15.172234755399701,14.702264777598513,15.10367998503992
men,10,expectancy,64,1 Functional,s4,13.734478284100806,13.734750654241523,13.48345306175961,13.98415471495645,13.554409017959511,13.914738557671592
men,10,expectancy,66,1 Functional,s4,12.542775911997264,12.542966059726957,12.301081105463597,12.786923826951469,12.367910900519927,12.718113318126704
men,10,expectancy,68,1 Functional,s4,11.35792485144619,11.357529457239975,11.120443870991863,11.600512994739667,11.186400619574858,11.533172522387192
men,10,expectancy,70,1 Functional,s4,10.198753459713174,10.198079784727328,9.959169033884946,10.442069067670928,10.027339519966961,10.372359762681983
men,10,expectancy,72,1 Functional,s4,9.07850070271568,9.076715198654322,8.839387949320285,9.321600187283261,8.907955204566115,9.252014284806169
men,10,expectancy,74,1 Functional,s4,8.007267874448637,8.006028459141842,7.771129725541146,8.24941415413874,7.837916223028938,8.180262383841256
men,10,expectancy,76,1 Functional,s4,6.993257822715544,6.992715192506281,6.759553507159682,7.232307262350041,6.826691153830887,7.164252163868847
men,10,expectancy,78,1 Functional,s4,6.043336388457567,6.041931623425038,5.812963517177669,6.278188324655157,5.879174351820735,6.212201082380125
men,10,expectancy,80,1 Functional,s4,5.1632152905373765,5.161791754812349,4.939379195861836,5.392091869217508,5.002219084619327,5.327694398245561
men,10,expectancy,82,1 Functional,s4,4.357427709392935,4.355537701604576,4.141176931323977,4.580702640967679,4.202658326613331,4.51692688197294
men,10,expectancy,84,1 Functional,s4,3.6292016110740972,3.627250129663519,3.42078069562958,3.844781384228395,3.4797966615007794,3.78132873723002
men,10,expectancy,86,1 Functional,s4,2.9803030662557815,2.9781567971512395,2.78327265419618,3.1838102389953784,2.8387325618048753,3.1245475025378835
men,10,expectancy,88,1 Functional,s4,2.4109050026811367,2.4081260944260316,2.2257316891681196,2.6037920370018988,2.276928812942192,2.5470459305068975
men,10,expectancy,90,1 Functional,s4,1.919524732654208,1.9171599508778678,1.7469256714413797,2.1005525303086845,1.794690435042929,2.046169351440079
men,10,expectancy,92,1 Functional,s4,1.5030590561021786,1.4999200894632418,1.344588012770426,1.6694536741599793,1.388195929455483,1.6198316876360868
men,10,expectancy,94,1 Functional,s4,1.1569258829533002,1.1538370641595066,1.0135222962739951,1.3079056563988924,1.0527206542575558,1.264206952929409
men,10,expectancy,96,1 Functional,s4,0.8752990045621891,0.8726809593162516,0.7475704673552609,1.0112748518833747,0.7831287105356913,0.9703672658037452
men,10,expectancy,98,1 Functional,s4,0.6514069497665814,0.6494092394070363,0.5400116751812772,0.77259202768321,0.5706219234272125,0.7352912307750917
men,10,expectancy,100,1 Functional,s4,0.4778702772970461,0.47624666339193616,0.3821370852454387,0.5828356779160656,0.40847704516531536,0.5511735849271675
men,10,expectancy,102,1 Functional,s4,0.34708708032945057,0.34547292927610185,0.26533923365859985,0.4376910414145466,0.28814243126141054,0.410923849989365
men,10,expectancy,104,1 Functional,s4,0.2517818811310788,0.24984198127752225,0.1829173088065078,0.33007547965825024,0.2016038117595331,0.3069535117784134
men,10,expectancy,106,1 Functional,s4,0.1862557233258144,0.18414265276221056,0.12691728847201986,0.2598318464106807,0.14209480428283727,0.23577245480610973
men,10,expectancy,108,1 Functional,s4,0.15114755600501484,0.14756947280399785,0.09423480499808765,0.2302357481207826,0.1078372795091574,0.20139836770721373
men,10,expectancy,110,1 Functional,s4,0.17847845067714155,0.17309756337507515,0.10375360269947696,0.2875276245305379,0.12120700327371471,0.2460485089483413
men,10,expectancy,50,2 Physical only,s4,3.597915329497,3.5862675127756862,2.9401017383627917,4.313320972709001,3.114107270052377,4.101987092240191
men,10,expectancy,52,2 Physical only,s4,3.895051335666494,3.884841196762055,3.374842065116465,4.474062116243009,3.515240402749815,4.299777563561294
men,10,expectancy,54,2 Physical only,s4,3.699955480159384,3.692893841180914,3.366005121788074,4.063866184798797,3.4568226217374303,3.9567547079520273
men,10,expectancy,56,2 Physical only,s4,3.4197535616858645,3.415808678883106,3.208285306740123,3.6513609291181868,3.261813640872948,3.5851723536406404
men,10,expectancy,58,2 Physical only,s4,3.169850971704665,3.1685482959552296,3.0162013877793017,3.3279534554650647,3.0589862818794344,3.283373743398799
men,10,expectancy,60,2 Physical only,s4,2.9658032920431876,2.9660731475863065,2.8383874052657503,3.093024428697408,2.8725831144442298,3.0584007441255427
men,10,expectancy,62,2 Physical only,s4,2.797787821189105,2.7979557730969136,2.6767014275043617,2.9189475522372508,2.7099656128364016,2.884047544958839
men,10,expectancy,64,2 Physical only,s4,2.653730791497729,2.653376554731639,2.529141175821696,2.7776078264973854,2.5678001481097072,2.7411466367861643
men,10,expectancy,66,2 Physical only,s4,2.524633045207526,2.5238328026022483,2.399419779466113,2.649442042624268,2.436652342936875,2.6147308224398373
men,10,expectancy,68,2 Physical only,s4,2.404704391093378,2.4036603098985,2.2759795045250963,2.5341568934913505,2.3136181851947186,2.4981794133965063
men,10,expectancy,70,2 Physical only,s4,2.290438642600956,2.2892137794931564,2.1582611331861146,2.425080261241092,2.196697924315879,2.3867330173724843
men,10,expectancy,72,2 Physical only,s4,2.1797674713637774,2.178277401032482,2.0437294529180923,2.320067872918434,2.082920279079717,2.279792605425382
men,10,expectancy,74,2 Physical only,s4,2.0714899402974414,2.0699336391372096,1.932482681667079,2.215751284605817,1.9718950285915413,2.1736692515282066
men,10,expectancy,76,2 Physical only,s4,1.9649303213986202,1.9625304227252798,1.8247975403709487,2.1133096604175843,1.8626089542695141,2.0690772402739404
men,10,expectancy,78,2 Physical only,s4,1.8597437413910314,1.857483351042713,1.717045630722822,2.012279368893767,1.7558933376547174,1.9674761496414146
men,10,expectancy,80,2 Physical only,s4,1.7558071108928572,1.7535158707966638,1.6108338384228174,1.9137563760769056,1.6497958991576445,1.8651600187228923
men,10,expectancy,82,2 Physical only,s4,1.6531549205926857,1.6502724840820413,1.5047847112607011,1.8148507974695294,1.5443444434786753,1.766138135076335
men,10,expectancy,84,2 Physical only,s4,1.5519356920152527,1.5490576216051006,1.4024415825690346,1.7177957884942285,1.4419570399637884,1.6677884406463885
men,10,expectancy,86,2 Physical only,s4,1.4523754546996033,1.4498769302351964,1.3001503417725877,1.622034906757081,1.3399746167651778,1.5708796999164638
men,10,expectancy,88,2 Physical only,s4,1.354742052635252,1.3520304208667513,1.1994455533865211,1.5275334110019791,1.2390536642090455,1.4761423300066379
men,10,expectancy,90,2 Physical only,s4,1.2593105059125251,1.2564398942167319,1.101049519697927,1.4352658992249392,1.1421144557287646,1.384873586935764
men,10,expectancy,92,2 Physical only,s4,1.1663359091047736,1.162521106882983,1.0048275487329321,1.3460222347394948,1.0469116958719207,1.2935605349176902
men,10,expectancy,94,2 Physical only,s4,1.0760453132393013,1.070682301379576,0.9118064880577338,1.2621234367800314,0.9542024938633946,1.2063684762128415
men,10,expectancy,96,2 Physical only,s4,0.9886609662324601,0.9843181486165626,0.8210486788691989,1.1802934097260378,0.8638817059734987,1.1222920663572855
men,10,expectancy,98,2 Physical only,s4,0.9044637006810984,0.8992467652125402,0.7333087092177383,1.1033070801796785,0.775960835376177,1.0411149825166368
men,10,expectancy,100,2 Physical only,s4,0.8239115199215256,0.8185196905327612,0.6500530942358074,1.0313383887874632,0.6923330070507627,0.964814366966699
men,10,expectancy,102,2 Physical only,s4,0.7479099318427115,0.7423524396831651,0.5657956996869606,0.9635023725195098,0.6107030368256062,0.8943969277696677
men,10,expectancy,104,2 Physical only,s4,0.6787475989792967,0.6727803201746103,0.48780500384797854,0.9054569287828134,0.5360572632375378,0.83339787526413
men,10,expectancy,106,2 Physical only,s4,0.624199697409776,0.6178356709799844,0.4182924434980143,0.8727399847706682,0.4711203381255441,0.7922677884339616
men,10,expectancy,108,2 Physical only,s4,0.6179040335498844,0.6087924339845894,0.37885996848583287,0.9072249666475087,0.4402762951603408,0.8137188300291865
men,10,expectancy,110,2 Physical only,s4,0.8342366955074644,0.8270695322820713,0.4607156916011243,1.2580359080669965,0.5585353802438858,1.1255996798199819
men,10,expectancy,50,3 Cognitive only,s4,0.7162002672657706,0.6961708760482418,0.4902467152787847,1.0704594030520371,0.5368958456266709,0.9343371469631837
men,10,expectancy,52,3 Cognitive only,s4,0.7228631468392037,0.7080531421681028,0.5419972790589906,1.0039746758203552,0.5774229399149803,0.8974568442266008
men,10,expectancy,54,3 Cognitive only,s4,0.6172241214609883,0.6109093875483923,0.5222908472566105,0.7503958464969703,0.5427298418353418,0.7044376809242756
men,10,expectancy,56,3 Cognitive only,s4,0.562413947186734,0.5601716089320437,0.5028342382768979,0.6342957825696596,0.5176981574775501,0.6120794348741241
men,10,expectancy,58,3 Cognitive only,s4,0.537275013022653,0.5364269136352287,0.4878375803298499,0.5930368416710857,0.5012301322386714,0.5761445311672587
men,10,expectancy,60,3 Cognitive only,s4,0.5245247386214906,0.5235023168333415,0.47649840466977905,0.5776043564223464,0.4899086842972254,0.5613134856276051
men,10,expectancy,62,3 Cognitive only,s4,0.5163347495995328,0.5153087353449028,0.4679929482388133,0.5697413076985387,0.4811652543146892,0.5534357220294654
men,10,expectancy,64,3 Cognitive only,s4,0.5094495542526435,0.5084456529556924,0.4595900649696757,0.5639136696957608,0.4732662936567423,0.5474545644531809
men,10,expectancy,66,3 Cognitive only,s4,0.5025101132046839,0.5012494212090333,0.4512407053947752,0.5587182530544814,0.4653722122848566,0.5417295043051863
men,10,expectancy,68,3 Cognitive only,s4,0.49492328471536806,0.4937725593766211,0.4421752519338361,0.553094964416753,0.4566390508758492,0.535320677073571
men,10,expectancy,70,3 Cognitive only,s4,0.4864083504182213,0.4853373181234758,0.43175488690703356,0.5465712336116485,0.4467772856273814,0.5281192901380679
men,10,expectancy,72,3 Cognitive only,s4,0.4768173372570593,0.47561132964891145,0.4205023929777873,0.5389259421060292,0.435835697931722,0.5198825420375671
men,10,expectancy,74,3 Cognitive only,s4,0.4660653572634477,0.4647422430325562,0.40797804971204155,0.5302099554819852,0.4238010851290542,0.5107762270361114
men,10,expectancy,76,3 Cognitive only,s4,0.4541057217138057,0.45292432239401426,0.3942476585832077,0.5203723543167131,0.41070399040132816,0.5001273067069363
men,10,expectancy,78,3 Cognitive only,s4,0.44092341839546545,0.4393776940590769,0.3794896640165205,0.5096275043016955,0.39587842563137615,0.4885706332728206
men,10,expectancy,80,3 Cognitive only,s4,0.4265358919155717,0.4248680790118733,0.3632745304308881,0.4981630625193311,0.38010397913988375,0.47620203121195137
men,10,expectancy,82,3 Cognitive only,s4,0.4109962860199785,0.4094589567566652,0.3453048298269237,0.4852686965681096,0.36279436327118064,0.4627454336198801
men,10,expectancy,84,3 Cognitive only,s4,0.3943970128404357,0.39266500855553854,0.32593685410676887,0.4718918095510395,0.3444124677090371,0.4483090547819965
men,10,expectancy,86,3 Cognitive only,s4,0.37687298236278427,0.37497605619271385,0.3058973088337065,0.45722296934512824,0.3249549072951427,0.43343491367459464
men,10,expectancy,88,3 Cognitive only,s4,0.3586050214354826,0.35629652135274037,0.2854223622859486,0.4434999291298041,0.30511652612318196,0.4169350341655431
men,10,expectancy,90,3 Cognitive only,s4,0.3398252890144294,0.3371995005652735,0.26428784076179673,0.4291874569401181,0.28383357648441165,0.401074008181529
men,10,expectancy,92,3 Cognitive only,s4,0.3208277566683726,0.31746852324971736,0.24384621416331415,0.41554845029961546,0.26225436293337184,0.38581250060836336
men,10,expectancy,94,3 Cognitive only,s4,0.3019875470499216,0.2980235243903926,0.22206907566094475,0.4039446501444877,0.2405173846792958,0.3712220486073338
men,10,expectancy,96,3 Cognitive only,s4,0.28379247741536007,0.27871091709106965,0.20000959264365642,0.39659869149510946,0.21845875277461496,0.35857830092421555
men,10,expectancy,98,3 Cognitive only,s4,0.26688918205082635,0.2601431543449837,0.1783488372596703,0.39217929544490443,0.1974444255321861,0.3486387807906438
men,10,expectancy,100,3 Cognitive only,s4,0.25215069550427605,0.2430342085485966,0.1572239753099878,0.3951329334999845,0.17719359205502747,0.3439560032570773
men,10,expectancy,102,3 Cognitive only,s4,0.24080719609757784,0.22826824991361314,0.13781896661106746,0.41347652316294825,0.15830157029141206,0.34724963149054955
men,10,expectancy,104,3 Cognitive only,s4,0.23485215773683635,0.21722076559232617,0.12077503494533647,0.4502487766353048,0.1412674258152703,0.3631405623775107
men,10,expectancy,106,3 Cognitive only,s4,0.23876973972941992,0.213003425622368,0.10660350502140724,0.5243128765776631,0.12784041787492043,0.400648249745161
men,10,expectancy,108,3 Cognitive only,s4,0.26807318459136054,0.2289092904236058,0.10063600946500184,0.6742498686265136,0.12487564241136206,0.48881388157791766
men,10,expectancy,110,3 Cognitive only,s4,0.39617506173359573,0.3345959073765397,0.13517596144789176,1.0251081174671794,0.17436800107189143,0.7398307604634797
men,10,expectancy,50,4 Both,s4,2.64589829313353,2.618357217903852,2.195034943157821,3.2503956279713115,2.295707995817417,3.0549215929159312
men,10,expectancy,52,4 Both,s4,1.5067510225910346,1.481960030010989,1.1127584854361097,2.0345522452537703,1.19772908202642,1.8718019147966416
men,10,expectancy,54,4 Both,s4,1.0398938479862456,1.0184824537163473,0.8047740162603082,1.3917933737581916,0.8507079799803741,1.2724417429425192
men,10,expectancy,56,4 Both,s4,0.8323831549346418,0.8191176436696168,0.6941211461551503,1.0468084545917091,0.7209688135336025,0.9690114989706716
men,10,expectancy,58,4 Both,s4,0.7341956411001482,0.7272966256900159,0.6441524377596257,0.8625062313842626,0.664453725201928,0.8146320681348481
men,10,expectancy,60,4 Both,s4,0.6848696424915388,0.6825421308689613,0.6148002185838785,0.7709769495033881,0.632490924588436,0.7411954417615044
men,10,expectancy,62,4 Both,s4,0.6584000556546225,0.6569896723723426,0.596161845321326,0.727167315138225,0.6136152965302936,0.7069378370456337
men,10,expectancy,64,4 Both,s4,0.6429996983939711,0.6417053318778434,0.5817645680468958,0.7086628926436866,0.598397424566348,0.6898547919413346
men,10,expectancy,66,4 Both,s4,0.6330688060098697,0.6320726183006657,0.5701570704965251,0.6998363438364784,0.5878184942043638,0.6801828847442201
men,10,expectancy,68,4 Both,s4,0.6258366871686887,0.6247852172286055,0.5611114792025244,0.6949421003836628,0.5789253407445252,0.673807302285542
men,10,expectancy,70,4 Both,s4,0.6198924772603428,0.6186402845875789,0.5532745730273438,0.6918615206084819,0.571229566842655,0.6698288303486561
men,10,expectancy,72,4 Both,s4,0.6145149873061867,0.6130380843016483,0.5459205253558386,0.6896189683574327,0.5640970761296805,0.6665945075105445
men,10,expectancy,74,4 Both,s4,0.6093554438282737,0.607926087918151,0.5382615706910278,0.6876541727765334,0.5572359221960997,0.6635970197025335
men,10,expectancy,76,4 Both,s4,0.6042825272227756,0.6026701126381818,0.5312126550298779,0.6859214140735846,0.5499284761279856,0.6610255042732135
men,10,expectancy,78,4 Both,s4,0.5993044083899403,0.5974885796506669,0.5228673629485702,0.6838208588507151,0.5428114496988122,0.6588235484505843
men,10,expectancy,80,4 Both,s4,0.5945274264742832,0.5927354372695027,0.5148855647542635,0.6819950125763584,0.5354224422258959,0.6573309173533491
men,10,expectancy,82,4 Both,s4,0.5901309439932249,0.5879886976473284,0.5072617145748675,0.6813489555907793,0.5279448252161965,0.6558318761504457
men,10,expectancy,84,4 Both,s4,0.5863471094064286,0.5837565087438803,0.4996493249513305,0.6825962581173084,0.5215510516362873,0.6554951352557613
men,10,expectancy,86,4 Both,s4,0.5834388692888146,0.5807457272013252,0.4918431187997746,0.6855538648465028,0.5152463445636597,0.6562042076076545
men,10,expectancy,88,4 Both,s4,0.581672471955004,0.578665633373883,0.4852389819311237,0.689813432652196,0.5102983231562045,0.6586822614928612
men,10,expectancy,90,4 Both,s4,0.5812835323688014,0.5782637368186787,0.4795059079668027,0.696435971558844,0.5054099195535126,0.663145256327179
men,10,expectancy,92,4 Both,s4,0.5824396375787212,0.5790643903890209,0.47398129528277116,0.7062549428641313,0.5011599490323382,0.6698414094280473
men,10,expectancy,94,4 Both,s4,0.5852081102735996,0.5815242977714286,0.4701560360892144,0.7185698784676742,0.4984067816455242,0.6798035689815133
men,10,expectancy,96,4 Both,s4,0.5895446802938009,0.5851927426451735,0.4679978390824803,0.7326594129718476,0.496545278783108,0.691713608096339
men,10,expectancy,98,4 Both,s4,0.5953274188138434,0.5909557282759421,0.46516069588151326,0.7495914674552381,0.4953396249895371,0.704013347880817
men,10,expectancy,100,4 Both,s4,0.6024801426138405,0.5972314300775945,0.4625873743214426,0.7686428354065122,0.495195991222923,0.718514379618872
men,10,expectancy,102,4 Both,s4,0.6113236581432498,0.6068134557679725,0.4594490450698208,0.7890899265151063,0.4963823394610007,0.736449712047778
men,10,expectancy,104,4 Both,s4,0.6237721405919469,0.6190215587459156,0.45716067252010134,0.8157288485129757,0.49902440626910805,0.759086828496836
men,10,expectancy,106,4 Both,s4,0.648423559715006,0.6441323864154724,0.46545826271358337,0.8587404724808836,0.5103996101168039,0.7961528989906554
men,10,expectancy,108,4 Both,s4,0.7258630853520299,0.7222962934734198,0.5096113540791609,0.9740385635231201,0.5604226625882985,0.8988477071183446
men,10,expectancy,110,4 Both,s4,1.071894257680259,1.069729630133477,0.7218119773122649,1.4349228210026577,0.8189234517937802,1.3297689642386943
men,10,total_expectancy,50,Total,population,27.798168858581878,27.797370770780745,27.446921175863,28.143561115540095,27.549536860921286,28.0470053411223
men,10,total_expectancy,52,Total,population,26.297536143904416,26.296825655072077,25.986137142171888,26.61373174807048,26.07495170964126,26.519220364383
men,10,total_expectancy,54,Total,population,24.815425013843605,24.814697396287215,24.52726426495737,25.112103702905273,24.606797909929266,25.022376991882997
men,10,total_expectancy,56,Total,population,23.345558480346618,23.345171298285504,23.064710015630055,23.63074674078214,23.145526962941293,23.548356205000342
men,10,total_expectancy,58,Total,population,21.887509850461264,21.88625036041273,21.610966790542367,22.16915273507146,21.6871572522218,22.089517415810562
men,10,total_expectancy,60,Total,population,20.443793598607172,20.443398382237504,20.166269538220806,20.727884946664318,20.238661636533024,20.64995137927415
men,10,total_expectancy,62,Total,population,19.018473121385515,19.01916230240697,18.732979520081578,19.309942318177953,18.809356569455446,19.22895320106561
men,10,total_expectancy,64,Total,population,17.616472060689958,17.616205293994284,17.326320800240328,17.912311591351656,17.401472700334697,17.830109846642898
men,10,total_expectancy,66,Total,population,16.243236317023232,16.242839251611137,15.945614451033311,16.54530194415173,16.026256092892723,16.461164010856162
men,10,total_expectancy,68,Total,population,14.90456254961843,14.903646007110808,14.605326672990532,15.213152523099467,14.681331658611654,15.12818409901996
men,10,total_expectancy,70,Total,population,13.60649354872403,13.605819896112571,13.30476779307677,13.922130364995251,13.381151229049625,13.833482807316843
men,10,total_expectancy,72,Total,population,12.355226021454035,12.352821724655978,12.052341136045339,12.674962807524663,12.130797076638773,12.583334718430953
men,10,total_expectancy,74,Total,population,11.157001035182041,11.153761062540298,10.855094323890695,11.475003000012121,10.932686730179402,11.385142945223
men,10,total_expectancy,76,Total,population,10.017961622795644,10.014490506641238,9.713739737134283,10.334115634833191,9.79536175718684,10.244054882888337
men,10,total_expectancy,78,Total,population,8.943971366185284,8.940359450636844,8.642267759229371,9.255046262064507,8.724259388251593,9.167662609749334
men,10,total_expectancy,80,Total,population,7.940395140009771,7.936312616472986,7.645319407865679,8.24838627618235,7.7248651274313644,8.160435914375062
men,10,total_expectancy,82,Total,population,7.011850212495752,7.00795322718,6.720448631934492,7.311430181831991,6.800294439815853,7.226002238311924
men,10,total_expectancy,84,Total,population,6.161943289653665,6.15755242706445,5.880249539579527,6.452835416190488,5.957880949583907,6.369389484877341
men,10,total_expectancy,86,Total,population,5.393016861680562,5.390076104936487,5.122558306045903,5.671662152349554,5.1958112561459835,5.593351994766067
men,10,total_expectancy,88,Total,population,4.705935566904513,4.703543036495976,4.445890707209459,4.9748487515113675,4.5184241116286605,4.896709378477691
men,10,total_expectancy,90,Total,population,4.099948513000693,4.0986866072524535,3.852801632417576,4.358832385316613,3.9226945710524252,4.281467445756805
men,10,total_expectancy,92,Total,population,3.5726641085332864,3.5711391224297575,3.3403157791060107,3.8199679262909503,3.405560990307492,3.7463780490848344
men,10,total_expectancy,94,Total,population,3.120167521444758,3.118247797077456,2.9050279757570596,3.355238888246781,2.9632749944899164,3.2858604067170525
men,10,total_expectancy,96,Total,population,2.7372973768385434,2.7343234851238805,2.53656580150839,2.963269816363827,2.587617649243375,2.8941083459701975
men,10,total_expectancy,98,Total,population,2.4180873417149247,2.415433495631269,2.2318591950911872,2.638699341328372,2.2765593795385475,2.5676984050376257
men,10,total_expectancy,100,Total,population,2.1564126681752387,2.15240235506338,1.9799594353775078,2.3701048938136573,2.0213884638127952,2.301115927576641
men,10,total_expectancy,102,Total,population,1.9471278789630129,1.940387978675529,1.7771513923702702,2.1650619949113414,1.8166422023345279,2.090251779595351
men,10,total_expectancy,104,Total,population,1.789153784070323,1.7782472947609982,1.6200739308774428,2.025041161125667,1.65690379838016,1.9401041210678796
men,10,total_expectancy,106,Total,population,1.6976487235221331,1.680473897745356,1.5152625582955535,1.9839368279243774,1.5529458352331962,1.8691304677175387
men,10,total_expectancy,108,Total,population,1.7629878620481896,1.737079154378442,1.5480761235642695,2.140259634958915,1.5905723002869026,1.9777721715560816
men,10,total_expectancy,110,Total,population,2.4807844669436268,2.451210423651647,2.3074559889556543,2.842932354913206,2.3390916745253136,2.6726349067127213
men,10,total_expectancy,50,Total,s1,28.07941608613617,28.07785990750463,27.73980685883549,28.412607006377147,27.83706718787266,28.319169903361196
men,10,total_expectancy,52,Total,s1,26.446912286504595,26.44545871570479,26.141811963201622,26.760260826276365,26.226896351171824,26.663834520369175
men,10,total_expectancy,54,Total,s1,24.89500882281039,24.89350930840213,24.606809180164024,25.190364230154056,24.688478635563936,25.0990038999594
men,10,total_expectancy,56,Total,s1,23.38818174707369,23.388125972409746,23.1079359968704,23.672372651511353,23.18895769493114,23.589781487308638
men,10,total_expectancy,58,Total,s1,21.910444696249183,21.909102611754413,21.634301883341053,22.191721507443276,21.709747316102344,22.11235470697326
men,10,total_expectancy,60,Total,s1,20.456174134347314,20.45567170081216,20.17875722949287,20.740644106482478,20.251260387995636,20.661786674358474
men,10,total_expectancy,62,Total,s1,19.0251632653281,19.025641920284762,18.739332562023492,19.316035777069853,18.816066888814944,19.235373009901743
men,10,total_expectancy,64,Total,s1,17.620080838633164,17.619557496399185,17.32962770927202,17.91611431747797,17.405543916401122,17.833708827856917
men,10,total_expectancy,66,Total,s1,16.245173041691075,16.244665560346846,15.947422418347998,16.547198661440795,16.028197813957814,16.462997304416707
men,10,total_expectancy,68,Total,s1,14.905592873502318,14.90468588732926,14.606633525835868,15.214047637857945,14.68220513192565,15.129243314924766
men,10,total_expectancy,70,Total,s1,13.607034853481677,13.606314653855089,13.305412232939513,13.922626239252232,13.381511289275812,13.834231320271016
men,10,total_expectancy,72,Total,s1,12.355505833705271,12.353122513724358,12.052628315264148,12.675262371197299,12.131079632609792,12.583599270458846
men,10,total_expectancy,74,Total,s1,11.1571428572896,11.153905090344088,10.855249864215779,11.475133635979892,10.932885304261802,11.38525575386105
men,10,total_expectancy,76,Total,s1,10.018031886071435,10.014559566073693,9.71382405961106,10.334204153246526,9.795425338683025,10.244140929980203
men,10,total_expectancy,78,Total,s1,8.944005303820358,8.940397922544076,8.642301402571402,9.255076632251793,8.72429438652243,9.167690783852331
men,10,total_expectancy,80,Total,s1,7.940411088015464,7.936330286566234,7.645336586231128,8.248398939813354,7.7248745350860615,8.160453164287544
men,10,total_expectancy,82,Total,s1,7.011857493079339,7.007958519337558,6.720454299427067,7.311438446168185,6.800300147154096,7.226009638362345
men,10,total_expectancy,84,Total,s1,6.161946515788133,6.15755537879941,5.8802529886593105,6.452839847674209,5.9578851241265784,6.369391997189196
men,10,total_expectancy,86,Total,s1,5.393018248773088,5.390077605701755,5.122559463039669,5.671663644816633,5.195812351636012,5.593353202637952
men,10,total_expectancy,88,Total,s1,4.705936145608785,4.703543563446834,4.445891311731822,4.9748492614521265,4.51842484590429,4.896709707461098
men,10,total_expectancy,90,Total,s1,4.099948747344388,4.098686847407286,3.852801890224446,4.358832688531241,3.9226948122365304,4.281467630965209
men,10,total_expectancy,92,Total,s1,3.5726642006728624,3.5711392729692357,3.3403158644203543,3.819968062331684,3.4055610385581754,3.7463781564379994
men,10,total_expectancy,94,Total,s1,3.1201675566382883,3.1182478307008514,2.9050279984252314,3.3552389292918896,2.9632750324332195,3.285860428346847
men,10,total_expectancy,96,Total,s1,2.7372973899181092,2.734323494689341,2.536565817353278,2.963269846061162,2.5876176653132825,2.894108358246035
men,10,total_expectancy,98,Total,s1,2.418087346472335,2.4154335005923464,2.2318591984111085,2.638699348364308,2.2765593837844262,2.5676984108466057
men,10,total_expectancy,100,Total,s1,2.1564126699016555,2.152402357200739,1.9799594361812693,2.3701048978760224,2.021388464497251,2.3011159305327684
men,10,total_expectancy,102,Total,s1,1.9471278796224472,1.9403879791741843,1.7771513923652922,2.1650619961567834,1.8166422027415816,2.0902517806167586
men,10,total_expectancy,104,Total,s1,1.789153784366444,1.778247294963542,1.6200739311267938,2.025041162483867,1.6569037984335178,1.940104121936848
men,10,total_expectancy,106,Total,s1,1.6976487236982314,1.680473897751154,1.5152625583247246,1.9839368279748117,1.5529458356454553,1.8691304681879184
men,10,total_expectancy,108,Total,s1,1.7629878621827284,1.7370791544196602,1.548076123612281,2.1402596355309527,1.5905723003137835,1.9777721717036476
men,10,total_expectancy,110,Total,s1,2.4807844670146064,2.451210423666076,2.3074559889522734,2.842932355421463,2.339091674543806,2.6726349067548956
men,10,total_expectancy,50,Total,s2,25.397158859610986,25.40721007778135,24.530021934192387,26.1832397099061,24.793587542037855,25.975555022505183
men,10,total_expectancy,52,Total,s2,24.953046555841055,24.953739768870143,24.40932879103518,25.45001150428277,24.58071702588951,25.32366263917715
men,10,total_expectancy,54,Total,s2,24.0743536143217,24.07595934555042,23.68554743226781,24.441371590295635,23.805247646240996,24.347991145446287
men,10,total_expectancy,56,Total,s2,22.94037267581876,22.94139110251157,22.62127666619867,23.248925948362015,22.71343063278308,23.16754267337361
men,10,total_expectancy,58,Total,s2,21.66672033896352,21.66723180026913,21.379666285252938,21.957305329655153,21.45663645592984,21.876773283941645
men,10,total_expectancy,60,Total,s2,20.32365985168271,20.32367098154298,20.04613975544847,20.610801527262417,20.115438922180132,20.531840231342493
men,10,total_expectancy,62,Total,s2,18.953215030625856,18.95349924237994,18.671423113548858,19.245453363894136,18.74303796637662,19.16546169369535
men,10,total_expectancy,64,Total,s2,17.58114112393088,17.58128420029394,17.292242551567213,17.87666425041205,17.366233941900557,17.796508394176385
men,10,total_expectancy,66,Total,s2,16.22422296168775,16.22364110972886,15.925687321464455,16.526471278128795,16.007187808579257,16.443010741874925
men,10,total_expectancy,68,Total,s2,14.894425415039612,14.893558488989685,14.59492547133285,15.203280263291848,14.671758818652469,15.11795535900199
men,10,total_expectancy,70,Total,s2,13.601158047590461,13.600454614522057,13.299691061248534,13.91612384911344,13.376053509330887,13.827941365968211
men,10,total_expectancy,72,Total,s2,12.352463649042253,12.3502396898779,12.049643451393209,12.672092084515478,12.12815121159913,12.580162389693577
men,10,total_expectancy,74,Total,s2,11.155598998268482,11.152525462259126,10.853657321598892,11.473769563114905,10.93119451904864,11.383714636473913
men,10,total_expectancy,76,Total,s2,10.017266154433225,10.013851105007074,9.712942211711058,10.333236211827382,9.7947193325065,10.243292974395802
men,10,total_expectancy,78,Total,s2,8.943635082367651,8.940001278625445,8.641939878437453,9.254706174927245,8.723969540563427,9.167322367604571
men,10,total_expectancy,80,Total,s2,7.940236959697066,7.9361339741934245,7.645148114926475,8.248254418535563,7.72476252477516,8.16026312782644
men,10,total_expectancy,82,Total,s2,7.011777938472314,7.0078930000822375,6.720390465868246,7.3113517825263745,6.800236035505398,7.225921524661306
men,10,total_expectancy,84,Total,s2,6.161911240379948,6.15751960002785,5.880209947624588,6.452790311807068,5.957836409316836,6.369361873292994
men,10,total_expectancy,86,Total,s2,5.393003073329195,5.390060047767898,5.122545964242459,5.671647702136707,5.195800835253971,5.593339289734016
men,10,total_expectancy,88,Total,s2,4.705929811320517,4.7035373167196965,4.445884943609684,4.974843474531926,4.518417148164491,4.89670619563439
men,10,total_expectancy,90,Total,s2,4.099946181307664,4.098684275169507,3.8527989975035264,4.35882955855453,3.922692116162638,4.281465347526779
men,10,total_expectancy,92,Total,s2,3.572663191433691,3.5711374939023415,3.340314926999085,3.8199666155463823,3.405560454867289,3.746376957334213
men,10,total_expectancy,94,Total,s2,3.1201671710462877,3.1182474585056354,2.9050277296153197,3.355238493089144,2.963274651136605,3.28586019228477
men,10,total_expectancy,96,Total,s2,2.7372972465777816,2.734323384871145,2.536565632299622,2.9632695137022136,2.5876174928910856,2.894108229614971
men,10,total_expectancy,98,Total,s2,2.4180872943204177,2.4154334458494082,2.231859165253844,2.6386992668083247,2.276559339551408,2.567698341056696
men,10,total_expectancy,100,Total,s2,2.156412650968601,2.152402335624673,1.9799594288191442,2.370104858337992,2.0213884563188143,2.3011158989614664
men,10,total_expectancy,102,Total,s2,1.947127872386206,1.9403879735830523,1.7771513924206634,2.1650619827898576,1.8166421982271526,2.09025177050298
men,10,total_expectancy,104,Total,s2,1.7891537811145612,1.778247292804987,1.6200739283620145,2.0250411470380048,1.656903797859803,1.940104111138223
men,10,total_expectancy,106,Total,s2,1.6976487217635223,1.6804738976961962,1.5152625580013508,1.9839368274436495,1.552945830849084,1.869130463238134
men,10,total_expectancy,108,Total,s2,1.762987860704835,1.7370791539501345,1.548076123133664,2.1402596293659255,1.590572300013355,1.977772170030416
men,10,total_expectancy,110,Total,s2,2.4807844662355643,2.4512104235083165,2.3074559889887447,2.842932349680002,2.3390916743392256,2.6726349063363415
men,10,total_expectancy,50,Total,s3,26.657013673271535,26.691608999909143,25.578311622702078,27.501294557061957,25.921394945816196,27.28547944004205
men,10,total_expectancy,52,Total,s3,25.463984284198823,25.484674711079023,24.757669289302285,26.04720682684543,24.983281043358826,25.89387802959828
men,10,total_expectancy,54,Total,s3,24.353506201245036,24.363763349966554,23.881430635533256,24.764346524396245,24.03355698131417,24.656315341318237
men,10,total_expectancy,56,Total,s3,23.09938278487786,23.10381818965601,22.742666081741106,23.42916260522975,22.8549386647888,23.335515137296802
men,10,total_expectancy,58,Total,s3,21.7568729187458,21.758407728218653,21.453390160851615,22.053622584916926,21.539816822910645,21.970167530014763
men,10,total_expectancy,60,Total,s3,20.374342334790956,20.374958640935418,20.081339564902397,20.66335486164425,20.163453428630728,20.585641283839745
men,10,total_expectancy,62,Total,s3,18.981501948243952,18.98117237278038,18.69474810391892,19.272712656925776,18.772572801195096,19.194149371140785
men,10,total_expectancy,64,Total,s3,17.596814316506855,17.597308350506225,17.306564101975994,17.893486016053906,17.38441595701971,17.81182803546607
men,10,total_expectancy,66,Total,s3,16.23283037783363,16.232727068817585,15.935114558335354,16.534522396526114,16.01539950948398,16.451476370775104
men,10,total_expectancy,68,Total,s3,14.899098057857788,14.898580920681422,14.59920354368686,15.207946216404054,14.676578227461148,15.122427939514967
men,10,total_expectancy,70,Total,s3,13.603657357834525,13.602898484810598,13.301473213529096,13.919304658299044,13.378506771596163,13.830438973160138
men,10,total_expectancy,72,Total,s3,12.353776370438892,12.35134261940497,12.0508683715425,12.673383535884355,12.12929807124742,12.581456081748943
men,10,total_expectancy,74,Total,s3,11.156273834138606,11.153105607249742,10.854452152825518,11.474061676338957,10.931950889049368,11.384458746570893
men,10,total_expectancy,76,Total,s3,10.017604692497672,10.014233542447013,9.713209225265075,10.33359001017184,9.79501519920484,10.243670443182683
men,10,total_expectancy,78,Total,s3,8.943800392869207,8.940180778831394,8.642084886253636,9.254833786472311,8.724132888583556,9.167481431228978
men,10,total_expectancy,80,Total,s3,7.940315375982406,7.936242749749228,7.645234489657657,8.248329827144701,7.724820352446203,8.160315008419705
men,10,total_expectancy,82,Total,s3,7.011814021864936,7.007914885913513,6.720425840174412,7.311384310563671,6.800256227010907,7.22594883375611
men,10,total_expectancy,84,Total,s3,6.16192733357296,6.157523549014588,5.880233361381728,6.452801712923815,5.957862511751321,6.369380028301281
men,10,total_expectancy,86,Total,s3,5.393010028091601,5.390067489920959,5.122555018101809,5.67165502284401,5.195803561278554,5.593343420742868
men,10,total_expectancy,88,Total,s3,4.705932723919607,4.70354186960731,4.445887382310489,4.9748447093513235,4.518421372711401,4.8967063097486765
men,10,total_expectancy,90,Total,s3,4.099947363807542,4.098685413504263,3.8528006951320064,4.358830593292905,3.9226937137678877,4.281466958717193
men,10,total_expectancy,92,Total,s3,3.5726636570837242,3.5711387718315954,3.3403154456336326,3.8199671148330037,3.4055607633397096,3.7463774524421085
men,10,total_expectancy,94,Total,s3,3.1201673490266204,3.118247620203028,2.905027842130927,3.355238720632253,2.96327475835824,3.285860325467837
men,10,total_expectancy,96,Total,s3,2.7372973127315148,2.7343234257834625,2.536565650085733,2.9632695920859122,2.5876175059169544,2.894108300775082
men,10,total_expectancy,98,Total,s3,2.418087318383165,2.4154334631795082,2.2318591876754494,2.638699294195175,2.2765593569690488,2.5676983642027364
men,10,total_expectancy,100,Total,s3,2.1564126597078728,2.152402341430125,1.9799594287773603,2.370104868247508,2.0213884601025,2.301115909335653
men,10,total_expectancy,102,Total,s3,1.947127875734566,1.9403879764013716,1.7771513923489124,2.165061991518659,1.8166422006429381,2.090251775043808
men,10,total_expectancy,104,Total,s3,1.7891537826275934,1.7782472934242757,1.6200739289897281,2.0250411549225475,1.6569037981439303,1.9401041159647683
men,10,total_expectancy,106,Total,s3,1.6976487226694208,1.6804738976229268,1.5152625581840597,1.9839368276544151,1.5529458337278848,1.8691304651566987
men,10,total_expectancy,108,Total,s3,1.7629878613990961,1.7370791542766222,1.5480761231807267,2.1402596316007934,1.590572300041045,1.9777721711984262
men,10,total_expectancy,110,Total,s3,2.480784466601474,2.4512104235697922,2.3074559889831656,2.84293235259689,2.3390916743890964,2.672634906524083
men,10,total_expectancy,50,Total,s4,21.934360612886223,22.000912680946975,19.143291567783525,24.330309977557487,19.94820157178386,23.733601824254297
men,10,total_expectancy,52,Total,s4,23.14082792853231,23.20450029434186,21.383380058337227,24.570265993324288,21.95012799902067,24.215763811863138
men,10,total_expectancy,54,Total,s4,23.111110374799654,23.153529417159334,21.971780119134337,23.99970097773808,22.36839386341768,23.784182824239046
men,10,total_expectancy,56,Total,s4,22.427882771974893,22.453133632543402,21.71231600758554,22.99862592630728,21.934872998577433,22.85684867313676
men,10,total_expectancy,58,Total,s4,21.394249507043,21.409201739539068,20.92387004665977,21.800385981830463,21.060466163403802,21.692718433740318
men,10,total_expectancy,60,Total,s4,20.178956404774265,20.182886482496432,19.828803088246225,20.509342467349132,19.92790330875339,20.42326595437141
men,10,total_expectancy,62,Total,s4,18.876527617754714,18.876418511819224,18.570336264763213,19.1846753392935,18.652641563560667,19.100878513725068
men,10,total_expectancy,64,Total,s4,17.54065832824515,17.53950004427268,17.244994823584637,17.84262473426853,17.32479510637876,17.76102078528603
men,10,total_expectancy,66,Total,s4,16.202987876419343,16.20236005399958,15.902810082294396,16.509061991390038,15.984797476868506,16.42300146863685
men,10,total_expectancy,68,Total,s4,14.883389214423625,14.883238333463638,14.581586740969954,15.194373759099879,14.66194917768656,15.106211640376792
men,10,total_expectancy,70,Total,s4,13.595492929992695,13.594604549993585,13.292634970590578,13.911664489859852,13.370087230725899,13.82213254462721
men,10,total_expectancy,72,Total,s4,12.349600498642703,12.347479274206448,12.046160173287765,12.668323418569004,12.125569102918515,12.577209311363742
men,10,total_expectancy,74,Total,s4,11.1541786158378,11.150866042044818,10.85239377353274,11.472138355760219,10.930028758718876,11.382232629077407
men,10,total_expectancy,76,Total,s4,10.016576393050746,10.01325784453037,9.712140707001307,10.33256161433198,9.793915636110736,10.242740359569192
men,10,total_expectancy,78,Total,s4,8.943307956634005,8.939564954917444,8.641638397359232,9.254331692296573,8.723575374809824,9.167072163331472
men,10,total_expectancy,80,Total,s4,7.940085719820089,7.936000553752574,7.644957342187006,8.248186776261607,7.724720721526496,8.160058283735712
men,10,total_expectancy,82,Total,s4,7.011709859998824,7.00780070802482,6.720329648215066,7.311256662954492,6.8001378660176,7.225769648185437
men,10,total_expectancy,84,Total,s4,6.161881425336214,6.157454732755232,5.880171193654281,6.452741697608049,5.95779769427031,6.369326432447094
men,10,total_expectancy,86,Total,s4,5.392990372606984,5.390051596621138,5.122539745774638,5.671634059709156,5.195783271893537,5.593333566088816
men,10,total_expectancy,88,Total,s4,4.705924548706876,4.703537281244414,4.445878893699965,4.974839327221614,4.518410243155405,4.896704279232696
men,10,total_expectancy,90,Total,s4,4.099944059949964,4.098682750861783,3.852796958599455,4.358828737900846,3.92269084775813,4.281464156351304
men,10,total_expectancy,92,Total,s4,3.572662359454046,3.5711366188915443,3.3403148064950483,3.8199656125866173,3.4055601072504946,3.7463760989900328
men,10,total_expectancy,94,Total,s4,3.120166853516123,3.118247163499958,2.9050275022218566,3.3552378047438327,2.963274502465348,3.2858599698493114
men,10,total_expectancy,96,Total,s4,2.73729712850381,2.7343232390810415,2.5365654342593515,2.9632691934111217,2.587617275999428,2.894108132377093
men,10,total_expectancy,98,Total,s4,2.41808725131235,2.4154334124860863,2.231859150429445,2.6386992393010877,2.27655928308809,2.567698334312726
men,10,total_expectancy,100,Total,s4,2.156412635336688,2.152402296520842,1.9799594168462653,2.3701047998819473,2.0213884500861674,2.301115892653324
men,10,total_expectancy,102,Total,s4,1.9471278664129898,1.9403879722380575,1.7771513924606153,2.165061970626576,1.8166421968856679,2.0902517547961112
men,10,total_expectancy,104,Total,s4,1.7891537784391587,1.7782472908401767,1.6200739229230365,2.0250411441717766,1.6569037968601628,1.94010410859585
men,10,total_expectancy,106,Total,s4,1.6976487201800163,1.6804738972792506,1.5152625578690657,1.983936826997211,1.5529458281907436,1.869130458112188
men,10,total_expectancy,108,Total,s4,1.7629878594982897,1.7370791536845651,1.5480761224408581,2.140259624349583,1.59057229972549,1.9777721684371534
men,10,total_expectancy,110,Total,s4,2.4807844655984606,2.451210423406124,2.3074559890337336,2.8429323469629577,2.339091674082676,2.672634906049855
men,10,pct_remaining,50,1 Functional,population,83.03163518832055,83.03124975552171,82.54827418498016,83.51025225431303,82.68484899189434,83.38279042432916
men,10,pct_remaining,52,1 Functional,population,82.55418426423294,82.55407886335601,82.05152625046155,83.04733801429352,82.19528555350011,82.91773626284156
men,10,pct_remaining,54,1 Functional,population,82.07778489509654,82.07424272200076,81.56881348717155,82.58898406296974,81.7170854149146,82.43867330086789
men,10,pct_remaining,56,1 Functional,population,81.55921222743423,81.55626024221722,81.0436288957869,82.07879219635801,81.18888187008768,81.92333671022864
men,10,pct_remaining,58,1 Functional,population,80.97104080710947,80.96989794473907,80.43286865012931,81.50950143801366,80.58770134506847,81.35172284442417
men,10,pct_remaining,60,1 Functional,population,80.29447600688626,80.29297153204467,79.71946904681982,80.85066548827099,79.88616217695483,80.69965040072094
men,10,pct_remaining,62,1 Functional,population,79.51467463434147,79.51240423889408,78.87814961982635,80.12730229002165,79.06709006295887,79.95244525930667
men,10,pct_remaining,64,1 Functional,population,78.61790879844085,78.61902423363705,77.91676228067661,79.29847599817951,78.1217200023434,79.09652692720579
men,10,pct_remaining,66,1 Functional,population,77.58984826472492,77.59395431245261,76.8072262385808,78.35490067004264,77.03849704576086,78.12295083402292
men,10,pct_remaining,68,1 Functional,population,76.41448862847939,76.41771655109048,75.52924509136173,77.27566835625763,75.8024502504125,77.00822297696915
men,10,pct_remaining,70,1 Functional,population,75.07344994719305,75.0756549506367,74.07327148431052,76.0432575298228,74.37984990139552,75.74443588597188
men,10,pct_remaining,72,1 Functional,population,73.5455062547113,73.54791484586765,72.41758831278118,74.63455224238336,72.76859741667955,74.30128790042585
men,10,pct_remaining,74,1 Functional,population,71.80630406139885,71.8162560388883,70.52674531043698,73.02319260425433,70.93016989132676,72.6553618568357
men,10,pct_remaining,76,1 Functional,population,69.82830862648534,69.84552171273627,68.38360895507552,71.20365817935821,68.8381708689087,70.787532174299
men,10,pct_remaining,78,1 Functional,population,67.58109667574763,67.59408174790448,65.94281849170383,69.14001177773264,66.4510506180131,68.68460280407321
men,10,pct_remaining,80,1 Functional,population,65.0322040346602,65.04593588156229,63.17628592684418,66.79267573321287,63.732258539661615,66.28968999005782
men,10,pct_remaining,82,1 Functional,population,62.148838434254216,62.161741631015886,60.05477322181745,64.16504637176806,60.66146076448797,63.585923680628916
men,10,pct_remaining,84,1 Functional,population,58.900866858312526,58.90359388845283,56.53783996516702,61.21545408099112,57.21159119331056,60.53493071988733
men,10,pct_remaining,86,1 Functional,population,55.26553681943284,55.259589623230774,52.58109505612801,57.89379015938721,53.34073979776037,57.130091613370546
men,10,pct_remaining,88,1 Functional,population,51.23429401317009,51.224861212746966,48.166333288698475,54.19807994660639,49.03660541278154,53.35469706128033
men,10,pct_remaining,90,1 Functional,population,46.82165635082356,46.818551601456996,43.37231728864708,50.20090454686653,44.34526665860483,49.189925937403444
men,10,pct_remaining,92,1 Functional,population,42.07521835623759,42.049957377698846,38.25804198003473,45.8281065949328,39.336651936090455,44.74651793093744
men,10,pct_remaining,94,1 Functional,population,37.08444457244118,37.05854752350724,32.95428033085318,41.160522860336926,34.15034817044836,40.01318327300121
men,10,pct_remaining,96,1 Functional,population,31.984329625800832,31.96972707983304,27.629793346312535,36.34988247667698,28.878027948016726,35.10741784557221
men,10,pct_remaining,98,1 Functional,population,26.94925467778465,26.906312436466216,22.481749387039933,31.49956074600511,23.756539554368693,30.160940227035816
men,10,pct_remaining,100,1 Functional,population,22.173825964818242,22.11009732659034,17.75488621137507,26.826065842999032,18.993409569561358,25.40188882357623
men,10,pct_remaining,102,1 Functional,population,17.841824840227577,17.785195943761366,13.642868539130815,22.364723449942392,14.796288607012729,20.989771131696497
men,10,pct_remaining,104,1 Functional,population,14.0906736150027,14.024518004761898,10.232435549869312,18.35608194014011,11.258561837302603,17.091380445587166
men,10,pct_remaining,106,1 Functional,population,10.988165631109633,10.906668137389051,7.477515555804517,15.039539698825767,8.358862407618412,13.78489463746265
men,10,pct_remaining,108,1 Functional,population,8.580650197609925,8.466387204912337,5.377205834278397,12.562729225556318,6.186051866533609,11.24549202073666
men,10,pct_remaining,110,1 Functional,population,7.191103346086191,7.024790979631192,4.176916747617774,11.246494208226014,4.8932734907226,9.811311000670045
men,10,pct_remaining,50,2 Physical only,population,12.722648445867943,12.722286703422139,12.307474342588382,13.131254207364204,12.42489000532817,13.022331032308262
men,10,pct_remaining,52,2 Physical only,population,12.967867082904256,12.96694978686645,12.54569225207087,13.386982962282264,12.660413676458276,13.275410610204206
men,10,pct_remaining,54,2 Physical only,population,13.192112399355343,13.192101323777084,12.768988135902067,13.607957366173586,12.88190606867233,13.49716876973902
men,10,pct_remaining,56,2 Physical only,population,13.434199828616503,13.435383550038242,13.012030510970977,13.861276590448304,13.122535684240182,13.738292556923117
men,10,pct_remaining,58,2 Physical only,population,13.716339436531465,13.718575692209608,13.269689110051273,14.164172358630331,13.394889389429732,14.031399445474369
men,10,pct_remaining,60,2 Physical only,population,14.051926542834739,14.054421038867805,13.573184827575924,14.532303621391861,13.709282231545144,14.390785849472696
men,10,pct_remaining,62,2 Physical only,population,14.449980631174434,14.450388637097696,13.919767163952297,14.978718156604918,14.075026533665053,14.82523775688144
men,10,pct_remaining,64,2 Physical only,population,14.917688521554286,14.91323711559141,14.32630254284991,15.506573086276546,14.497420494004087,15.341566917715774
men,10,pct_remaining,66,2 Physical only,population,15.4618394144852,15.456755623608471,14.80809645470322,16.11994023469288,14.99265378584849,15.940057835414608
men,10,pct_remaining,68,2 Physical only,population,16.089610543245627,16.08896480152152,15.352532593425899,16.8347858500691,15.558578090046266,16.62130550969415
men,10,pct_remaining,70,2 Physical only,population,16.808961464239573,16.80679063520713,15.974136177318474,17.65797643493537,16.204678816157553,17.417983383774036
men,10,pct_remaining,72,2 Physical only,population,17.62876565584278,17.627304279999013,16.68599706588943,18.594047259361115,16.947013226386396,18.316774723899016
men,10,pct_remaining,74,2 Physical only,population,18.55872019103767,18.55712801547193,17.50104772542929,19.652438092752885,17.788951624321058,19.335110908867744
men,10,pct_remaining,76,2 Physical only,population,19.609008506422338,19.606743370189598,18.41024255838791,20.854618848435276,18.742072671569137,20.500505755313668
men,10,pct_remaining,78,2 Physical only,population,20.789635355929516,20.788128517477702,19.42879409081888,22.206109412611532,19.794784774412882,21.812493426718405
men,10,pct_remaining,80,2 Physical only,population,22.10930100888461,22.107314029070928,20.55391093045238,23.73273867017247,20.963924973180784,23.28647483591189
men,10,pct_remaining,82,2 Physical only,population,23.573636070564216,23.565887720198088,21.797452707392186,25.472998923479977,22.253218348161642,24.930294963612653
men,10,pct_remaining,84,2 Physical only,population,25.182594585921827,25.16604465324164,23.112378119334732,27.39661502756647,23.65124989424746,26.75948632237741
men,10,pct_remaining,86,2 Physical only,population,26.926837838057136,26.903924096984912,24.53251389346593,29.505922619763954,25.15444784452395,28.751010921745422
men,10,pct_remaining,88,2 Physical only,population,28.783098856952936,28.76906638075169,25.976100502011185,31.80562080252575,26.71470526234298,30.921264477998033
men,10,pct_remaining,90,2 Physical only,population,30.70888425176717,30.68760475983005,27.42199710893703,34.254850863123124,28.275986550775144,33.21102255118729
men,10,pct_remaining,92,2 Physical only,population,32.63750875937352,32.609071391418546,28.752601926150753,36.81004298933801,29.753107082458964,35.56943849896622
men,10,pct_remaining,94,2 Physical only,population,34.47529853926877,34.45845043160125,29.923729326855238,39.371490942484385,31.11253450035629,37.94273942465911
men,10,pct_remaining,96,2 Physical only,population,36.103483769983626,36.077186273365186,30.69889448515343,41.74785630135652,32.13171283316491,40.15541999613352
men,10,pct_remaining,98,2 Physical only,population,37.38713996677693,37.31785199674659,30.98153342862946,44.11416675055919,32.685537885181994,42.1086427694754
men,10,pct_remaining,100,2 Physical only,population,38.19184377092061,38.113210216020214,30.595365992431606,46.14037883831524,32.625031876103655,43.74553181815799
men,10,pct_remaining,102,2 Physical only,population,38.40559302067865,38.33818757173546,29.25612636585,47.80972319826915,31.836471385416623,45.1322847443989
men,10,pct_remaining,104,2 Physical only,population,37.96085860404403,37.90272254610396,26.99371463867876,49.0620668564483,30.12086760916976,45.91884103560584
men,10,pct_remaining,106,2 Physical only,population,36.85641559720988,36.80487862494496,23.798502500058582,49.98476151770096,27.598585998584127,46.15756443056825
men,10,pct_remaining,108,2 Physical only,population,35.23514329258733,35.243790404456774,20.220235237648115,50.608704818824314,24.545139670547186,46.080204051156336
men,10,pct_remaining,110,2 Physical only,population,33.79964725992353,33.74488149874079,17.40314998590672,50.82763381696088,22.01168330873593,45.84825262194836
men,10,pct_remaining,50,3 Cognitive only,population,1.9404654530831356,1.9371281992082414,1.7880996243440859,2.1037496939720968,1.830787580220879,2.0574983216044846
men,10,pct_remaining,52,3 Cognitive only,population,2.039295316470802,2.035791351794302,1.8756466238223297,2.214117821515251,1.9217319230423757,2.1650922571296074
men,10,pct_remaining,54,3 Cognitive only,population,2.148107078454351,2.144008466784631,1.971318023296639,2.3357626168293337,2.021347274871745,2.2812581797311045
men,10,pct_remaining,56,3 Cognitive only,population,2.267767296490596,2.263661477791109,2.0793526770652435,2.4717913562079983,2.132282095962816,2.4103233196121105
men,10,pct_remaining,58,3 Cognitive only,population,2.4001245774049247,2.3954431522424815,2.1962944391141836,2.623250410443183,2.2518998915835033,2.555680688633768
men,10,pct_remaining,60,3 Cognitive only,population,2.5470597752383433,2.5414331254478864,2.3229616702250344,2.79199309532549,2.384819340619518,2.7179285390170196
men,10,pct_remaining,62,3 Cognitive only,population,2.7105349089371336,2.7050022300627035,2.462540919415591,2.983313087727025,2.5295236135202206,2.899366183260924
men,10,pct_remaining,64,3 Cognitive only,population,2.8926917995839774,2.886804874785238,2.6179606597938347,3.195930540424498,2.69071723823262,3.1014497346618013
men,10,pct_remaining,66,3 Cognitive only,population,3.0959234625457763,3.0890799666502904,2.789303149741592,3.4361583467582677,2.870688315051728,3.3294882067556806
men,10,pct_remaining,68,3 Cognitive only,population,3.3229207301173664,3.3170412159779508,2.9808824497683584,3.7058344578709423,3.0693602242430815,3.58344343853097
men,10,pct_remaining,70,3 Cognitive only,population,3.5766977308727292,3.56879960021074,3.191367761710228,4.0094453626248345,3.2907493142272344,3.8705517560821443
men,10,pct_remaining,72,3 Cognitive only,population,3.8605930671593627,3.852040004183694,3.4209492138442408,4.347092600332584,3.534637882867747,4.195723344799714
men,10,pct_remaining,74,3 Cognitive only,population,4.1782358967204685,4.1666045357416355,3.673935905904054,4.733029036611688,3.806160468974588,4.563565893406555
men,10,pct_remaining,76,3 Cognitive only,population,4.5334576030643445,4.521130438007779,3.9543862416699853,5.170140784299103,4.106408126705493,4.9787672500676905
men,10,pct_remaining,78,3 Cognitive only,population,4.93012000253073,4.916737591649838,4.276157928966298,5.668450886471639,4.438128609605545,5.447135424749899
men,10,pct_remaining,80,3 Cognitive only,population,5.371820958325588,5.356200839897241,4.608888185638234,6.2363894247204215,4.8019310347203445,5.9765058929554655
men,10,pct_remaining,82,3 Cognitive only,population,5.86143135552414,5.843326076524143,4.9688760792889175,6.877745921424153,5.194865419867019,6.567978019424794
men,10,pct_remaining,84,3 Cognitive only,population,6.400421976911485,6.378631780487283,5.348796566009598,7.602203012043374,5.613243392094219,7.228246843334662
men,10,pct_remaining,86,3 Cognitive only,population,6.987970811339391,6.955703330077624,5.751507239105784,8.432649978010677,6.057196740068296,7.980355268803741
men,10,pct_remaining,88,3 Cognitive only,population,7.619925342026268,7.584980027874323,6.146633515777661,9.347200652750368,6.518357815484399,8.814102494185766
men,10,pct_remaining,90,3 Cognitive only,population,8.28785771696831,8.241952206276318,6.538503623186063,10.383303565119089,6.970817921749847,9.71964171040871
men,10,pct_remaining,92,3 Cognitive only,population,8.978700765254066,8.916993949907873,6.890667563525358,11.542401007624964,7.398541758271351,10.705739092546878
men,10,pct_remaining,94,3 Cognitive only,population,9.67573124562611,9.575492885698075,7.183855448237695,12.834998421958124,7.781193818912226,11.783091065741573
men,10,pct_remaining,96,3 Cognitive only,population,10.36179741091564,10.219654788233951,7.350175090778125,14.274832372751177,8.100269204585588,12.941940733136986
men,10,pct_remaining,98,3 Cognitive only,population,11.025380585309682,10.808595930496601,7.407515027917926,15.898605324479814,8.297136252704801,14.207496834707007
men,10,pct_remaining,100,3 Cognitive only,population,11.669062036151557,11.351157849329674,7.357713018424092,17.803859737016886,8.378857915813755,15.624307356968249
men,10,pct_remaining,102,3 Cognitive only,population,12.31817525159704,11.830730835309687,7.165741926918599,20.32427116869408,8.311712671178519,17.281999341009573
men,10,pct_remaining,104,3 Cognitive only,population,13.024805864921873,12.279650814196225,6.853057385460638,23.40570727469521,8.099879167526431,19.493120149077537
men,10,pct_remaining,106,3 Cognitive only,population,13.856192691126957,12.750238274177459,6.441170167083437,27.601530993502315,7.815145149549633,22.197512720195007
men,10,pct_remaining,108,3 Cognitive only,population,14.825817674880343,13.273940285830609,5.962752506255363,32.753182850614,7.48864198210409,25.42675955880175
men,10,pct_remaining,110,3 Cognitive only,population,15.639840188179244,13.69439395461703,5.583393305781163,37.01216145870833,7.245456759449622,28.066486872390257
men,10,pct_remaining,50,4 Both,population,2.30525091272837,2.303739367015485,2.1257734980276934,2.5047423103981648,2.177093017348124,2.4405877340204105
men,10,pct_remaining,52,4 Both,population,2.4386533363919938,2.436612128792392,2.2455895832803425,2.6538640415106616,2.3006977253018808,2.583891156134703
men,10,pct_remaining,54,4 Both,population,2.581995627093762,2.578960103398068,2.374093585887924,2.807280937593621,2.433560968074381,2.7380931792031786
men,10,pct_remaining,56,4 Both,population,2.738820647458671,2.735067796087488,2.512792622069814,2.9829155503710627,2.578408364994894,2.9079627759554585
men,10,pct_remaining,58,4 Both,population,2.912495178954139,2.9081074056472893,2.66629047258452,3.1789180687278016,2.738672107470318,3.096352093428795
men,10,pct_remaining,60,4 Both,population,3.106537675040655,3.1023483448073366,2.8368313969183108,3.3988007356144743,2.9147940875678766,3.3096201496023707
men,10,pct_remaining,62,4 Both,population,3.3248098255469634,3.3202397716247147,3.0293679179932265,3.6497507917095358,3.113171238937054,3.549467755605711
men,10,pct_remaining,64,4 Both,population,3.5717108804208806,3.566707076460005,3.2442918336534188,3.936097169268065,3.336120871894847,3.8199228652278507
men,10,pct_remaining,66,4 Both,population,3.852388858244103,3.8456436482549314,3.4851277777906824,4.263710404536924,3.587951665622086,4.129696853915911
men,10,pct_remaining,68,4 Both,population,4.172980098157623,4.1661567389020195,3.7608277660134855,4.637376691527965,3.873883919515532,4.4868260195396745
men,10,pct_remaining,70,4 Both,population,4.540890857694639,4.533263913714868,4.072824631635439,5.068295661911476,4.200565423227467,4.897239312550324
men,10,pct_remaining,72,4 Both,population,4.965135022286563,4.956027552371331,4.427893457204902,5.566291023072596,4.576251736721986,5.3723136230657085
men,10,pct_remaining,74,4 Both,population,5.4567398508430225,5.445954412915518,4.839032889595573,6.1536005129989,5.012012698712734,5.924718503997713
men,10,pct_remaining,76,4 Both,population,6.029225264027974,6.017058166733814,5.315358017761329,6.839515094401911,5.507618548538272,6.573273610989754
men,10,pct_remaining,78,4 Both,population,6.69914796579213,6.680729436745302,5.870665276900888,7.643062888398555,6.090473145396573,7.33260890441594
men,10,pct_remaining,80,4 Both,population,7.486673998129602,7.464051038022637,6.524993980896444,8.598045516147975,6.77866615803099,8.236800701812708
men,10,pct_remaining,82,4 Both,population,8.416094139657424,8.387837492303769,7.284118172250769,9.739789358918147,7.574812597638931,9.310520101367212
men,10,pct_remaining,84,4 Both,population,9.516116578854163,9.476733958794108,8.159472201318549,11.091054478397098,8.494605247167156,10.59210933173039
men,10,pct_remaining,86,4 Both,population,10.819654531170631,10.770169595944527,9.17220217826967,12.705423071328628,9.585574246304459,12.127796646795218
men,10,pct_remaining,88,4 Both,population,12.362681787850706,12.305281246625494,10.34967014065959,14.650616095842079,10.856433333768607,13.952435233283042
men,10,pct_remaining,90,4 Both,population,14.181601680440965,14.111857621356815,11.728266071633454,16.977625797048916,12.339647727230927,16.13558870061222
men,10,pct_remaining,92,4 Both,population,16.308572119134823,16.225899479379336,13.298001148082315,19.723391355218187,14.085749863033692,18.69206617995856
men,10,pct_remaining,94,4 Both,population,18.76452564266394,18.674159231273553,15.11166687383017,23.030390436022923,16.03744396792062,21.706480460204357
men,10,pct_remaining,96,4 Both,population,21.550389193299903,21.46243866074416,17.025521448374764,26.732835338623538,18.20675583836893,25.15065778715038
men,10,pct_remaining,98,4 Both,population,24.63822477012874,24.524491887172722,19.150017148959698,30.94972885896096,20.54111771212486,29.016515282427584
men,10,pct_remaining,100,4 Both,population,27.965268228109586,27.817834384958097,21.31330856489643,35.51147503934099,22.97794346795262,33.226030992058696
men,10,pct_remaining,102,4 Both,population,31.434406887496728,31.27333531547331,23.49637158576395,40.388513481464344,25.448559395884647,37.70874179320239
men,10,pct_remaining,104,4 Both,population,34.92366191603139,34.783275401632125,25.373967110738263,45.33841117686422,27.84585636130459,42.2932754057027
men,10,pct_remaining,106,4 Both,population,38.29922608055353,38.16592905756405,26.923002383883116,50.366273785291646,29.929481918578123,46.873523379490415
men,10,pct_remaining,108,4 Both,population,41.3583888349224,41.32195351359465,27.676567595244865,55.2294093990496,31.601998991869838,51.25182537309844
men,10,pct_remaining,110,4 Both,population,43.36940920581104,43.30336101117082,28.15031337081333,58.62489940274499,32.427702426533685,54.359976856335
men,10,pct_remaining,50,1 Functional,s1,84.14438813445604,84.1431664526697,83.6824326440463,84.59616636925685,83.81140919551106,84.47743369009852
men,10,pct_remaining,52,1 Functional,s1,83.16665054929467,83.16468440652545,82.68045453203437,83.64264983608889,82.81816818861633,83.51269350400734
men,10,pct_remaining,54,1 Functional,s1,82.41528645408592,82.41304007048501,81.91671466089524,82.91460937186217,82.06262608451455,82.76846837837942
men,10,pct_remaining,56,1 Functional,s1,81.7451347026572,81.74340697403501,81.23226460983622,82.25764827426373,81.38022809159065,82.10408107702773
men,10,pct_remaining,58,1 Functional,s1,81.07351542068878,81.07360520132318,80.5360414705144,81.60753199836243,80.69066418042841,81.45303889702782
men,10,pct_remaining,60,1 Functional,s1,80.35104940382432,80.35003441376031,79.77613915382584,80.91000304502639,79.94361931358843,80.75554883668956
men,10,pct_remaining,62,1 Functional,s1,79.54598413443878,79.5435504814054,78.90874207948607,80.1571346214667,79.0983556751033,79.98608986639857
men,10,pct_remaining,64,1 Functional,s1,78.63528418195736,78.63557967593621,77.93419379823675,79.31643185686305,78.13962180561808,79.11506107014623
men,10,pct_remaining,66,1 Functional,s1,77.59951407924343,77.60342973269168,76.81683348848766,78.36581095241013,77.04847630370297,78.13253307436652
men,10,pct_remaining,68,1 Functional,s1,76.41987332235574,76.42258363394176,75.5342154632612,77.28092860514325,75.80812906172045,77.0135795445837
men,10,pct_remaining,70,1 Functional,s1,75.07644928950045,75.07851948615681,74.0761029300089,76.04614066287785,74.38269323881363,75.74725447961264
men,10,pct_remaining,72,1 Functional,s1,73.54717335386552,73.54969966810748,72.41867506431404,74.63644404101623,72.76976777591044,74.30294082769855
men,10,pct_remaining,74,1 Functional,s1,71.80722655106014,71.81721432347211,70.52745102768844,73.02406982355348,70.93108630897031,72.65620678973913
men,10,pct_remaining,76,1 Functional,s1,69.82881555423091,69.84613612633237,68.38406834777042,71.20430801355944,68.8386807801892,70.78802389617812
men,10,pct_remaining,78,1 Functional,s1,67.5813726101093,67.5943318604823,65.94308997082426,69.14022110448498,66.45141078437841,68.68492129629
men,10,pct_remaining,80,1 Functional,s1,65.0323524321654,65.04607121893352,63.176372201111946,66.79283354635788,63.732460148701044,66.28985224683649
men,10,pct_remaining,82,1 Functional,s1,62.14891708243088,62.16180970400357,60.05485402306305,64.16513109502434,60.66155854093907,63.58599699070202
men,10,pct_remaining,84,1 Functional,s1,58.900907825717226,58.90363163873473,56.53788701262976,61.21549408063004,57.211628773273794,60.53496081328296
men,10,pct_remaining,86,1 Functional,s1,55.26555773334136,55.25961184636934,52.5811160778046,57.893806685292844,53.340763927978216,57.130108353172105
men,10,pct_remaining,88,1 Functional,s1,51.234304442969375,51.22487142083539,48.16634493234284,54.19808731159969,49.03661648081702,53.35470635568038
men,10,pct_remaining,90,1 Functional,s1,46.82166141265205,46.81855704739962,43.3723221952384,50.200908371294155,44.34527096769092,49.189930167070706
men,10,pct_remaining,92,1 Functional,s1,42.075220736022395,42.049959393515756,38.25804476598886,45.82810890208743,39.33665420394366,44.746520074013645
men,10,pct_remaining,94,1 Functional,s1,37.08444565031811,37.0585486781031,32.95428147891562,41.1605241151368,34.150349599763565,40.01318393984282
men,10,pct_remaining,96,1 Functional,s1,31.984330093102418,31.96972776277961,27.629794394633933,36.349882851594046,28.87802852109322,35.10741821111871
men,10,pct_remaining,98,1 Functional,s1,26.949254870351485,26.906312755724247,22.481749587653375,31.49956082785976,23.756539706731346,30.160940390489795
men,10,pct_remaining,100,1 Functional,s1,22.173826039786086,22.11009739621775,17.75488631257506,26.82606591145097,18.99340968857035,25.401888857653276
men,10,pct_remaining,102,1 Functional,s1,17.841824867773873,17.785196016352515,13.64286857157469,22.36472347600523,14.796288646793046,20.98977114729245
men,10,pct_remaining,104,1 Functional,s1,14.090673624701003,14.024518015487445,10.232435579810954,18.35608194570212,11.258561854391754,17.09138044806905
men,10,pct_remaining,106,1 Functional,s1,10.988165634559818,10.906668142048769,7.477515560890854,15.039539701402182,8.358862410877316,13.78489464725968
men,10,pct_remaining,108,1 Functional,s1,8.580650199008536,8.466387204721332,5.377205834478099,12.562729225992829,6.186051866927249,11.245492020836412
men,10,pct_remaining,110,1 Functional,s1,7.1911033468994825,7.0247909805471895,4.1769167480838245,11.24649420851443,4.8932734922092065,9.81131100127941
men,10,pct_remaining,50,2 Physical only,s1,11.739522364310197,11.742362283963779,11.353204929968538,12.126241673439129,11.458924346544299,12.021370552123534
men,10,pct_remaining,52,2 Physical only,s1,12.431213907551419,12.433399570713327,12.026138610351643,12.834552843987154,12.136126241086139,12.724629511561833
men,10,pct_remaining,54,2 Physical only,s1,12.900897607238313,12.90252878719107,12.487977226947068,13.311209023436545,12.602435644062638,13.197869586430178
men,10,pct_remaining,56,2 Physical only,s1,13.276795818094142,13.276889184112774,12.86051380783806,13.69876212602951,12.968555336664181,13.57919455370449
men,10,pct_remaining,58,2 Physical only,s1,13.631453843000433,13.631609670315859,13.190014668908567,14.076901637696267,13.311788315971299,13.944043403261809
men,10,pct_remaining,60,2 Physical only,s1,14.006178254845299,14.007120303132506,13.527762945548224,14.485632156495617,13.663751674472568,14.344224237931632
men,10,pct_remaining,62,2 Physical only,s1,14.425305032817134,14.424963426160115,13.896175480673973,14.954849529044456,14.049924007544094,14.802022665645865
men,10,pct_remaining,64,2 Physical only,s1,14.904353206115355,14.899954446152321,14.313278876231214,15.493889557598232,14.483714399155945,15.328799873923684
men,10,pct_remaining,66,2 Physical only,s1,15.454613640889727,15.449358156185625,14.800793034437374,16.113050454579785,14.984994010060877,15.933552032453282
men,10,pct_remaining,68,2 Physical only,s1,16.085684136012926,16.08520862797889,15.348617505309148,16.830056947731233,15.553864731971588,16.617385032533306
men,10,pct_remaining,70,2 Physical only,s1,16.806822542909853,16.804744199256778,15.971776714931798,17.655890888376614,16.20275170961863,17.416212738736863
men,10,pct_remaining,72,2 Physical only,s1,17.627598499801113,17.626191054308908,16.684545379313498,18.593020026036147,16.94578239862313,18.315762282013065
men,10,pct_remaining,74,2 Physical only,s1,18.558083012186195,18.556524721703763,17.500363108738775,19.651842075729373,17.788467048488556,19.334585729450048
men,10,pct_remaining,76,2 Physical only,s1,19.608661040114573,19.606467624814847,18.40986595970848,20.854273772256477,18.741749261278386,20.500113416457495
men,10,pct_remaining,78,2 Physical only,s1,20.789446424984533,20.78793665182214,19.428585408370942,22.205806194149172,19.794531443886708,21.81235310272573
men,10,pct_remaining,80,2 Physical only,s1,22.109198775047446,22.107221604554574,20.553863723397942,23.73262463072976,20.96381544677774,23.286325877791196
men,10,pct_remaining,82,2 Physical only,s1,23.57358112471329,23.56582880687504,21.79739891789982,25.47294091629697,22.25315234821115,24.930232783666852
men,10,pct_remaining,84,2 Physical only,s1,25.18256531020058,25.16601163470174,23.112353856340214,27.39658890759431,23.65122312581795,26.759448068688233
men,10,pct_remaining,86,2 Physical only,s1,26.926822399622594,26.903910581927015,24.53249044289247,29.505907153017098,25.154428818910564,28.75099705168589
men,10,pct_remaining,88,2 Physical only,s1,28.78309080823646,28.76905878388907,25.97609089325197,31.80561132344476,26.714694770239248,30.92125829326293
men,10,pct_remaining,90,2 Physical only,s1,30.708880104490802,30.687600298063735,27.42199386425315,34.25484423369737,28.275980099905823,33.21101881036232
men,10,pct_remaining,92,2 Physical only,s1,32.63750664479714,32.609068327373514,28.752600020053908,36.81004019908094,29.75310555586043,35.56943696763941
men,10,pct_remaining,94,2 Physical only,s1,34.47529746880916,34.45844794600546,29.923728566002804,39.37148969589796,31.112533831327116,37.942738253218856
men,10,pct_remaining,96,2 Physical only,s1,36.103483228528916,36.077185546113036,30.698894200366517,41.74785576664996,32.13171247404244,40.15541961134573
men,10,pct_remaining,98,2 Physical only,s1,37.387139690452095,37.31785179549828,30.981533174822083,44.11416629058626,32.68553770489232,42.10864255109466
men,10,pct_remaining,100,2 Physical only,s1,38.191843626896265,38.11321007880125,30.595365887694893,46.1403786289913,32.62503182573412,43.74553174548742
men,10,pct_remaining,102,2 Physical only,s1,38.40559294312633,38.33818752525447,29.256126301804898,47.80972314945588,31.83647131316062,45.13228468012728
men,10,pct_remaining,104,2 Physical only,s1,37.96085856068392,37.90272252865925,26.993714580695883,49.06206683188674,30.120867564194786,45.91884100162538
men,10,pct_remaining,106,2 Physical only,s1,36.85641557224197,36.8048786043485,23.79850249285072,49.984761502547954,27.598585994534204,46.157564416195726
men,10,pct_remaining,108,2 Physical only,s1,35.23514327799517,35.24379039287004,20.220235220518298,50.608704767271206,24.545139670737797,46.0802040449868
men,10,pct_remaining,110,2 Physical only,s1,33.79964725028396,33.744881495431585,17.4031499635025,50.82763374876835,22.011683295471723,45.848252613310905
men,10,pct_remaining,50,3 Cognitive only,s1,1.890937486408722,1.8879497266110836,1.7403515959952542,2.0514513798357576,1.781854397806754,2.0062370845534687
men,10,pct_remaining,52,3 Cognitive only,s1,2.017832956999814,2.013989852216584,1.8561398329273158,2.1905161282780834,1.901167427432504,2.1413886773629422
men,10,pct_remaining,54,3 Cognitive only,s1,2.1374157970556444,2.133293895313466,1.9636161780473913,2.323516408511558,2.0114999636042015,2.2696520649323157
men,10,pct_remaining,56,3 Cognitive only,s1,2.262260630802184,2.257876279720011,2.0742474113672027,2.4657375089969986,2.1270591737447178,2.40470383522804
men,10,pct_remaining,58,3 Cognitive only,s1,2.397280103049372,2.392625121379389,2.1939419331057866,2.6200008995771293,2.249260706752372,2.5530139278957362
men,10,pct_remaining,60,3 Cognitive only,s1,2.5456048707957417,2.5399024008514974,2.3218466124110297,2.7903113834357516,2.383559224593738,2.7165287071096924
men,10,pct_remaining,62,3 Cognitive only,s1,2.7098058394272986,2.7044386442187416,2.4618800944144215,2.9824061642666626,2.5287187752412,2.8985157016544147
men,10,pct_remaining,64,3 Cognitive only,s1,2.8923391014412627,2.886512695641715,2.617633833953454,3.195522259470936,2.690328001600567,3.1010105412078053
men,10,pct_remaining,66,3 Cognitive only,s1,3.0957629952666923,3.0889475528913577,2.7890881626111907,3.4360934861345718,2.870470166871955,3.3293154598795645
men,10,pct_remaining,68,3 Cognitive only,s1,3.322855903736683,3.3169159446541476,2.9808359140382064,3.705771214725661,3.069337021425142,3.5833851275741657
men,10,pct_remaining,70,3 Cognitive only,s1,3.5766784007567884,3.568778871862637,3.191351612994336,4.009438625140135,3.290763766091487,3.8705055648816398
men,10,pct_remaining,72,3 Cognitive only,s1,3.860593685920557,3.852014457076644,3.420914212408688,4.34711238724102,3.5346491759173904,4.195733872870318
men,10,pct_remaining,74,3 Cognitive only,s1,4.178243866342737,4.166617895505086,3.6739520425177816,4.733030086316571,3.806181126544941,4.563577077861308
men,10,pct_remaining,76,3 Cognitive only,s1,4.533467058558163,4.521134854978772,3.9544079449487173,5.170162165257902,4.106412053502267,4.978788465464761
men,10,pct_remaining,78,3 Cognitive only,s1,4.930128500355592,4.9167458053558395,4.276168986301491,5.668458229363287,4.438134310672859,5.447139642437696
men,10,pct_remaining,80,3 Cognitive only,s1,5.371827723949087,5.356205779710445,4.60889602426275,6.236395713499891,4.801931694655739,5.976515259502244
men,10,pct_remaining,82,3 Cognitive only,s1,5.8614363696574205,5.8433318160299415,4.968881073302126,6.877755122146062,5.194870225050388,6.567981244575026
men,10,pct_remaining,84,3 Cognitive only,s1,6.400425512371257,6.378636062877616,5.348798843386101,7.6022077233975756,5.613246069363136,7.228251499072643
men,10,pct_remaining,86,3 Cognitive only,s1,6.987973210260422,6.955706459047758,5.751509024589447,8.432652714873093,6.057198886447428,7.980358435172989
men,10,pct_remaining,88,3 Cognitive only,s1,7.619926918964019,7.5849814824388115,6.146634912448475,9.34720215035089,6.518358682226482,8.814103634160606
men,10,pct_remaining,90,3 Cognitive only,s1,8.287858725583748,8.241952953387198,6.538504560710103,10.383304885633883,6.970818837607978,9.719642988274323
men,10,pct_remaining,92,3 Cognitive only,s1,8.97870139496375,8.916994360953554,6.890668389532169,11.542401593782118,7.398542197709423,10.705739665123684
men,10,pct_remaining,94,3 Cognitive only,s1,9.675731630516566,9.575493269230929,7.183855835954141,12.834998796368914,7.781194127544289,11.783091483176587
men,10,pct_remaining,96,3 Cognitive only,s1,10.361797642054933,10.219654898526063,7.350175322226869,14.274832756456485,8.100269675247223,12.941940867381366
men,10,pct_remaining,98,3 Cognitive only,s1,11.025380722422865,10.808596041893304,7.407515076212114,15.898605557194836,8.297136325606509,14.207497054049956
men,10,pct_remaining,100,3 Cognitive only,s1,11.669062117173498,11.351157912581806,7.357713081080068,17.80386002808066,8.378858012530602,15.624307559218018
men,10,pct_remaining,102,3 Cognitive only,s1,12.318175299860973,11.830730952222432,7.165741953287141,20.32427139398375,8.31171273968685,17.281999371275568
men,10,pct_remaining,104,3 Cognitive only,s1,13.024805894271296,12.279650843141344,6.853057422556855,23.405707298519236,8.099879187315763,19.493120215568826
men,10,pct_remaining,106,3 Cognitive only,s1,13.856192709421565,12.750238283843531,6.441170175299867,27.601531039605725,7.8151451544462445,22.197512731414253
men,10,pct_remaining,108,3 Cognitive only,s1,14.825817686497443,13.273940290584699,5.962752516188104,32.753182874930914,7.488641984250185,25.426759583434567
men,10,pct_remaining,110,3 Cognitive only,s1,15.639840196378472,13.694393960105453,5.583393309914309,37.01216149098602,7.245456764759154,28.066486884480355
men,10,pct_remaining,50,4 Both,s1,2.225152014825051,2.2228391309365723,2.0462771241616364,2.4235941548982076,2.0986490594851976,2.3600258073801337
men,10,pct_remaining,52,4 Both,s1,2.3843025861540976,2.3815761223961895,2.1907584281727823,2.595479354709264,2.2485667125221203,2.528648051615585
men,10,pct_remaining,54,4 Both,s1,2.546400141620123,2.543409374232661,2.337779895272668,2.7709152682200773,2.3990886335845603,2.7028173960733417
men,10,pct_remaining,56,4 Both,s1,2.715808848446479,2.711641709818399,2.4890729051321427,2.9598022757930686,2.556381948013089,2.8849464399658764
men,10,pct_remaining,58,4 Both,s1,2.897750633261421,2.8933631693293727,2.651654042780191,3.1632823439177575,2.723776675624133,3.0819370709950986
men,10,pct_remaining,60,4 Both,s1,3.097167470534642,3.092830646055508,2.827848042353214,3.389350081233758,2.906003540977446,3.3001539961170634
men,10,pct_remaining,62,4 Both,s1,3.3189049933167887,3.314313590695449,3.023774937991723,3.644215647806153,3.1075410553502514,3.543470629964874
men,10,pct_remaining,64,4 Both,s1,3.56802351048602,3.562898971481941,3.2405876205463757,3.932658094201051,3.3323903545699163,3.816603274406128
men,10,pct_remaining,66,4 Both,s1,3.8501092846001486,3.843619131402815,3.482901470412826,4.261580959093632,3.5856207245964358,4.127392793304585
men,10,pct_remaining,68,4 Both,s1,4.171586637894653,4.1647744266997755,3.759113612152784,4.635852666130847,3.8726590870271522,4.485276101431325
men,10,pct_remaining,70,4 Both,s1,4.54004976683292,4.5324839086100885,4.0719170064492545,5.067540343387157,4.199733194733792,4.896299777829744
men,10,pct_remaining,72,4 Both,s1,4.964634460412804,4.955609813891279,4.42753273405983,5.565616193031086,4.575650171446666,5.371841339522606
men,10,pct_remaining,74,4 Both,s1,5.456446570410924,5.445629582127999,4.838721775076245,6.153247850937929,5.01169731632739,5.924391092760613
men,10,pct_remaining,76,4 Both,s1,6.029056347096348,6.016944106250796,5.315214948719587,6.839380720840176,5.507448199481235,6.573083247074513
men,10,pct_remaining,78,4 Both,s1,6.699052464550571,6.680640402970672,5.870585783725475,7.64297138147986,6.090385173745789,7.332520784793133
men,10,pct_remaining,80,4 Both,s1,7.486621068838066,7.464014706371692,6.524962120012839,8.597989771364972,6.778630485999189,8.236741556501935
men,10,pct_remaining,82,4 Both,s1,8.416065423198416,8.387810984385764,7.284104409489715,9.73975535916873,7.574792803691421,9.310484310504517
men,10,pct_remaining,84,4 Both,s1,9.516101351710935,9.476723024102355,8.159463467515907,11.091028889297942,8.494592950786013,10.592091711840396
men,10,pct_remaining,86,4 Both,s1,10.819646656775626,10.770165102062593,9.172193576352248,12.705417245903758,9.58556703149114,12.127788270445018
men,10,pct_remaining,88,4 Both,s1,12.362677829830151,12.305278552914075,10.349664916934723,14.650612229581455,10.856429817504203,13.952431266709143
men,10,pct_remaining,90,4 Both,s1,14.1815997572734,14.111856108020248,11.728264849113424,16.977624631794427,12.339646662421938,16.135586476019604
men,10,pct_remaining,92,4 Both,s1,16.308571224216717,16.2258983898745,13.298000443813685,19.72338982784201,14.085748849049088,18.69206463435767
men,10,pct_remaining,94,4 Both,s1,18.76452525035616,18.674158729339823,15.111666791363453,23.030390254068518,16.0374437277448,21.706480050148457
men,10,pct_remaining,96,4 Both,s1,21.550389036313735,21.462438558317068,17.02552124643498,26.732834787466118,18.20675559196748,25.1506576217671
men,10,pct_remaining,98,4 Both,s1,24.638224716773557,24.524491824020306,19.150017184816267,30.94972873099983,20.541117633111437,29.016515393528273
men,10,pct_remaining,100,4 Both,s1,27.96526821614415,27.817834381033567,21.31330852930003,35.511475013122016,22.977943496089615,33.22603099596126
men,10,pct_remaining,102,4 Both,s1,31.434406889238822,31.273335323407718,23.49637162152713,40.38851348254,25.44855946120159,37.70874180717874
men,10,pct_remaining,104,4 Both,s1,34.92366192034378,34.783275402531984,25.373967116367496,45.338411174313315,27.845856348395838,42.293275407202046
men,10,pct_remaining,106,4 Both,s1,38.299226083776645,38.16592905595953,26.923002399092322,50.36627378009055,29.929481910291123,46.8735233917766
men,10,pct_remaining,108,4 Both,s1,41.358388836498854,41.32195351558504,27.676567591716342,55.22940940470489,31.601998988661396,51.251825373289385
men,10,pct_remaining,110,4 Both,s1,43.369409206438085,43.303361004365996,28.150313368308026,58.6248994029917,32.427702427273715,54.359976855570814
men,10,pct_remaining,50,1 Functional,s2,71.99107283664128,72.00900280647707,70.57600064838427,73.3391882164812,70.96721907563938,72.98234544082776
men,10,pct_remaining,52,1 Functional,s2,76.3994139168204,76.42343739424913,75.08127913383964,77.63592318322162,75.4451680744523,77.30842641925388
men,10,pct_remaining,54,1 Functional,s2,78.67644424762179,78.69437544006453,77.62856599745534,79.66162718514411,77.92121688428897,79.39686095698521
men,10,pct_remaining,56,1 Functional,s2,79.68636935469743,79.69462854090725,78.86053944650196,80.46177944575165,79.10812639628716,80.24533504358558
men,10,pct_remaining,58,1 Functional,s2,79.94055308943055,79.94423953436657,79.26972961017783,80.59130680415858,79.4740287358404,80.40338867309319
men,10,pct_remaining,60,1 Functional,s2,79.72676029783845,79.72545824059527,79.10470080605646,80.32903544095713,79.28112330714374,80.16142169321463
men,10,pct_remaining,62,1 Functional,s2,79.20113119935955,79.199080125934,78.5629686407737,79.82487091497592,78.74290071714192,79.65112092385108
men,10,pct_remaining,64,1 Functional,s2,78.44422619988877,78.44382685209447,77.74177751152598,79.1324835399711,77.94598701240307,78.92486572311356
men,10,pct_remaining,66,1 Functional,s2,77.4933771231837,77.49736212828053,76.71291320144157,78.26070940707562,76.94224392395742,78.02534928020505
men,10,pct_remaining,68,1 Functional,s2,76.36080954807214,76.36390530834309,75.4750272827691,77.22236654235165,75.75038286395308,76.95466365320296
men,10,pct_remaining,70,1 Functional,s2,75.0435756827118,75.04589741992284,74.0494712506346,76.01577115832325,74.3513699119168,75.71271346502743
men,10,pct_remaining,72,1 Functional,s2,73.52891093839325,73.5304709019529,72.40224396455372,74.61856885431418,72.7506812691153,74.28324133030415
men,10,pct_remaining,74,1 Functional,s2,71.79712405951041,71.80662941860456,70.51809389636907,73.01514169963588,70.92044972177408,72.64644076305667
men,10,pct_remaining,76,1 Functional,s2,69.82326473713292,69.84039442555293,68.37959795626823,71.19823264690606,68.83284477872296,70.78293671840538
men,10,pct_remaining,78,1 Functional,s2,67.57835117105051,67.59173697959878,65.94000508533547,69.13735666508981,66.44793583816625,68.68139786110152
men,10,pct_remaining,80,1 Functional,s2,65.03072738135847,65.04451485988326,63.174960860983,66.79112803983247,63.73021800677909,66.28843545545647
men,10,pct_remaining,82,1 Functional,s2,62.14805572982831,62.16112954672979,60.0539748095276,64.16422753907035,60.66036522416744,63.585168607868404
men,10,pct_remaining,84,1 Functional,s2,58.90045909056148,58.9032312682866,56.5373512020045,61.21503401260139,57.21120177561211,60.534641107698995
men,10,pct_remaining,86,1 Functional,s2,55.265328623207886,55.25938099707483,52.58090739562737,57.893560020471476,53.340465257544636,57.12992533729148
men,10,pct_remaining,88,1 Functional,s2,51.23419017245368,51.22476116389063,48.166221451131335,54.19800292892125,49.0365043581309,53.35460688249454
men,10,pct_remaining,90,1 Functional,s2,46.82160594976401,46.81849719296037,43.37226676768257,50.20086485453555,44.345225947409105,49.189881433699085
men,10,pct_remaining,92,1 Functional,s2,42.075194659168645,42.0499372949309,38.25801685823495,45.828082441931755,39.336630477990866,44.74649901278117
men,10,pct_remaining,94,1 Functional,s2,37.08443383910841,37.05853706815768,32.95426813362196,41.160510848680886,34.15033403944245,40.0131768708809
men,10,pct_remaining,96,1 Functional,s2,31.984324972551416,31.969720674120808,27.62978395978111,36.34987874204945,28.87802238146485,35.107414326689664
men,10,pct_remaining,98,1 Functional,s2,26.949252760337718,26.906309330811702,22.481747393624435,31.499559937636896,23.75653819378262,30.160938628223604
men,10,pct_remaining,100,1 Functional,s2,22.173825218374557,22.11009666521383,17.75488529437036,26.826065132892126,18.99340833581824,25.40188847877291
men,10,pct_remaining,102,1 Functional,s2,17.841824565957218,17.785195139085847,13.64286819221843,22.364723196694246,14.796288202995362,20.989770980701447
men,10,pct_remaining,104,1 Functional,s2,14.090673518431526,14.024517899710077,10.232435244647222,18.356081889493602,11.25856166053248,17.09138042191282
men,10,pct_remaining,106,1 Functional,s2,10.988165596745564,10.906668095142006,7.47751550543037,15.039539671650061,8.358862372443266,13.784894547779425
men,10,pct_remaining,108,1 Functional,s2,8.580650183675514,8.466387206671476,5.377205832301063,12.562729221252043,6.186051862364796,11.24549201971898
men,10,pct_remaining,110,1 Functional,s2,7.191103337983831,7.024790970855044,4.176916743210331,11.246494205336486,4.893273477061136,9.811310994861396
men,10,pct_remaining,50,2 Physical only,s2,23.330738475278352,23.310315156496944,22.069758243337915,24.697681577530716,22.40268316655068,24.300251409683224
men,10,pct_remaining,52,2 Physical only,s2,18.664140169244966,18.642950933963114,17.511613129451447,19.913648843358274,17.822881380754286,19.550098069731682
men,10,pct_remaining,54,2 Physical only,s2,16.24739299204239,16.232623774340958,15.381963667377097,17.21425455775267,15.605080185771127,16.930962692164456
men,10,pct_remaining,56,2 Physical only,s2,15.070561422582449,15.061823625602708,14.41220756284676,15.781852076687347,14.576867113086832,15.580951013335914
men,10,pct_remaining,58,2 Physical only,s2,14.592196567787916,14.58912160974302,14.034650731095224,15.152220746080129,14.19691876218723,14.989901270805808
men,10,pct_remaining,60,2 Physical only,s2,14.520993017501395,14.52290357352775,14.003988654649316,15.03354339555026,14.149603414361032,14.882645648930502
men,10,pct_remaining,62,2 Physical only,s2,14.70163619378302,14.700337412393516,14.16094416318247,15.239413279959718,14.318297963222792,15.080481050134388
men,10,pct_remaining,64,2 Physical only,s2,15.053074736630435,15.050883982216313,14.458612569998152,15.641357197148528,14.634050981500273,15.47315344510199
men,10,pct_remaining,66,2 Physical only,s2,15.534918869502475,15.529195599713045,14.883122017920538,16.19267652971707,15.065127159222373,16.010513138518053
men,10,pct_remaining,68,2 Physical only,s2,16.12919442406541,16.128322831705557,15.392358573364607,16.87331197636078,15.598929071489449,16.659061183943432
men,10,pct_remaining,70,2 Physical only,s2,16.830468061327633,16.8280541151708,15.996521253161543,17.681197453188577,16.22736201596444,17.43597082571589
men,10,pct_remaining,72,2 Physical only,s2,17.640476084168377,17.638916065768974,16.698086513637996,18.605171393957654,16.959362394673146,18.32893133381656
men,10,pct_remaining,74,2 Physical only,s2,18.565102200202144,18.563840154394413,17.509154315640757,19.6578008566104,17.794205143950613,19.341313057323354
men,10,pct_remaining,76,2 Physical only,s2,19.612484021921475,19.609830636116495,18.41448482701775,20.85745612352227,18.74544783020152,20.504519020551164
men,10,pct_remaining,78,2 Physical only,s2,20.791523142162298,20.789862605139987,19.431003723156376,22.208020349246762,19.796440410486483,21.81389490126765
men,10,pct_remaining,80,2 Physical only,s2,22.110321706143843,22.108263329474227,20.554412780839098,23.73387799967613,20.96489690017747,23.28752510992897
men,10,pct_remaining,82,2 Physical only,s2,23.574184320363845,23.5664053069995,21.79801005803194,25.473594576002352,22.253852672678473,24.93096384989069
men,10,pct_remaining,84,2 Physical only,s2,25.18288657287267,25.166349887881946,23.112630575517624,27.396914850801323,23.651522191161924,26.759865270458054
men,10,pct_remaining,86,2 Physical only,s2,26.92699176953088,26.904064881102414,24.532745250514782,29.506074759200324,25.15463276503263,28.751159014291975
men,10,pct_remaining,88,2 Physical only,s2,28.78317909176877,28.769141376562104,25.97618854262148,31.805721967594163,26.71480595701502,30.92132554277182
men,10,pct_remaining,90,2 Physical only,s2,30.70892558932978,30.68765104714656,27.42202899306077,34.254917320011465,28.276048547362056,33.21105940305682
men,10,pct_remaining,92,2 Physical only,s2,32.63752983478625,32.60910581180161,28.7526209799525,36.81007206102899,29.75312185937345,35.56945409852822
men,10,pct_remaining,94,2 Physical only,s2,34.475309207972636,34.45847572087194,29.92373648227143,39.371503366854704,31.112540529280302,37.94275055216734
men,10,pct_remaining,96,2 Physical only,s2,36.103489166368185,36.07719343001055,30.698897335391827,41.74786178451889,32.13171630210019,40.15542391908873
men,10,pct_remaining,98,2 Physical only,s2,37.38714272076851,37.31785380208014,30.98153574999326,44.114171299373865,32.685539757617974,42.10864501211988
men,10,pct_remaining,100,2 Physical only,s2,38.19184520632033,38.113211538973644,30.595367011550255,46.140380986749086,32.62503239773251,43.74553252152019
men,10,pct_remaining,102,2 Physical only,s2,38.40559379354777,38.338188010252836,29.25612705182884,47.80972363020379,31.836472087081017,45.132285404582376
men,10,pct_remaining,104,2 Physical only,s2,37.96085903610189,37.90272270973071,26.993715285984038,49.06206711886388,30.120868045574877,45.91884138402204
men,10,pct_remaining,106,2 Physical only,s2,36.85641584593514,36.804878819111565,23.798502568627878,49.98476167197727,27.598586036022795,46.15756458765388
men,10,pct_remaining,108,2 Physical only,s2,35.2351434378833,35.243790525888585,20.220235406781587,50.60870528929958,24.54513966896709,46.080204113332485
men,10,pct_remaining,110,2 Physical only,s2,33.79964735585288,33.74488153650776,17.403150224288705,50.82763445134092,22.011683437933943,45.84825270911508
men,10,pct_remaining,50,3 Cognitive only,s2,2.0389992362600937,2.0314293162771273,1.8309136389452412,2.2876105355222727,1.8846907765274232,2.2077250078375608
men,10,pct_remaining,52,3 Cognitive only,s2,2.153431221100992,2.1482312370777983,1.9427261265027027,2.3907699037182866,2.0036988771830004,2.3143832679929335
men,10,pct_remaining,54,3 Cognitive only,s2,2.2233275665317764,2.2193997767392304,2.025898499801963,2.436232690741675,2.08374685569412,2.3712400730829843
men,10,pct_remaining,56,3 Cognitive only,s2,2.3114457022217234,2.3076605196735698,2.1153545022459777,2.521005229991079,2.1699994505729254,2.4608882453940737
men,10,pct_remaining,58,3 Cognitive only,s2,2.4241197535042405,2.420057282695605,2.217130816305566,2.64968931360518,2.2746392274528526,2.5825091139852048
men,10,pct_remaining,60,3 Cognitive only,s2,2.559766460925705,2.5543756902808683,2.333887659545706,2.8066290119563213,2.3967131911307957,2.7312901439606083
men,10,pct_remaining,62,3 Cognitive only,s2,2.7170302787920333,2.711224551672628,2.4689642884101444,2.990810268138076,2.536143361588171,2.906917484160036
men,10,pct_remaining,64,3 Cognitive only,s2,2.8958651593517404,2.8896576121036324,2.6206101442880154,3.199601033593707,2.6940881144759223,3.1052385251154226
men,10,pct_remaining,66,3 Cognitive only,s2,3.097367855983292,3.090707280162337,2.7901856144063557,3.4376531698075867,2.872125076872264,3.3309450049449207
men,10,pct_remaining,68,3 Cognitive only,s2,3.323495636446501,3.3176320898460943,2.981404665874279,3.706195755513543,3.0699092885808468,3.5840398851806827
men,10,pct_remaining,70,3 Cognitive only,s2,3.5768574427439406,3.568865083955796,3.1915355531184693,4.009503972906611,3.2905730790009593,3.870816493489436
men,10,pct_remaining,72,3 Cognitive only,s2,3.8605716433329658,3.8521611180322846,3.421164300124314,4.347082733751439,3.534610297224019,4.19564977832603
men,10,pct_remaining,74,3 Cognitive only,s2,4.178149432376137,4.166447671735963,3.6740196481646206,4.733008912722743,3.805958135633409,4.563477945757405
men,10,pct_remaining,76,3 Cognitive only,s2,4.533360149345435,4.521138101345601,3.954178880191133,5.169989070753988,4.106366708975368,4.9785670494714145
men,10,pct_remaining,78,3 Cognitive only,s2,4.930033857050267,4.916671345493516,4.27605922584641,5.668379708457735,4.438040383620265,5.447062443580345
men,10,pct_remaining,80,3 Cognitive only,s2,5.371752882599878,5.356108599301536,4.60881644108354,6.236325955350162,4.8019237816670834,5.976414714493312
men,10,pct_remaining,82,3 Cognitive only,s2,5.861381099065247,5.843264436437762,4.968823701581942,6.877652368462213,5.194819995960365,6.567943369308512
men,10,pct_remaining,84,3 Cognitive only,s2,6.40038661862198,6.378585835288185,5.348773277027048,7.602152279993689,5.613214529392894,7.228204436785601
men,10,pct_remaining,86,3 Cognitive only,s2,6.987946850571599,6.95567246802754,5.751489301221233,8.432622962255932,6.057173064493331,7.980323852325743
men,10,pct_remaining,88,3 Cognitive only,s2,7.619909603717017,7.584965071939505,6.146619091622632,9.34718480310311,6.518349307059844,8.814090339878392
men,10,pct_remaining,90,3 Cognitive only,s2,8.287847655642802,8.241945063053056,6.538494587075994,10.383289417905031,6.970808815608731,9.71962826690908
men,10,pct_remaining,92,3 Cognitive only,s2,8.978694485673078,8.916990131418402,6.890658842144976,11.542395433931443,7.398537474406237,10.705730174652011
men,10,pct_remaining,94,3 Cognitive only,s2,9.675727408274568,9.57548930221995,7.183851142635262,12.834994691561434,7.781190877975723,11.783087128950019
men,10,pct_remaining,96,3 Cognitive only,s2,10.361795106836675,10.219653671967746,7.3501728717828785,14.274828425924438,8.100264378629182,12.941939266742402
men,10,pct_remaining,98,3 Cognitive only,s2,11.0253792186935,10.808594840760563,7.407514560027386,15.898602980757984,8.297135485759249,14.207494542325
men,10,pct_remaining,100,3 Cognitive only,s2,11.669061228687507,11.351157200317362,7.35771239416266,17.803856689378236,8.378856986792215,15.624305353164875
men,10,pct_remaining,102,3 Cognitive only,s2,12.318174770644193,11.83072955921309,7.165741697232626,20.32426891802868,8.31171201210337,17.281999012575564
men,10,pct_remaining,104,3 Cognitive only,s2,13.02480557248227,12.27965054480226,6.8530570124121795,23.405707042835978,8.099878983340622,19.493119499173222
men,10,pct_remaining,106,3 Cognitive only,s2,13.856192508869398,12.750238176152614,6.441170092852191,27.60153051545428,7.815145103523499,22.19751261321725
men,10,pct_remaining,108,3 Cognitive only,s2,14.825817559191261,13.273940239999027,5.962752415948452,32.753182604670634,7.488641959639657,25.42675929059267
men,10,pct_remaining,110,3 Cognitive only,s2,15.639840106570885,13.694393896688936,5.583393266650306,37.01216114572422,7.245456711236765,28.066486755843165
men,10,pct_remaining,50,4 Both,s2,2.6391894518202688,2.6312209953897225,2.3808342917761895,2.9333186434111482,2.453216675366092,2.8391351591609313
men,10,pct_remaining,52,4 Both,s2,2.7830146928336434,2.7751605830061905,2.5175707751228464,3.078676179937639,2.593859302793977,2.9868059490888133
men,10,pct_remaining,54,4 Both,s2,2.8528351938040477,2.8482682651366877,2.602958652462922,3.1322325522159735,2.67319446977027,3.044336549686529
men,10,pct_remaining,56,4 Both,s2,2.931623520498402,2.9274395196066365,2.6840554664772953,3.2007882827152727,2.7529842458907896,3.1175359874047577
men,10,pct_remaining,58,4 Both,s2,3.0431305892772955,3.038376061505127,2.7884427836518864,3.322832832709351,2.859254899826696,3.234687715229762
men,10,pct_remaining,60,4 Both,s2,3.1924802237344405,3.187567329925768,2.9201526237918953,3.4921305978703665,2.9966956574191244,3.3981805101897176
men,10,pct_remaining,62,4 Both,s2,3.3802023280653937,3.375206400744975,3.0801267131824406,3.706161693894376,3.1704932632593525,3.604903973930085
men,10,pct_remaining,64,4 Both,s2,3.6068339041290494,3.6021108093696896,3.2778087634231516,3.9690543548719783,3.3693244195607313,3.854631332573999
men,10,pct_remaining,66,4 Both,s2,3.8743361513305334,3.8682200519688363,3.505860720261845,4.283424612974094,3.6091122425714053,4.153237655352422
men,10,pct_remaining,68,4 Both,s2,4.1865003914159455,4.179458241981365,3.773667060140157,4.652538255329468,3.8873662636933535,4.5004711912397015
men,10,pct_remaining,70,4 Both,s2,4.549098813216621,4.541773329600314,4.081474875381544,5.077838303358387,4.208696065253106,4.905696141294046
men,10,pct_remaining,72,4 Both,s2,4.9700413341054075,4.960674065321866,4.431767918238882,5.57187425655451,4.581887654713392,5.377800023978638
men,10,pct_remaining,74,4 Both,s2,5.4596243079113105,5.448962815890291,4.841883572958508,6.157089923685759,5.014931618692227,5.927701925910993
men,10,pct_remaining,76,4 Both,s2,6.03089109160018,6.018667999054635,5.316706919862441,6.841321806162293,5.509348133219457,6.574604696786271
men,10,pct_remaining,78,4 Both,s2,6.700091829736923,6.68177439714673,5.8714671296153025,7.644149083507087,6.091444740532963,7.3335614713862505
men,10,pct_remaining,80,4 Both,s2,7.487198029897802,7.46448964414896,6.525341112651989,8.598456987605754,6.779238330775785,8.237392806497816
men,10,pct_remaining,82,4 Both,s2,8.4163788507426,8.388093532860138,7.284246307925765,9.74012644573715,7.575030501344065,9.31087155469212
men,10,pct_remaining,84,4 Both,s2,9.516267717943865,9.47684497566269,8.159563281680509,11.091313592512448,8.494719911871318,10.592288979396471
men,10,pct_remaining,86,4 Both,s2,10.819732756689639,10.770213604565363,9.172287813147141,12.70548283155567,9.585642789969365,12.127882625155541
men,10,pct_remaining,88,4 Both,s2,12.362721132060532,12.305309109203304,10.349718355193142,14.650655859469838,10.856467339080194,13.952474219743195
men,10,pct_remaining,90,4 Both,s2,14.181620805263403,14.111872923146443,11.728278582159092,16.977637352090987,12.339658438056057,16.135612113758526
men,10,pct_remaining,92,4 Both,s2,16.308581020372024,16.22591063201085,13.298008365254168,19.72340651813143,14.085758895145158,18.692082321639862
men,10,pct_remaining,94,4 Both,s2,18.764529544644393,18.67416406844917,15.11166758766863,23.03039223407424,16.037446406582234,21.70648476080694
men,10,pct_remaining,96,4 Both,s2,21.550390754243725,21.46243965470432,17.0255234354276,26.732841076033427,18.206758084063537,25.15065934879697
men,10,pct_remaining,98,4 Both,s2,24.63822530020027,24.524492470759427,19.150016801965755,30.949730248824782,20.54111851646023,29.016514138536458
men,10,pct_remaining,100,4 Both,s2,27.965268346617606,27.81783442317256,21.313308915335412,35.51147532877698,22.97794314159617,33.22603095118816
men,10,pct_remaining,102,4 Both,s2,31.434406869850815,31.27333523856339,23.496371191653076,40.388513470249,25.44855878396032,37.70874164949516
men,10,pct_remaining,104,4 Both,s2,34.92366187298432,34.783275393507765,25.373967054707876,45.33841120230694,27.8458564852024,42.2932753900896
men,10,pct_remaining,106,4 Both,s2,38.2992260484499,38.16592907258475,26.923002224441394,50.366273835002694,29.92948199764065,46.87352326042932
men,10,pct_remaining,108,4 Both,s2,41.358388819249924,41.321953494383955,27.676567635033443,55.229409343594625,31.601999026854347,51.251825371311156
men,10,pct_remaining,110,4 Both,s2,43.369409199592404,43.3033610742452,28.150313396225886,58.62489940021038,32.427702418347,54.35997686494803
men,10,pct_remaining,50,1 Functional,s3,76.13022488977063,76.19865880820484,73.79690467779108,78.10248261134385,74.52035638865914,77.59441624215896
men,10,pct_remaining,52,1 Functional,s3,79.75930893424935,79.82029812563454,77.76567405569247,81.40109380151979,78.39932928118135,81.0016483327032
men,10,pct_remaining,54,1 Functional,s3,80.63740666272523,80.68154135239925,79.30875104975921,81.70637025198108,79.73722587064704,81.45244187600913
men,10,pct_remaining,56,1 Functional,s3,80.76201507108827,80.78503796363,79.85833994279915,81.53491997171976,80.14193048223471,81.3331471217515
men,10,pct_remaining,58,1 Functional,s3,80.52155316556143,80.52634465088047,79.8411767271142,81.15898040583534,80.0376253748798,80.98904606669196
men,10,pct_remaining,60,1 Functional,s3,80.04006377537861,80.04174708299999,79.41758638210464,80.63724091438566,79.59819773354943,80.4762928040748
men,10,pct_remaining,62,1 Functional,s3,79.37068988825901,79.3651659649357,78.72480100360424,79.99798530826084,78.91092958264628,79.82396663762505
men,10,pct_remaining,64,1 Functional,s3,78.5365119328818,78.53543195400621,77.83220248105721,79.22415058411016,78.03728385802623,79.02499013787754
men,10,pct_remaining,66,1 Functional,s3,77.5439066592572,77.54642076344484,76.75944423727239,78.31146310873478,76.99239927378282,78.07581316301369
men,10,pct_remaining,68,1 Functional,s3,76.38861684096203,76.39060964333422,75.50011208877798,77.24909384914497,75.77539945105656,76.98467445639683
men,10,pct_remaining,70,1 Functional,s3,75.0589283128555,75.06197731440429,74.06150113840152,76.02940037654948,74.3653125655711,75.72918591083393
men,10,pct_remaining,72,1 Functional,s3,73.53739378634017,73.538999824133,72.41085782404878,74.62774176209224,72.75936856840686,74.29211339927942
men,10,pct_remaining,74,1 Functional,s3,71.80180123536498,71.81207335938873,70.5227277284233,73.01792455304209,70.9251582143789,72.65025540112136
men,10,pct_remaining,76,1 Functional,s3,69.82583025268912,69.84341596370541,68.38144719180083,71.20117706919932,68.83561433836732,70.78578566287838
men,10,pct_remaining,78,1 Functional,s3,67.57974678960623,67.5930560679495,65.94178929286403,69.13903186100755,66.44968325804759,68.68292607850645
men,10,pct_remaining,80,1 Functional,s3,65.03147803023087,65.04537515292444,63.17575292142998,66.79205841249974,63.73141491099304,66.289202893177
men,10,pct_remaining,82,1 Functional,s3,62.148453738246936,62.16143736475213,60.0544002471065,64.16462624738934,60.66088103271661,63.585667137328436
men,10,pct_remaining,84,1 Functional,s3,58.90066650770245,58.903394583268124,56.537643674601334,61.215194775083134,57.211355019711164,60.53476107295067
men,10,pct_remaining,86,1 Functional,s3,55.2654345376461,55.259471836191295,52.58090832673123,57.89370359950868,53.340596378202726,57.13005811670153
men,10,pct_remaining,88,1 Functional,s3,51.23424298735764,51.22479366659722,48.166252643112664,54.19805839534315,49.036518815979306,53.354652507583296
men,10,pct_remaining,90,1 Functional,s3,46.82163156865787,46.81851769456588,43.3722977883734,50.20088614175037,44.34523076101987,49.189915340753245
men,10,pct_remaining,92,1 Functional,s3,42.07520669191551,42.04994953209612,38.25802152529611,45.82810150694035,39.33664262951411,44.746504186473416
men,10,pct_remaining,94,1 Functional,s3,37.0844392814318,37.058539774612186,32.954277780708324,41.16051798901327,34.15034159905909,40.0131792714123
men,10,pct_remaining,96,1 Functional,s3,31.98432732788565,31.969722775896834,27.629790320968677,36.349880434262964,28.878024202461898,35.107417170419176
men,10,pct_remaining,98,1 Functional,s3,26.94925372909084,26.90631088901843,22.48174872276301,31.499560288671205,23.75653838082284,30.160939609183387
men,10,pct_remaining,100,1 Functional,s3,22.173825594914515,22.110096900875572,17.754885882178197,26.82606556861963,18.993408656217827,25.4018886627607
men,10,pct_remaining,102,1 Functional,s3,17.841824704279862,17.785195564393725,13.642868429721965,22.364723327232895,14.79628830063352,20.989771084491977
men,10,pct_remaining,104,1 Functional,s3,14.090673567305624,14.02451797338949,10.23243532403039,18.356081914824333,11.2585617263928,17.09138043454673
men,10,pct_remaining,106,1 Functional,s3,10.98816561433635,10.906668116112783,7.477515539624643,15.039539686999316,8.358862384900954,13.784894605189264
men,10,pct_remaining,108,1 Functional,s3,8.580650190954673,8.466387205285129,5.3772058334546,12.562729223055303,6.186051865401204,11.24549202021277
men,10,pct_remaining,110,1 Functional,s3,7.191103342281108,7.024790975189339,4.176916744715739,11.24649420690193,4.89327348303529,9.811310998642373
men,10,pct_remaining,50,2 Physical only,s3,13.349996664186975,13.238795983144511,11.941751922022556,15.3018787655075,12.260556158206946,14.667589190813096
men,10,pct_remaining,52,2 Physical only,s3,13.889855312396024,13.801107488393232,12.657406265746687,15.586707393356894,12.945284025898001,15.003922680396329
men,10,pct_remaining,54,2 Physical only,s3,13.889314150431263,13.845692177773003,13.056962097005924,14.942337416516569,13.259587092923818,14.599490702458853
men,10,pct_remaining,56,2 Physical only,s3,13.889221778139074,13.872921715052541,13.277817260527508,14.567054164458504,13.442091426131523,14.385732001553283
men,10,pct_remaining,58,2 Physical only,s3,13.99444265933388,13.991664769041698,13.476572445112264,14.538788308485287,13.623791423069907,14.380806407113711
men,10,pct_remaining,60,2 Physical only,s3,14.215879976321958,14.218038318222916,13.714179870520216,14.731635992691182,13.850690009610489,14.578303956932327
men,10,pct_remaining,62,2 Physical only,s3,14.544572618751697,14.546240301075153,13.998707849857873,15.08088559902808,14.162146109730475,14.926757309922996
men,10,pct_remaining,64,2 Physical only,s3,14.971532872836397,14.967845391323543,14.377306696375223,15.56276897639971,14.548039191904007,15.390891751766667
men,10,pct_remaining,66,2 Physical only,s3,15.492226283382617,15.487088126107954,14.838721931765988,16.15380780529934,15.01875980541297,15.968638568425163
men,10,pct_remaining,68,2 Physical only,s3,16.10666111500658,16.106543233825043,15.369647287672038,16.85073809699594,15.574629930722145,16.6383988986669
men,10,pct_remaining,70,2 Physical only,s3,16.818488674158903,16.815819778335012,15.982362506159017,17.6678543008126,16.215505960842183,17.42571104057193
men,10,pct_remaining,72,2 Physical only,s3,17.63406978167592,17.632882438351963,16.691203209593265,18.60037183001886,16.95241204408298,18.3236711311119
men,10,pct_remaining,74,2 Physical only,s3,18.561662030746263,18.559627551341684,17.5049182160846,19.655288778927527,17.79130996720327,19.33829983910067
men,10,pct_remaining,76,2 Physical only,s3,19.6106328776447,19.60841992662706,18.41289331436065,20.855898686591534,18.743709236933363,20.50158633470556
men,10,pct_remaining,78,2 Physical only,s3,20.79052732249922,20.78879737230927,19.429895890124428,22.206565802132683,19.79551214134612,21.812785819884915
men,10,pct_remaining,80,2 Physical only,s3,22.109787450459958,22.10769639409869,20.554176120006463,23.73319735876215,20.964452114075087,23.28695435130087
men,10,pct_remaining,82,2 Physical only,s3,23.57389915184508,23.566122565389815,21.79782254971489,25.47334563508339,22.253714824067032,24.930771651326285
men,10,pct_remaining,84,2 Physical only,s3,25.18273547510634,25.166195446245553,23.112430633642646,27.396744306877565,23.651302600090226,26.759742906499785
men,10,pct_remaining,86,2 Physical only,s3,26.926912450874298,26.903984030313218,24.53261671486381,29.50596221096759,25.154615097934514,28.751051967918716
men,10,pct_remaining,88,2 Physical only,s3,28.78313789582294,28.76909115879196,25.976164951565604,31.80567080099405,26.714755029723538,30.921300543356157
men,10,pct_remaining,90,2 Physical only,s3,30.708904429820553,30.687621279996797,27.422004432282655,34.25487997237736,28.276003777857767,33.21104992769969
men,10,pct_remaining,92,2 Physical only,s3,32.63751907529413,32.609081895991736,28.752611608216643,36.81005973821803,29.75311425763733,35.56944367229369
men,10,pct_remaining,94,2 Physical only,s3,34.475303773558686,34.45846917432146,29.923733152357585,39.371498407675176,31.112537752187162,37.94274513640267
men,10,pct_remaining,96,2 Physical only,s3,36.10348642261289,36.07719216037684,30.69889575803817,41.74785953832312,32.131714184229224,40.15542083557733
men,10,pct_remaining,98,2 Physical only,s3,37.38714132246532,37.31785324277083,30.981535086864493,44.114168698600224,32.68553854063177,42.10864355851255
men,10,pct_remaining,100,2 Physical only,s3,38.1918444781725,38.11321091169687,30.59536664403702,46.140379794973086,32.62503218057135,43.745532085690805
men,10,pct_remaining,102,2 Physical only,s3,38.405593401652396,38.33818790163065,29.25612675495418,47.8097233583443,31.836471801244137,45.13228496261255
men,10,pct_remaining,104,2 Physical only,s3,37.96085881702168,37.90272262919845,26.993714796712055,49.06206695651804,30.120867696225318,45.91884124151566
men,10,pct_remaining,106,2 Physical only,s3,36.85641571978164,36.80487873458415,23.798502541087135,49.98476158859275,27.598586020541294,46.15756449667695
men,10,pct_remaining,108,2 Physical only,s3,35.23514336416098,35.243790461107054,20.220235344266786,50.608705080099185,24.545139669255448,46.08020407740645
men,10,pct_remaining,110,2 Physical only,s3,33.79964730715985,33.74488151206079,17.403150092066205,50.82763399191771,22.011683382861523,45.848252680641686
men,10,pct_remaining,50,3 Cognitive only,s3,7.144921050030543,7.1024666353954995,6.472869175327854,8.063510061040276,6.608954046537212,7.739438394342322
men,10,pct_remaining,52,3 Cognitive only,s3,3.021547511390375,2.990513584468412,2.5357267855288983,3.675387821650845,2.6527196250959175,3.443534510192074
men,10,pct_remaining,54,3 Cognitive only,s3,2.4077818372887947,2.3963697309600756,2.1583051248462075,2.7168715714366973,2.2223308931102603,2.6150452749465014
men,10,pct_remaining,56,3 Cognitive only,s3,2.355930230354178,2.351877413069353,2.148752099025202,2.584859486586813,2.206881607814237,2.515377543541348
men,10,pct_remaining,58,3 Cognitive only,s3,2.435208799503527,2.4312308370288473,2.2226606976356593,2.663472159069719,2.28501897776776,2.59603735354787
men,10,pct_remaining,60,3 Cognitive only,s3,2.56231735295873,2.556629968870145,2.3369095465942786,2.810237089592538,2.3991614754192927,2.734568329887317
men,10,pct_remaining,62,3 Cognitive only,s3,2.7174599689158283,2.7117461211532192,2.469469362674053,2.9910699896460198,2.5364873719618544,2.907095467479685
men,10,pct_remaining,64,3 Cognitive only,s3,2.8958691933686747,2.8894302740660964,2.6216293951730187,3.199607265992329,2.693587352572406,3.105618792180018
men,10,pct_remaining,66,3 Cognitive only,s3,3.0973560382984164,3.090899738088009,2.790466536989409,3.4373447461475073,2.8730527338985348,3.330631609409852
men,10,pct_remaining,68,3 Cognitive only,s3,3.323532562719096,3.3177794905418105,2.9814904305164664,3.7066502585867416,3.0699903766365493,3.5843740258949786
men,10,pct_remaining,70,3 Cognitive only,s3,3.576928089831122,3.5690015930363717,3.1915674601939976,4.009497159106127,3.290835895761014,3.87079368395315
men,10,pct_remaining,72,3 Cognitive only,s3,3.8606530486794526,3.8522805772812694,3.421250409366314,4.347139834334281,3.534642410527932,4.195713980867329
men,10,pct_remaining,74,3 Cognitive only,s3,4.17822623848145,4.1665742069287335,3.67402535367318,4.733061848340061,3.8060955479484613,4.5635792722785915
men,10,pct_remaining,76,3 Cognitive only,s3,4.533425013131682,4.521145964495412,3.9542590111650755,5.170060856738218,4.106400628204443,4.978734290458182
men,10,pct_remaining,78,3 Cognitive only,s3,4.930084800851801,4.91671601783198,4.276072810212248,5.668429349026771,4.438100648103711,5.447113021132685
men,10,pct_remaining,80,3 Cognitive only,s3,5.371790831138558,5.356161687125134,4.608847246815327,6.2363536122766465,4.801930333571605,5.9764759500006095
men,10,pct_remaining,82,3 Cognitive only,s3,5.8614082128205816,5.843307834411068,4.968848481015336,6.877731022169396,5.1948451839791305,6.567965785312704
men,10,pct_remaining,84,3 Cognitive only,s3,6.400405329025074,6.378612309476184,5.348783524912969,7.602185074296421,5.613229194509932,7.228212285776693
men,10,pct_remaining,86,3 Cognitive only,s3,6.987959377682157,6.955682965913304,5.751495994345097,8.43263032494771,6.057189885218918,7.980341300578139
men,10,pct_remaining,88,3 Cognitive only,s3,7.619917767151435,7.584972985356757,6.146626428388484,9.347196807844652,6.518353204866805,8.814094972159275
men,10,pct_remaining,90,3 Cognitive only,s3,8.28785284598563,8.241948024371812,6.5384999661319165,10.383297968807657,6.970813378088758,9.71963755832521
men,10,pct_remaining,92,3 Cognitive only,s3,8.978697712217825,8.91699031223914,6.890662888714791,11.542398303402058,7.39853966727172,10.705736249739504
men,10,pct_remaining,94,3 Cognitive only,s3,9.675729373944813,9.575491929296234,7.183854171659833,12.834996902204567,7.7811921341323576,11.783090023722613
men,10,pct_remaining,96,3 Cognitive only,s3,10.36179628427847,10.219654476735574,7.350173914262678,14.274830195794557,8.100267346013265,12.941940102589374
men,10,pct_remaining,98,3 Cognitive only,s3,11.025379915824644,10.808595499841246,7.407514775079885,15.898603971232339,8.297135620534283,14.207495608455474
men,10,pct_remaining,100,3 Cognitive only,s3,11.66906164014143,11.35115755492368,7.357712701230016,17.803858943285988,8.378857179135794,15.624306009447364
men,10,pct_remaining,102,3 Cognitive only,s3,12.318175015675376,11.830730269623233,7.165741820909122,20.324270428440716,8.311712311429082,17.281999231179938
men,10,pct_remaining,104,3 Cognitive only,s3,13.024805721600176,12.279650653699138,6.853057183370553,23.40570716883507,8.09987908178954,19.493119743894706
men,10,pct_remaining,106,3 Cognitive only,s3,13.856192601961281,12.750238246509674,6.441170105942656,27.601530794677586,7.81514513275544,22.197512621082357
men,10,pct_remaining,108,3 Cognitive only,s3,14.825817618382645,13.273940263185313,5.962752452096076,32.75318275041048,7.488641968536307,25.426759463779007
men,10,pct_remaining,110,3 Cognitive only,s3,15.639840148358253,13.694393924788429,5.583393265487025,37.012161253174924,7.245456742479615,28.06648682054423
men,10,pct_remaining,50,4 Both,s3,3.3748573960118566,3.3261740636991473,2.7481906881328793,4.274849853867611,2.8720886585408563,3.9613824650022242
men,10,pct_remaining,52,4 Both,s3,3.3292882419642535,3.291650219706814,2.7962976098946606,4.082302787816191,2.903491244962905,3.8319050863747615
men,10,pct_remaining,54,4 Both,s3,3.0654973495547138,3.0471988854816257,2.697088148263818,3.55395649454919,2.7860941374192754,3.384219439829216
men,10,pct_remaining,56,4 Both,s3,2.9928329204184814,2.984698879478274,2.699122697186752,3.3384103481297753,2.7751723784939673,3.2266576962776115
men,10,pct_remaining,58,4 Both,s3,3.0487953756011597,3.0441077809549864,2.7773521184303345,3.3429693910892224,2.85168112495034,3.2589544070516063
men,10,pct_remaining,60,4 Both,s3,3.1817388953406978,3.177577239845385,2.9012646578257626,3.4822461980286743,2.983030430669813,3.3912919100884515
men,10,pct_remaining,62,4 Both,s3,3.3672775240734696,3.361607986546844,3.064606198261133,3.6945270753887516,3.1573818939478655,3.5927356132334625
men,10,pct_remaining,64,4 Both,s3,3.596086000913139,3.591349228777231,3.2628588106001817,3.9607702047352933,3.362937036414933,3.8435400224886314
men,10,pct_remaining,66,4 Both,s3,3.86651101906176,3.860229706126625,3.4983309627598826,4.278641699798394,3.6016488522444337,4.144670390435213
men,10,pct_remaining,68,4 Both,s3,4.181189481312298,4.173632910529754,3.7682356033902455,4.645680934505553,3.882176207969571,4.495007969183666
men,10,pct_remaining,70,4 Both,s3,4.545654923154469,4.538861874094453,4.077302210068836,5.074129108885339,4.2055315026529145,4.9020576084907725
men,10,pct_remaining,72,4 Both,s3,4.967883383304452,4.9584967426356625,4.43004075450635,5.568827783245975,4.58027862357538,5.374984228938678
men,10,pct_remaining,74,4 Both,s3,5.458310495407307,5.447380103492998,4.84156876612268,6.155476797006521,5.013229246122492,5.926480125509221
men,10,pct_remaining,76,4 Both,s3,6.030111856534497,6.018014123319395,5.315690134869648,6.840665797615181,5.50842759509564,6.573796893994549
men,10,pct_remaining,78,4 Both,s3,6.699641087042747,6.681280196912482,5.871287592761654,7.643763790255345,6.0910716745910465,7.333230895410373
men,10,pct_remaining,80,4 Both,s3,7.4869436881706095,7.4643777860659135,6.525148100360514,8.598327665102557,6.779030600154704,8.237092695640463
men,10,pct_remaining,82,4 Both,s3,8.416238897087405,8.387890777310963,7.284197584415768,9.739923329425634,7.574924945421381,9.310677525817026
men,10,pct_remaining,84,4 Both,s3,9.516192688166136,9.476817400507176,8.159496587967942,11.091084899176579,8.494687271132218,10.59219742909769
men,10,pct_remaining,86,4 Both,s3,10.819693633797444,10.770207738317497,9.172267075859393,12.70545272335702,9.585603311897064,12.127828354991683
men,10,pct_remaining,88,4 Both,s3,12.362701349667987,12.305289326582415,10.349691358157601,14.650626206525793,10.856452150580218,13.952450845038646
men,10,pct_remaining,90,4 Both,s3,14.181611155535942,14.111864056554596,11.72827073961269,16.9776290727836,12.339653992884857,16.13559755919787
men,10,pct_remaining,92,4 Both,s3,16.308576520572533,16.225902275598507,13.298005211732729,19.723395360861932,14.085753448373985,18.692071021011447
men,10,pct_remaining,94,4 Both,s3,18.764527571064697,18.674162074934276,15.111667615363672,23.030392131977425,16.037445010312446,21.7064826247041
men,10,pct_remaining,96,4 Both,s3,21.550389965222994,21.462439304272646,17.0255221238936,26.73283720174222,18.20675693086964,25.150658562784045
men,10,pct_remaining,98,4 Both,s3,24.638225032619196,24.524492340661467,19.15001703065874,30.94972950305016,20.54111799242623,29.01651449666671
men,10,pct_remaining,100,4 Both,s3,27.965268286771558,27.817834400140136,21.313308683512822,35.51147513041633,22.977943408813903,33.226030978294595
men,10,pct_remaining,102,4 Both,s3,31.434406878392362,31.273335321011594,23.496371459950893,40.38851347742832,25.448559035970376,37.708741729744936
men,10,pct_remaining,104,4 Both,s3,34.923661894072524,34.78327540222895,25.373967079938666,45.33841118982372,27.8458564627434,42.2932753964258
men,10,pct_remaining,106,4 Both,s3,38.29922606392073,38.165929067630145,26.9230022672263,50.36627379629424,29.929481959822834,46.87352333085842
men,10,pct_remaining,108,4 Both,s3,41.358388826501695,41.32195350251117,27.67656760414256,55.22940936178274,31.601999011672525,51.25182537196735
men,10,pct_remaining,110,4 Both,s3,43.369409202200785,43.30336103268145,28.150313383874167,58.62489940251383,32.42770242121854,54.3599768592522
men,10,pct_remaining,50,1 Functional,s4,68.19775996560699,68.22074495536857,64.13401348152647,72.41153597771944,65.19963944619872,71.22107741818019
men,10,pct_remaining,52,1 Functional,s4,73.48519440788832,73.52066915504776,69.82933632528295,77.1017593793991,70.7792617763465,76.08329549253114
men,10,pct_remaining,54,1 Functional,s4,76.79628135397553,76.86149586928686,74.05101930797234,79.2600395604547,74.83296661209162,78.60951592928006
men,10,pct_remaining,56,1 Functional,s4,78.5228319673881,78.5848346742325,76.64848760139385,80.11181979093821,77.19610671561239,79.72001085477976
men,10,pct_remaining,58,1 Functional,s4,79.23662687869451,79.2716486777019,77.97779302707879,80.31047380871111,78.33891604762017,80.04178047291495
men,10,pct_remaining,60,1 Functional,s4,79.30795452657313,79.32679295109062,78.3998152103052,80.12232180602996,78.65260888260948,79.91322661090044
men,10,pct_remaining,62,1 Functional,s4,78.95521313255321,78.96099999803239,78.18964988023744,79.6685735029906,78.41678422334472,79.47843458719888
men,10,pct_remaining,64,1 Functional,s4,78.30134832834658,78.30530262069382,77.55379902254798,79.01962987874987,77.781499321891,78.81060637925
men,10,pct_remaining,66,1 Functional,s4,77.41110319895732,77.41766718537508,76.61218587552004,78.18814725999569,76.85308004114881,77.94872195249249
men,10,pct_remaining,68,1 Functional,s4,76.31381365925218,76.31818840583536,75.42755103839639,77.1813255108866,75.69982192555229,76.90841552237735
men,10,pct_remaining,70,1 Functional,s4,75.01694206160751,75.02099230689194,74.0220645175058,75.98679832449531,74.32956627392049,75.69114873144504
men,10,pct_remaining,72,1 Functional,s4,73.51394190934086,73.51550444940457,72.38770617492312,74.60565966578618,72.73344073072973,74.27013216116416
men,10,pct_remaining,74,1 Functional,s4,71.78878772496967,71.79773991401004,70.50897781202974,73.00742330293197,70.9128210904543,72.63749225464339
men,10,pct_remaining,76,1 Functional,s4,69.81867004776981,69.8361295979107,68.3770407268496,71.19475660280013,68.82724761219046,70.77957806829257
men,10,pct_remaining,78,1 Functional,s4,67.57584844031734,67.58930239890975,65.93873312896444,69.1350707063837,66.44567233314814,68.67812939177679
men,10,pct_remaining,80,1 Functional,s4,65.02938231516002,65.04347606746606,63.17429753233361,66.78987525906042,63.72829449266404,66.28658441051473
men,10,pct_remaining,82,1 Functional,s4,62.14734377125913,62.160323885596156,60.05276764168983,64.16336025612,60.659557072162464,63.58480807775197
men,10,pct_remaining,84,1 Functional,s4,58.900088711969396,58.90296990565604,56.53736813740891,61.21441851032564,57.211061442366585,60.53436772741115
men,10,pct_remaining,86,1 Functional,s4,55.265139713642704,55.259117837381226,52.58062591859113,57.89329366052286,53.34015404999947,57.129888614949316
men,10,pct_remaining,88,1 Functional,s4,51.2340959866702,51.2246410220245,48.16619608109286,54.19793092537873,49.03638241568552,53.35454356553565
men,10,pct_remaining,90,1 Functional,s4,46.8215602158734,46.818429010403136,43.37221739147021,50.20087083582965,44.34517192432206,49.18986441714607
men,10,pct_remaining,92,1 Functional,s4,42.07517312996149,42.04992011678178,38.258000692560316,45.82806607053433,39.33660957883568,44.74648065124568
men,10,pct_remaining,94,1 Functional,s4,37.0844240680975,37.058520336562,32.9542651274918,41.16050232498325,34.15031283090327,40.01316912324608
men,10,pct_remaining,96,1 Functional,s4,31.98432072493827,31.96970718610595,27.629752694906788,36.349873005117864,28.878016426248482,35.107411701285784
men,10,pct_remaining,98,1 Functional,s4,26.94925100404027,26.90630698905654,22.481745459794737,31.499558656118644,23.75653657613382,30.16093698916053
men,10,pct_remaining,100,1 Functional,s4,22.17382453180858,22.11009604181811,17.754884730154966,26.826064620325166,18.993407254106053,25.401888234811704
men,10,pct_remaining,102,1 Functional,s4,17.84182431241972,17.785195268163882,13.642868117197237,22.364723161356302,14.796287838305977,20.989770951074114
men,10,pct_remaining,104,1 Functional,s4,14.090673428650689,14.024517824723358,10.232434922707908,18.35608184388642,11.25856157886769,17.09138041070195
men,10,pct_remaining,106,1 Functional,s4,10.988165564642424,10.906668069238219,7.477515494035763,15.039539662007083,8.3588623453132591,13.784894468922243
men,10,pct_remaining,108,1 Functional,s4,8.580650170654561,8.466387207706271,5.377205831173564,12.562729215910176,6.186051857264689,11.245492018225207
men,10,pct_remaining,110,1 Functional,s4,7.191103330440525,7.024790956007864,4.176916738768592,11.246494205016326,4.893273459145941,9.811310987616183
men,10,pct_remaining,50,2 Physical only,s4,16.41224723832869,16.348092447936537,13.90705214203239,19.207233967887184,14.554476562421854,18.362684278188134
men,10,pct_remaining,52,2 Physical only,s4,16.844627765135908,16.79146724535972,14.555991188481746,19.36651501729973,15.154360867395495,18.622492157207745
men,10,pct_remaining,54,2 Physical only,s4,16.017994942744412,15.985904700815038,14.425439788330536,17.770055139737853,14.825133749705094,17.27726979682567
men,10,pct_remaining,56,2 Physical only,s4,15.25216050366437,15.225598942994093,14.169583616510709,16.430113216349017,14.446307816163834,16.107891526049187
men,10,pct_remaining,58,2 Physical only,s4,14.818219492062573,14.801406884422718,14.066136051625787,15.64102464318921,14.251971733641845,15.415166007938335
men,10,pct_remaining,60,2 Physical only,s4,14.698076410686873,14.691559297826892,14.0705138289087,15.335315599577982,14.244145138960297,15.155816581976197
men,10,pct_remaining,62,2 Physical only,s4,14.821470653655226,14.819601370878503,14.231990683313166,15.407700500693519,14.400792239351393,15.241011593401868
men,10,pct_remaining,64,2 Physical only,s4,15.12866087054864,15.127031253481624,14.512228529843188,15.741710460983601,14.694358934469193,15.560676231105724
men,10,pct_remaining,66,2 Physical only,s4,15.580717116367461,15.57761124510131,14.925837382429652,16.2531815163974,15.10707268056884,16.056528906839198
men,10,pct_remaining,68,2 Physical only,s4,16.156245764207004,16.154918969210733,15.413410226770281,16.908479991795797,15.623804751499684,16.694922434166664
men,10,pct_remaining,70,2 Physical only,s4,16.84616850642549,16.84522810238576,16.011449019798494,17.696391402356106,16.245222262717864,17.45234603815077
men,10,pct_remaining,72,2 Physical only,s4,17.649469887356187,17.648742314132853,16.712472372685834,18.613383480874788,16.969077231723542,18.336661093898343
men,10,pct_remaining,74,2 Physical only,s4,18.570199228603986,18.568523301984357,17.514779664827724,19.664641207063244,17.799275962599612,19.347279665441057
men,10,pct_remaining,76,2 Physical only,s4,19.615344921194346,19.612462984679226,18.41625530683504,20.861348582085544,18.749346353846626,20.507082151662985
men,10,pct_remaining,78,2 Physical only,s4,20.793113861121796,20.79062381472864,19.4320323424711,22.20908618970439,19.798051256001933,21.81464110760581
men,10,pct_remaining,80,2 Physical only,s4,22.1111975534435,22.109286317717793,20.554804766175174,23.73414713874692,20.965974184309022,23.28823772151919
men,10,pct_remaining,82,2 Physical only,s4,23.574661498569387,23.56709568005843,21.798841183273716,25.474669455701576,22.2543583294829,24.93161920428849
men,10,pct_remaining,84,2 Physical only,s4,25.183143576040777,25.166629074109398,23.112832683952966,27.397221260965146,23.65170200399036,26.760108719531768
men,10,pct_remaining,86,2 Physical only,s4,26.927128478634845,26.90417544707043,24.532879661625074,29.506305571955767,25.154883590964676,28.751202189406662
men,10,pct_remaining,88,2 Physical only,s4,28.783250868527325,28.769244039679247,25.976301890994858,31.805755238402178,26.714895013233292,30.9213893781808
men,10,pct_remaining,90,2 Physical only,s4,30.70896278857047,30.68769135537275,27.422049752235168,34.25497877113494,28.276104867748412,33.211114359330026
men,10,pct_remaining,92,2 Physical only,s4,32.637548891580884,32.60910572725275,28.75263164767124,36.81010074740854,29.753133111424418,35.56946354298892
men,10,pct_remaining,94,2 Physical only,s4,34.4753188914833,34.458507061574835,29.92374385047267,39.371534486457634,31.112545795745305,37.94276654464889
men,10,pct_remaining,96,2 Physical only,s4,36.10349407817819,36.07720807871435,30.698897306518948,41.74787184488701,32.13171885822322,40.15542512090264
men,10,pct_remaining,98,2 Physical only,s4,37.387145231965576,37.31785759801749,30.981538298260297,44.114175988904314,32.68553986593776,42.10864555906121
men,10,pct_remaining,100,2 Physical only,s4,38.19184651625123,38.11321274848176,30.595368232258398,46.14038577062194,32.62503272554053,43.745533617802955
men,10,pct_remaining,102,2 Physical only,s4,38.405594498889954,38.33818856548194,29.256127560113143,47.80972376555944,31.836472827035056,45.13228550347529
men,10,pct_remaining,104,2 Physical only,s4,37.960859430273565,37.90272291614045,26.993716242272768,49.06206714388897,30.120868338601554,45.91884202410276
men,10,pct_remaining,106,2 Physical only,s4,36.856416072805985,36.804879144546405,23.798502673930024,49.9847618145956,27.59858607216585,46.15756464690458
men,10,pct_remaining,108,2 Physical only,s4,35.23514357047266,35.24379063529727,20.220235821061564,50.608705989534684,24.54513966582761,46.08020412586562
men,10,pct_remaining,110,2 Physical only,s4,33.79964744346831,33.74488155563976,17.403150335007453,50.827635073841215,22.01168360054766,45.848252795708426
men,10,pct_remaining,50,3 Cognitive only,s4,3.2661365222605947,3.173661067875069,2.3094002137405294,4.79688661729209,2.474562641323055,4.225657485243243
men,10,pct_remaining,52,3 Cognitive only,s4,3.125251100160024,3.0551366068675274,2.3476158097885262,4.321195574172386,2.5059032798450076,3.8874409074897294
men,10,pct_remaining,54,3 Cognitive only,s4,2.671987821491205,2.6410215932981913,2.2494015292948415,3.2599177002183954,2.3451091557350785,3.063735050437746
men,10,pct_remaining,56,3 Cognitive only,s4,2.5082137201143286,2.4946526423921775,2.2353064880831033,2.8482573253452275,2.303134153833662,2.73748294664422
men,10,pct_remaining,58,3 Cognitive only,s4,2.5114604527471824,2.5064230172374486,2.2787723929184445,2.7751284260515856,2.3425452054633147,2.6939914162617016
men,10,pct_remaining,60,3 Cognitive only,s4,2.599352140855044,2.5950384729532985,2.364896367221083,2.857190612232091,2.432360602814706,2.779758004969596
men,10,pct_remaining,62,3 Cognitive only,s4,2.7352455919735603,2.729743370143402,2.4842429113482325,3.0116776154803593,2.5524208190196895,2.9273839373452732
men,10,pct_remaining,64,3 Cognitive only,s4,2.904277821974949,2.8981699241526275,2.6289231983754004,3.2085472290255104,2.7014777004150714,3.115564743774068
men,10,pct_remaining,66,3 Cognitive only,s4,3.1012057171670753,3.0940951727785677,2.79390982899833,3.441525884940965,2.8765115095282945,3.335018358846326
men,10,pct_remaining,68,3 Cognitive only,s4,3.325184760595033,3.3196346023257273,2.9826729411180986,3.7082746681260375,3.0709331738649395,3.5860434191486683
men,10,pct_remaining,70,3 Cognitive only,s4,3.5775449796041587,3.569499696284416,3.1923043817471113,4.010252505746251,3.2914716124865504,3.8720225253275795
men,10,pct_remaining,72,3 Cognitive only,s4,3.8608048047375285,3.8524290019685825,3.4212372224288257,4.347564291802126,3.5349333091028945,4.195852976160083
men,10,pct_remaining,74,3 Cognitive only,s4,4.1781883357501926,4.166475919570972,3.674067933154157,4.733209922886138,3.805948792371283,4.563459785206147
men,10,pct_remaining,76,3 Cognitive only,s4,4.53332600649678,4.521070565412044,3.954001623258274,5.170021336374447,4.1063984637102395,4.978371211093411
men,10,pct_remaining,78,3 Cognitive only,s4,4.9299806578240775,4.91668012784094,4.27578392276237,5.668357085193323,4.437932269375737,5.44699329686732
men,10,pct_remaining,80,3 Cognitive only,s4,5.371702529419745,5.35605004909499,4.608729556854123,6.2363277609678764,4.8019256909548025,5.97635831362574
men,10,pct_remaining,82,3 Cognitive only,s4,5.861340691895725,5.843234250419753,4.968783929000503,6.877638397114364,5.1947788679815945,6.567945140153892
men,10,pct_remaining,84,3 Cognitive only,s4,6.400356887984711,6.3785287371658494,5.348740293704683,7.602142971521743,5.613187545405423,7.228129091300829
men,10,pct_remaining,86,3 Cognitive only,s4,6.987926169009283,6.955654744207658,5.751469922242788,8.432580935353931,6.057156709734417,7.980300760398647
men,10,pct_remaining,88,3 Cognitive only,s4,7.619895796118411,7.584953739555006,6.146606477318737,9.347180574901968,6.5183474814876865,8.814085205018793
men,10,pct_remaining,90,3 Cognitive only,s4,8.28783873337711,8.241938460796284,6.53848172302722,10.38328578075114,6.970806979669724,9.719621963340384
men,10,pct_remaining,92,3 Cognitive only,s4,8.97868887532209,8.916980720376767,6.8906540461213135,11.542391604116055,7.398533735498019,10.705725834547232
men,10,pct_remaining,94,3 Cognitive only,s4,9.675723961191023,9.575483760379464,7.183850721775747,12.83499076230074,7.781186602367728,11.783085691696842
men,10,pct_remaining,96,3 Cognitive only,s4,10.36179302866515,10.219652807316807,7.350170896027235,14.274826300053057,8.100258649510518,12.94193855645567
men,10,pct_remaining,98,3 Cognitive only,s4,11.025377982413508,10.80859335486024,7.407514292981923,15.89860299310753,8.297134539217069,14.20749209568528
men,10,pct_remaining,100,3 Cognitive only,s4,11.669060496845947,11.351156615358846,7.357711627339923,17.803856230668327,8.378856153582655,15.624303364534631
men,10,pct_remaining,102,3 Cognitive only,s4,12.318174334408303,11.830729417581887,7.165741335641498,20.324267882305147,8.311711283653175,17.281998808902046
men,10,pct_remaining,104,3 Cognitive only,s4,13.024805307337228,12.279650155600692,6.85305664540309,23.405706931014542,8.099878891042344,19.49311877463869
men,10,pct_remaining,106,3 Cognitive only,s4,13.856192343811514,12.750238093530463,6.44117000363872,27.60153009308607,7.815145066122028,22.19751237585762
men,10,pct_remaining,108,3 Cognitive only,s4,14.82581745452255,13.273940208437217,5.962752279749406,32.753182575974684,7.488641952362043,25.426759155516073
men,10,pct_remaining,110,3 Cognitive only,s4,15.639840032744578,13.694393857382089,5.583393183791042,37.01216072818321,7.2454566862973,28.066486691993624
men,10,pct_remaining,50,4 Both,s4,12.12385627380373,11.966759310546681,9.48933252644142,15.593716461727011,10.086414629025235,14.437046448976098
men,10,pct_remaining,52,4 Both,s4,6.544926726815758,6.39489922935006,4.590187986584967,9.293924437384558,5.00012766112089,8.40932353128484
men,10,pct_remaining,54,4 Both,s4,4.513735881788853,4.39737244599192,3.38663518514385,6.257538902863812,3.599653058816578,5.666121466476792
men,10,pct_remaining,56,4 Both,s4,3.7167938088332027,3.643626978975984,3.0511884096219513,4.788654301675733,3.172692824538896,4.402862106879199
men,10,pct_remaining,58,4 Both,s4,3.4336931764957312,3.3946345733578034,2.9872300980746043,4.093243100052237,3.082684187283894,3.849393229433912
men,10,pct_remaining,60,4 Both,s4,3.3946169218849587,3.3794418790887937,3.038420087833815,3.840192974681517,3.126416755200527,3.6901647398987243
men,10,pct_remaining,62,4 Both,s4,3.4880706218180046,3.4812045429645986,3.155588115946363,3.8534617197123286,3.2470001904779937,3.746667819623949
men,10,pct_remaining,64,4 Both,s4,3.6657129791298315,3.65877403290988,3.319204468654431,4.04072408687455,3.422529381528673,3.9228362198047693
men,10,pct_remaining,66,4 Both,s4,3.906973967508142,3.9001375318423293,3.533171622860695,4.318589177083488,3.6408807105294385,4.185020493431292
men,10,pct_remaining,68,4 Both,s4,4.204755815945795,4.198004319422813,3.7879177592397952,4.668413471281112,3.904920421884524,4.51832311858917
men,10,pct_remaining,70,4 Both,s4,4.559344452362837,4.551606595748558,4.0905133971508,5.087410960657217,4.2190062994627935,4.914413263289814
men,10,pct_remaining,72,4 Both,s4,4.975783398565428,4.965934421903955,4.43814273725495,5.575980394782571,4.588362112756918,5.382320525379476
men,10,pct_remaining,74,4 Both,s4,5.462824710676162,5.45186847299962,4.846467910444775,6.158598618484813,5.01814865894749,5.930771121565726
men,10,pct_remaining,76,4 Both,s4,6.032659024539064,6.020960775058924,5.3182081447146095,6.84250860532135,5.510899496958981,6.57610299473368
men,10,pct_remaining,78,4 Both,s4,6.701057040736787,6.682765526891213,5.872682818295587,7.644754483537655,6.092383328481724,7.334856640980538
men,10,pct_remaining,80,4 Both,s4,7.48771760197674,7.464917798236245,6.525487677431816,8.59915886065931,6.779755174526202,8.237947446762455
men,10,pct_remaining,82,4 Both,s4,8.41665403827576,8.388202361078491,7.284414148091825,9.740430969202546,7.575167443482453,9.311040210406
men,10,pct_remaining,84,4 Both,s4,9.516410824005115,9.476987159716895,8.159634604854743,11.091459191782572,8.49492730505419,10.592470431733595
men,10,pct_remaining,86,4 Both,s4,10.81980563871317,10.770245947196313,9.1723779769621,12.705525106301053,9.585671499936172,12.12788914085439
men,10,pct_remaining,88,4 Both,s4,12.362757348684067,12.305330574409641,10.349758043761343,14.65070638893932,10.856493060534604,13.952508661097653
men,10,pct_remaining,90,4 Both,s4,14.181638262179018,14.111878135390151,11.728292091915629,16.977651720380713,12.339658525022333,16.1356142402211
men,10,pct_remaining,92,4 Both,s4,16.308589103135528,16.225914536059644,13.298011810246,19.72341333265799,14.085768855393733,18.692093194295577
men,10,pct_remaining,94,4 Both,s4,18.764533079228183,18.674169526405944,15.111668533951427,23.030394633577394,16.037447319499996,21.706488680519378
men,10,pct_remaining,96,4 Both,s4,21.55039216821839,21.46244068913277,17.025526280619623,26.732846739130522,18.206759803902806,25.15066147346295
men,10,pct_remaining,98,4 Both,s4,24.638225781580648,24.524493238010663,19.150016576282553,30.949731243396947,20.541118930655063,29.016513634091226
men,10,pct_remaining,100,4 Both,s4,27.965268455094243,27.817834509938617,21.313309413703283,35.5114754832401,22.977943098140457,33.2260309284761
men,10,pct_remaining,102,4 Both,s4,31.43440685428202,31.27333522122651,23.49637086067861,40.38851346083626,25.448558052324394,37.70874152509145
men,10,pct_remaining,104,4 Both,s4,34.923661833738514,34.783275383896026,25.373966978850564,45.33841123323072,27.845856667499874,42.29327537056718
men,10,pct_remaining,106,4 Both,s4,38.29922601874007,38.165929084458085,26.923001989154212,50.366273880156534,29.92948206412067,46.873523166168944
men,10,pct_remaining,108,4 Both,s4,41.358388804350234,41.32195345618666,27.676567647926834,55.2294092773646,31.601999084762383,51.251825365912225
men,10,pct_remaining,110,4 Both,s4,43.36940919334659,43.30336115247478,28.150313425620812,58.624899398973504,32.42770241172306,54.35997686514785
