sex,prior_sd,quantity,age,state,radix,mean,median,lo95,hi95,lo84,hi84
women,5,expectancy,50,1 Functional,population,24.74182987034432,24.743468341607283,24.47298003350479,25.004481074460355,24.55000725663504,24.93249236651769
women,5,expectancy,52,1 Functional,population,23.317820176833848,23.318742268069506,23.070598906778944,23.55959282781592,23.140352807423366,23.4934471594451
women,5,expectancy,54,1 Functional,population,21.89598854048772,21.895677835875553,21.66608866188355,22.12191092282777,21.731775558728856,22.06032367262248
women,5,expectancy,56,1 Functional,population,20.471862532836422,20.471145883395558,20.254046260166792,20.68805557517694,20.31657724825522,20.62932605065169
women,5,expectancy,58,1 Functional,population,19.04680480675737,19.04585839276958,18.836048325117098,19.257666903281084,18.89547577984718,19.20034984806902
women,5,expectancy,60,1 Functional,population,17.62516635211326,17.62494816235733,17.41725471627008,17.836582053735174,17.47360832038957,17.777718603226056
women,5,expectancy,62,1 Functional,population,16.212802373497247,16.212807895586295,16.002051098262044,16.42663643189241,16.06024790759822,16.366859493379817
women,5,expectancy,64,1 Functional,population,14.816371740316281,14.816754378384868,14.603157079590412,15.034532992138066,14.661545705715916,14.971404485938743
women,5,expectancy,66,1 Functional,population,13.443037649706975,13.44362647598892,13.227287190039112,13.664996633549345,13.286299740482926,13.601031862501355
women,5,expectancy,68,1 Functional,population,12.1003555320073,12.100659032235932,11.883266394253544,12.323832281345226,11.941580373551934,12.259776195507216
women,5,expectancy,70,1 Functional,population,10.796230068594538,10.796429113589035,10.579733230850579,11.019518283550719,10.637397398122143,10.956240323192493
women,5,expectancy,72,1 Functional,population,9.538873751683074,9.539028390826468,9.322780537142474,9.763068660187482,9.38089381684461,9.698177549521938
women,5,expectancy,74,1 Functional,population,8.336725486533357,8.336370212844468,8.123286567651274,8.559007677731143,8.181033955064674,8.494038992400682
women,5,expectancy,76,1 Functional,population,7.198301971030473,7.197696167665691,6.989021581039025,7.41602074060521,7.045175908571714,7.352449698040956
women,5,expectancy,78,1 Functional,population,6.131964654785781,6.131008818508354,5.928868972086959,6.342600396230909,5.982999889615711,6.28130602852177
women,5,expectancy,80,1 Functional,population,5.1455957362910905,5.145072006050988,4.949859210381769,5.3479574550220885,5.001694084841758,5.289908623612463
women,5,expectancy,82,1 Functional,population,4.246190592818285,4.2453670296936235,4.058192046967994,4.439916951633481,4.108524822551059,4.384152335984593
women,5,expectancy,84,1 Functional,population,3.4393917973766035,3.4384079392592013,3.2618651497483047,3.6226189504469892,3.3103632424200757,3.5697337698095275
women,5,expectancy,86,1 Functional,population,2.7290092928873246,2.7280246210814747,2.5645176149992404,2.9003705073195714,2.6086644624173974,2.8508983382117825
women,5,expectancy,88,1 Functional,population,2.1165872485655566,2.1155941623331684,1.9661476074456505,2.275329019449526,2.006346500002659,2.2289210166784605
women,5,expectancy,90,1 Functional,population,1.601083841293518,1.5997566645737666,1.4665028326540615,1.7440413956720688,1.5024657906898564,1.7023466501387634
women,5,expectancy,92,1 Functional,population,1.1787210527168324,1.177275930124715,1.060291706833888,1.3055357150756937,1.0924378704957767,1.2679884022184336
women,5,expectancy,94,1 Functional,population,0.843040472740109,0.8415454992633139,0.7408301552251612,0.9539519653692834,0.7689190373733549,0.9196035221919595
women,5,expectancy,96,1 Functional,population,0.5851806508607286,0.5836533257948584,0.5000954039289529,0.6781151034799406,0.5234358603243662,0.6496974965019283
women,5,expectancy,98,1 Functional,population,0.3943848408117316,0.39290716086504296,0.32582902109390366,0.47063022341753646,0.3441993959700039,0.4470685514064803
women,5,expectancy,100,1 Functional,population,0.2587477682251719,0.25743903466808626,0.20483728798103915,0.3193959206802232,0.21926464111609412,0.3011239993632679
women,5,expectancy,102,1 Functional,population,0.16618131499722402,0.16492122302891085,0.12457698430729178,0.21373184175970897,0.13557872783618127,0.19932261993004774
women,5,expectancy,104,1 Functional,population,0.10550711933747126,0.10440638010644451,0.07345263761161312,0.14328257238357223,0.08193999792230454,0.13130832708562326
women,5,expectancy,106,1 Functional,population,0.06758441936615883,0.0664781873830046,0.04283176393481443,0.09819673092431676,0.04908528055309386,0.08822748438776527
women,5,expectancy,108,1 Functional,population,0.046921270994634875,0.0456146896291635,0.02621469163342633,0.07464908259321129,0.031133953004843715,0.06490382708937101
women,5,expectancy,110,1 Functional,population,0.04740397940384151,0.045594712702165995,0.023019520680724524,0.08126093852738796,0.028504930467763027,0.06942028375285042
women,5,expectancy,50,2 Physical only,population,4.917176897155176,4.916589906230742,4.787074079925313,5.0497783770563185,4.822535899744582,5.0133034781299095
women,5,expectancy,52,2 Physical only,population,4.7189452833296475,4.718313907134185,4.590681385633027,4.849098207201099,4.626328045306593,4.813559135312834
women,5,expectancy,54,2 Physical only,population,4.52117768371701,4.520460206466118,4.396018331834445,4.649395172249488,4.430339293972048,4.6131322658666525
women,5,expectancy,56,2 Physical only,population,4.328873863188032,4.328454281262212,4.204120328995505,4.4575081160067285,4.238769030684002,4.419919123623594
women,5,expectancy,58,2 Physical only,population,4.143301485198613,4.143024386829906,4.017104959093333,4.272627234408776,4.0525120443770275,4.235194360433683
women,5,expectancy,60,2 Physical only,population,3.964105490017678,3.963705428111031,3.8351006316495178,4.096628996862489,3.8719072025868684,4.058476917937576
women,5,expectancy,62,2 Physical only,population,3.7902473267748493,3.78950519938199,3.6581531125658553,3.9266493093106916,3.695854507264541,3.8869022905371406
women,5,expectancy,64,2 Physical only,population,3.6204631902591875,3.6199482718713636,3.4843407852810886,3.761141070340867,3.523421892202751,3.7199595756281734
women,5,expectancy,66,2 Physical only,population,3.4534865347589574,3.452715400260115,3.3136208801162756,3.5977441551188645,3.3539205415337308,3.55531564966912
women,5,expectancy,68,2 Physical only,population,3.2881542101171353,3.2873426729899426,3.146035573518749,3.436002771470494,3.1866141053458747,3.3925992103771128
women,5,expectancy,70,2 Physical only,population,3.1234580858450585,3.1225019316337947,2.9788947361741904,3.274090689458263,3.019330753312583,3.2309048805126985
women,5,expectancy,72,2 Physical only,population,2.9585738737994465,2.9574249478498436,2.8116693357859646,3.1119414974531487,2.8525291058354942,3.0674408531886286
women,5,expectancy,74,2 Physical only,population,2.7928825102441808,2.7917032667748485,2.6439905863194935,2.9481255734866556,2.6852396470270747,2.903189410207677
women,5,expectancy,76,2 Physical only,population,2.625990331950439,2.6246259310579783,2.475588900112992,2.783638009385664,2.517571265094234,2.7370609625407494
women,5,expectancy,78,2 Physical only,population,2.457748842312667,2.4560592831625043,2.3071083792420932,2.6176868230278103,2.3491146084231818,2.5703513054722347
women,5,expectancy,80,2 Physical only,population,2.2882713214943813,2.286579787121478,2.1373332988207876,2.449422393579746,2.17880154407322,2.4016739231280666
women,5,expectancy,82,2 Physical only,population,2.1179412675244382,2.116053663471461,1.9666463120297004,2.27993445331171,2.007912406271554,2.2315255135445846
women,5,expectancy,84,2 Physical only,population,1.9474069329449935,1.9456686733105437,1.7949782618072014,2.1098649735011814,1.8380733992760554,2.06130592039891
women,5,expectancy,86,2 Physical only,population,1.777557942206534,1.7757782180489783,1.6253535760322422,1.9398592741560186,1.668196022175106,1.8919328897531147
women,5,expectancy,88,2 Physical only,population,1.609485057962181,1.6075407889927538,1.4581720381115253,1.771289358531178,1.4998834019078091,1.7243045965919865
women,5,expectancy,90,2 Physical only,population,1.4444322341669922,1.4426228710025675,1.2934285498069626,1.607079382089412,1.33577259713769,1.5589410653230011
women,5,expectancy,92,2 Physical only,population,1.2837575525482523,1.2816067080645455,1.1346296752544272,1.4459886968095619,1.1753706710190182,1.3980128125676954
women,5,expectancy,94,2 Physical only,population,1.1289188053272678,1.1264714489000043,0.9814935827108227,1.2913971394538968,1.0212137381795223,1.2439194175694368
women,5,expectancy,96,2 Physical only,population,0.9814830108648699,0.9784883452815727,0.8345488929217689,1.1447219289105601,0.8738586065586006,1.0963419598747606
women,5,expectancy,98,2 Physical only,population,0.8431334119909736,0.8402146756486948,0.6969491664832258,1.0082026119988639,0.7350920883904147,0.9586702913228188
women,5,expectancy,100,2 Physical only,population,0.715647825835829,0.7120697530616884,0.5695346154774708,0.8838780848244416,0.6070973087086994,0.8318487173569953
women,5,expectancy,102,2 Physical only,population,0.6009126912525069,0.5965069642426586,0.45592465927740494,0.7715536129389343,0.4919591277797239,0.7186791041472477
women,5,expectancy,104,2 Physical only,population,0.5013387120042575,0.49601620012935876,0.3566671711726621,0.6730468113100796,0.39224083664311005,0.6213148121491712
women,5,expectancy,106,2 Physical only,population,0.42211236528722695,0.4161415540385803,0.27671166778354045,0.6005243515103417,0.31097322661059507,0.5455989506297361
women,5,expectancy,108,2 Physical only,population,0.38176431007466605,0.3736506321668882,0.22678424560941257,0.5811760299363369,0.2626991354891011,0.5169986939783695
women,5,expectancy,110,2 Physical only,population,0.4655818824818028,0.4548934470556196,0.2519042838434849,0.7438373217576763,0.29932311678849605,0.6532844549171478
women,5,expectancy,50,3 Cognitive only,population,0.7060617621170272,0.7055726519351811,0.6558272132756037,0.7599497714854111,0.6692080835665398,0.7443744178304476
women,5,expectancy,52,3 Cognitive only,population,0.7047857594586482,0.7043794120402664,0.653710991282948,0.7595736865752588,0.6673670569516315,0.7437392058631656
women,5,expectancy,54,3 Cognitive only,population,0.7027385434169627,0.7021280997144895,0.6507842688502498,0.7586603613794728,0.6646058742633048,0.7425093381026286
women,5,expectancy,56,3 Cognitive only,population,0.70006881577297,0.6994985629710315,0.6470916431490856,0.757152290171446,0.6610607086882638,0.7406690479203899
women,5,expectancy,58,3 Cognitive only,population,0.6967160074727148,0.6961581769282736,0.642494895771651,0.7550497199054428,0.6568213903154777,0.7382075215407342
women,5,expectancy,60,3 Cognitive only,population,0.6925974672397852,0.6920908821844902,0.6367373088828839,0.7522348110934532,0.6519359355936203,0.7349936407051887
women,5,expectancy,62,3 Cognitive only,population,0.6876192784198201,0.6870434377693992,0.6303102527707494,0.7487359537498717,0.6459058141462081,0.7309722898572182
women,5,expectancy,64,3 Cognitive only,population,0.6816736658730241,0.6810255318075327,0.6229130920102628,0.7443418186386327,0.6389142981306718,0.7260474874330229
women,5,expectancy,66,3 Cognitive only,population,0.6746373797731416,0.6738101680649031,0.6143178925943353,0.7389674621231871,0.6308585263843346,0.7200590671415494
women,5,expectancy,68,3 Cognitive only,population,0.6663717801404062,0.665454926378919,0.6047203877524782,0.7323835740701036,0.621599560448263,0.7127704465401826
women,5,expectancy,70,3 Cognitive only,population,0.6567242635068488,0.655661144106205,0.5934583446983659,0.7243908053240306,0.6109074605638725,0.7042034119781774
women,5,expectancy,72,3 Cognitive only,population,0.6455307394416822,0.6445201256189841,0.5808415969350545,0.7146771935661749,0.5986601803831803,0.6942497199564358
women,5,expectancy,74,3 Cognitive only,population,0.6326188981691012,0.6315658228961438,0.5665936914643153,0.7031257604592064,0.5846871886019579,0.6826788987076085
women,5,expectancy,76,3 Cognitive only,population,0.6178119331766708,0.6168974362649234,0.5498878708248897,0.6899610520749303,0.5688509746265835,0.669283293520033
women,5,expectancy,78,3 Cognitive only,population,0.600932257590865,0.5998701821950962,0.5318909569896795,0.6744515496062539,0.5508258615748006,0.6534592882824876
women,5,expectancy,80,3 Cognitive only,population,0.5818047035749714,0.5806867923518115,0.511822717365798,0.6563016711352239,0.530686944716982,0.6351951247591119
women,5,expectancy,82,3 Cognitive only,population,0.5602589358158003,0.5591452502835504,0.4890451326859199,0.6363844064418674,0.5085063694715836,0.6147326819546289
women,5,expectancy,84,3 Cognitive only,population,0.5361316832035815,0.5349932599750826,0.46391014773058287,0.6134764705881584,0.48364948585744416,0.5912460162346234
women,5,expectancy,86,3 Cognitive only,population,0.5092713146790586,0.5080233010759574,0.4362921750405494,0.5876921914816262,0.45622556903192035,0.5651495585351154
women,5,expectancy,88,3 Cognitive only,population,0.4795504811684984,0.47823825946583776,0.406789796052649,0.5591995796166668,0.4262197035385706,0.5361997169951597
women,5,expectancy,90,3 Cognitive only,population,0.44689635054058396,0.44552562222251163,0.37349097092244765,0.5276726390904988,0.39335216723828703,0.5037968313836964
women,5,expectancy,92,3 Cognitive only,population,0.41134967116396204,0.4097954736525552,0.3384682332954686,0.4924917935326376,0.3579914168394372,0.4683379960828302
women,5,expectancy,94,3 Cognitive only,population,0.37315804625552257,0.37136711716578674,0.3013383532849035,0.4550485366661419,0.32041443136582526,0.4295802909414242
women,5,expectancy,96,3 Cognitive only,population,0.33288959250077194,0.33092296365519047,0.26331680464138846,0.41462781059858994,0.2811107609497558,0.38882919284314177
women,5,expectancy,98,3 Cognitive only,population,0.29152329902213725,0.28924842396474726,0.22388740504090515,0.3720874699392993,0.24079399084353623,0.3474487552713622
women,5,expectancy,100,3 Cognitive only,population,0.2504549644607505,0.2477931518769575,0.18495910332622376,0.3308170072937129,0.2008722054958072,0.30585157858002887
women,5,expectancy,102,3 Cognitive only,population,0.21139633115662218,0.2084451014356417,0.14812636974989984,0.29230504415975234,0.16319881864150498,0.26594052974537535
women,5,expectancy,104,3 Cognitive only,population,0.17629794963118278,0.17273367630403885,0.1154522405008042,0.2581921162231004,0.12943023366413917,0.23028068491045994
women,5,expectancy,106,3 Cognitive only,population,0.14787169192554112,0.14368680627825983,0.08806567293811818,0.23246675977211118,0.1016024226839752,0.20254895880014387
women,5,expectancy,108,3 Cognitive only,population,0.13309381306962706,0.12764091000620145,0.07051884500002421,0.2268620697262465,0.08415426318460653,0.19284237743427418
women,5,expectancy,110,3 Cognitive only,population,0.1618405758137117,0.1533351452901239,0.07597800741507316,0.29542861763158335,0.0937709188805001,0.24722402552003991
women,5,expectancy,50,4 Both,population,1.1025089669146237,1.1011325958805995,1.0178130882242045,1.1951757829132996,1.0400784813070598,1.1674258736186462
women,5,expectancy,52,4 Both,population,1.1045412880052798,1.103214719643418,1.018609891547262,1.1989283698448825,1.0412615349175993,1.1702545348929247
women,5,expectancy,54,4 Both,population,1.1067680583507673,1.1054649454086385,1.0191901620064197,1.2028232984628975,1.0424395526667647,1.1737192924821624
women,5,expectancy,56,4 Both,population,1.1088506627486938,1.1075741206852254,1.0192550794533122,1.2067885874097197,1.0432015280317748,1.1771610560420547
women,5,expectancy,58,4 Both,population,1.1108110895653538,1.109467293077998,1.019381707494762,1.2107406097269096,1.0438070546687142,1.1807588982460309
women,5,expectancy,60,4 Both,population,1.1126638841838352,1.1114666265741524,1.0192716775344945,1.2148902544272775,1.0441363572054878,1.1837488857235736
women,5,expectancy,62,4 Both,population,1.1143934715947859,1.1131234285268206,1.0187470960553477,1.2186508402487806,1.0444369601942065,1.187212302842847
women,5,expectancy,64,4 Both,population,1.115960524161311,1.1145289786361552,1.0177342389981807,1.2226824881474185,1.0445448340565133,1.190676281475608
women,5,expectancy,66,4 Both,population,1.1173086673365746,1.1158437391491691,1.016916141206515,1.2267920862571233,1.0438236478151715,1.1941770710266189
women,5,expectancy,68,4 Both,population,1.1183703897971982,1.1169083626838958,1.0152081800791002,1.2314311360236585,1.0429616059305764,1.1974253233012422
women,5,expectancy,70,4 Both,population,1.119073618780716,1.1174755338036413,1.013027764418024,1.235765026874359,1.0415349737254658,1.2003312368895982
women,5,expectancy,72,4 Both,population,1.1193503262589515,1.1175608739888727,1.00985893090137,1.2395746048546392,1.0395522169497495,1.2028266741168967
women,5,expectancy,74,4 Both,population,1.119148114533706,1.1173319853831283,1.0062232552447803,1.2432956875987655,1.0369025151715932,1.2051847830368523
women,5,expectancy,76,4 Both,population,1.1184451299989178,1.11653211595026,1.0018662529820057,1.246947593003633,1.033501764035656,1.2072975985442638
women,5,expectancy,78,4 Both,population,1.1172677449919783,1.1152196226028377,0.9964651615255912,1.2504694554960507,1.0297436976245153,1.2092468735264252
women,5,expectancy,80,4 Both,population,1.1157091097439473,1.1136096286239845,0.9906596600525349,1.2538879437341157,1.0248732841696222,1.211259787513846
women,5,expectancy,82,4 Both,population,1.1139448927259799,1.1115425950714641,0.9837566118678039,1.2582322536449926,1.0194502950334678,1.213122402129375
women,5,expectancy,84,4 Both,population,1.112240516606458,1.109292195109088,0.9766433654506421,1.2622379480496626,1.0130433020118232,1.2158104096525941
women,5,expectancy,86,4 Both,population,1.1109426173141883,1.1078281791905265,0.9689634001504651,1.2684866668725392,1.0070818258948258,1.2198616597479421
women,5,expectancy,88,4 Both,population,1.1104476403696564,1.1069773700329533,0.9628681782242346,1.277305851726669,1.001319013276328,1.2252798739299324
women,5,expectancy,90,4 Both,population,1.111144484943024,1.107184754982355,0.9549002458023315,1.2886797964506749,0.9955557523005757,1.2328093846372443
women,5,expectancy,92,4 Both,population,1.1133378943587071,1.1086834326447184,0.9487888688831654,1.3010140358418183,0.9906387363344915,1.2435639012517836
women,5,expectancy,94,4 Both,population,1.1171745202717973,1.111943427256067,0.9421475407217526,1.3191416934922928,0.9865688074487612,1.2561299351073762
women,5,expectancy,96,4 Both,population,1.1226090652852323,1.1168399645863518,0.936780145734822,1.3402860061421626,0.9843614293408502,1.2712616921849147
women,5,expectancy,98,4 Both,population,1.129459047369115,1.1223089641334394,0.932185270043495,1.3634155218931763,0.9817878262857707,1.2896945110426346
women,5,expectancy,100,4 Both,population,1.137631538583907,1.1293447184970287,0.9278064571026802,1.390244221430302,0.9802074991004486,1.3102453124007902
women,5,expectancy,102,4 Both,population,1.147813928495294,1.1385273306235977,0.9244072335200791,1.4199712787163352,0.9795434220684635,1.3341337217777853
women,5,expectancy,104,4 Both,population,1.1638608220067135,1.153241153669427,0.9257502428217219,1.4586475108652253,0.9842129668553307,1.3652166969225057
women,5,expectancy,106,4 Both,population,1.2021465717621551,1.189324273002091,0.9444978855986992,1.5262227482332067,1.0065336962841474,1.4233421170983989
women,5,expectancy,108,4 Both,population,1.3324337575926848,1.3163455158130815,1.037137678068107,1.7062519175134667,1.108835549040652,1.5853544197174236
women,5,expectancy,110,4 Both,population,1.8798827463337167,1.8694375824411995,1.4984489572468196,2.3027569132302257,1.6009259994910552,2.176020205401534
women,5,expectancy,50,1 Functional,s1,25.386893036851415,25.388088467891833,25.13336018670852,25.635730682195753,25.207313139045482,25.567217497144302
women,5,expectancy,52,1 Functional,s1,23.647144641003724,23.647430238819602,23.408749471430916,23.88176871180457,23.477182420805036,23.81735339527252
women,5,expectancy,54,1 Functional,s1,22.065044494533595,22.064478397078346,21.839809309801137,22.2870709268348,21.904126627892527,22.226199316273348
women,5,expectancy,56,1 Functional,s1,20.559126756451263,20.558129815021736,20.344231775608204,20.772229308485105,20.405033994012854,20.714817085278707
women,5,expectancy,58,1 Functional,s1,19.092139624350413,19.091342201665086,18.88224550448849,19.302181337710238,18.94198787070441,19.24535504638522
women,5,expectancy,60,1 Functional,s1,17.64889489678933,17.64850019904352,17.440919440759494,17.859616947041378,17.49830659010195,17.80089033916757
women,5,expectancy,62,1 Functional,s1,16.22532436927655,16.225300200049126,16.014826763548065,16.43894755142575,16.072674246973943,16.379407680208253
women,5,expectancy,64,1 Functional,s1,14.8230350752075,14.823327754118473,14.60985513982828,15.041471821333042,14.668594768153545,14.97820823595523
women,5,expectancy,66,1 Functional,s1,13.446610604335538,13.447198333013782,13.230711592967369,13.668486540236868,13.289801051791923,13.60465866036723
women,5,expectancy,68,1 Functional,s1,12.102283054216786,12.102552830190886,11.885327861789955,12.325825024741741,11.943387997405095,12.261640018595026
women,5,expectancy,70,1 Functional,s1,10.797273721927478,10.797426654191735,10.580781463595338,11.020596805126791,10.638546590441997,10.957325982563619
women,5,expectancy,72,1 Functional,s1,9.539439121892181,9.539600452578739,9.323258572846033,9.763726478279219,9.381470921217268,9.698756643415564
women,5,expectancy,74,1 Functional,s1,8.337030790413957,8.336680164467534,8.123599193842736,8.559322701473606,8.181360399639328,8.494379027258292
women,5,expectancy,76,1 Functional,s1,7.198465660190457,7.197863183429,6.98918228580401,7.416205749189378,7.045346261959075,7.352642461586117
women,5,expectancy,78,1 Functional,s1,6.132051434288813,6.131094627904875,5.928939063592686,6.342722498144458,5.98308011385768,6.281409516828179
women,5,expectancy,80,1 Functional,s1,5.145641045446293,5.14511103709159,4.94989951284466,5.348018903549811,5.001721589627569,5.289944011718121
women,5,expectancy,82,1 Functional,s1,4.246213804136972,4.245389914072531,4.058213765039429,4.4399338435189195,4.108545267470457,4.384173355925335
women,5,expectancy,84,1 Functional,s1,3.4394034252129932,3.438419667271708,3.261874539831201,3.622629573402277,3.3103743534985592,3.569746354549631
women,5,expectancy,86,1 Functional,s1,2.7290149726030477,2.7280299797335656,2.5645232319133475,2.900375071271294,2.608671633977786,2.850904596988486
women,5,expectancy,88,1 Functional,s1,2.1165899471955663,2.1155968455357055,1.9661496066680364,2.2753320904159926,2.00634856206419,2.228924805887945
women,5,expectancy,90,1 Functional,s1,1.601085086143577,1.5997576428505242,1.4665041780411712,1.7440427521324773,1.502466884981997,1.7023478905367502
women,5,expectancy,92,1 Functional,s1,1.1787216093882174,1.1772765109777288,1.0602922043665826,1.3055363650517575,1.09243831055846,1.2679890603137987
women,5,expectancy,94,1 Functional,s1,0.8430407137957695,0.8415457932751311,0.7408304089010291,0.9539522007129082,0.7689192082158813,0.9196039006958066
women,5,expectancy,96,1 Functional,s1,0.5851807518918256,0.583653444303696,0.5000955118457581,0.6781151761253168,0.5234359542012732,0.649697589435705
women,5,expectancy,98,1 Functional,s1,0.39438488182222514,0.3929072065956885,0.3258290409097133,0.4706302635249093,0.3441994481090259,0.44706858446843867
women,5,expectancy,100,1 Functional,s1,0.2587477843939967,0.257439050393652,0.20483730666703606,0.31939592944324385,0.2192646523689959,0.30112401617020845
women,5,expectancy,102,1 Functional,s1,0.16618132122818943,0.1649212285433409,0.12457698841794626,0.21373184530445904,0.13557873375145535,0.19932262537617257
women,5,expectancy,104,1 Functional,s1,0.1055071217097092,0.10440638198031933,0.07345264087706384,0.14328257478960535,0.08193999996983721,0.131308328913338
women,5,expectancy,106,1 Functional,s1,0.06758442027463196,0.06647818800773242,0.042831765293227596,0.09819673179092309,0.049085282767842964,0.08822748628073152
women,5,expectancy,108,1 Functional,s1,0.04692127136770192,0.04561468994347603,0.026214691868478118,0.07464908272519254,0.03113395337393166,0.06490382731670204
women,5,expectancy,110,1 Functional,s1,0.047403979642784505,0.045594712937148424,0.023019520906024857,0.08126093860070466,0.02850493068213803,0.06942028379654347
women,5,expectancy,50,2 Physical only,s1,4.580390585795546,4.579212862208487,4.452581636301688,4.710835586127994,4.4876570840623735,4.674431062710389
women,5,expectancy,52,2 Physical only,s1,4.55035343255101,4.5496154051795745,4.423572661297698,4.679403215835369,4.4588501362043145,4.6436211316273965
women,5,expectancy,54,2 Physical only,s1,4.436802321467005,4.43615170611486,4.311771848180732,4.565463416615234,4.346007248051314,4.528558902214405
women,5,expectancy,56,2 Physical only,s1,4.286786670469147,4.2863830901541995,4.162017052783365,4.4152824588998705,4.196688255581435,4.3779954266287
women,5,expectancy,58,2 Physical only,s1,4.1223822604752005,4.122151944660537,3.995993694917834,4.251769353639698,4.031689389312166,4.2143038633811845
women,5,expectancy,60,2 Physical only,s1,3.9537415925591453,3.953416307600965,3.824438457542212,4.086875582940443,3.861487821756465,4.048184479420515
women,5,expectancy,62,2 Physical only,s1,3.78512887279592,3.7844482266550687,3.6526011128810962,3.921604329318063,3.6907856644693435,3.882254380468324
women,5,expectancy,64,2 Physical only,s1,3.6179440187537786,3.617418408503389,3.48172747381654,3.7585589475247825,3.5209372210618946,3.7174526149707665
women,5,expectancy,66,2 Physical only,s1,3.4522520988882013,3.451479695594469,3.3124620601630292,3.596478476781744,3.3527809250659373,3.554218439826709
women,5,expectancy,68,2 Physical only,s1,3.28755301843049,3.286746783595772,3.1454754537170317,3.4354029362241008,3.1859479888435196,3.3920813554255225
women,5,expectancy,70,2 Physical only,s1,3.1231678730531627,3.1222103953706632,2.9785455026711896,3.2738677185453904,3.0190599191392833,3.230605684060722
women,5,expectancy,72,2 Physical only,s1,2.958435548607015,2.9573020601319673,2.811537829559059,3.1118252824407,2.852401171621914,3.06728012141558
women,5,expectancy,74,2 Physical only,s1,2.7928177596605304,2.7916324657137173,2.6439231921212394,2.948079369369848,2.685176499927383,2.9031268245614847
women,5,expectancy,76,2 Physical only,s1,2.6259607858809377,2.6245998557318106,2.4755558800484776,2.7836153963441785,2.5175433612606652,2.737030334635559
women,5,expectancy,78,2 Physical only,s1,2.4577358432439036,2.456047885624226,2.3070958783682975,2.6176791907244468,2.349103646796614,2.5703396500650255
women,5,expectancy,80,2 Physical only,s1,2.2882659039549464,2.286573932105326,2.137329919647151,2.4494176496437627,2.178795321092891,2.4016676970360558
women,5,expectancy,82,2 Physical only,s1,2.1179391988874485,2.1160513157235092,1.9666446963413975,2.2799322432563907,2.0079115339906917,2.231523541959253
women,5,expectancy,84,2 Physical only,s1,1.9474062656379385,1.9456672030739943,1.7949771636860938,2.109864478147927,1.8380724535133643,2.0613049765270266
women,5,expectancy,86,2 Physical only,s1,1.7775578126322327,1.7757787164464562,1.6253533599353465,1.9398589836869433,1.6681959604537857,1.8919326204942697
women,5,expectancy,88,2 Physical only,s1,1.6094851035021944,1.6075406675862198,1.4581720734270884,1.7712891796978256,1.499883404858444,1.7243044368467095
women,5,expectancy,90,2 Physical only,s1,1.4444323151569383,1.4426228726511097,1.293428602667823,1.6070794714280447,1.3357728608998558,1.558941176076518
women,5,expectancy,92,2 Physical only,s1,1.2837576231976986,1.2816068835561727,1.1346298107134447,1.4459886623534617,1.1753707418473003,1.3980129471315832
women,5,expectancy,94,2 Physical only,s1,1.1289188560865429,1.126471490393234,0.9814935805513942,1.291397150554039,1.021213802265521,1.2439194564178728
women,5,expectancy,96,2 Physical only,s1,0.9814830441142312,0.9784884043113629,0.834548939363827,1.144721899855651,0.873858647353174,1.0963420007074787
women,5,expectancy,98,2 Physical only,s1,0.8431334326455183,0.8402147116762338,0.6969491899425089,1.0082026217317794,0.7350921065726059,0.958670302549918
women,5,expectancy,100,2 Physical only,s1,0.7156478382464878,0.7120697496985655,0.5695346178526169,0.8838780827987095,0.6070973295822036,0.8318487201708028
women,5,expectancy,102,2 Physical only,s1,0.6009126985422084,0.5965069682210387,0.45592466778672364,0.7715536127129021,0.4919591447903243,0.7186791121336411
women,5,expectancy,104,2 Physical only,s1,0.5013387162121715,0.49601620104755495,0.3566671756748998,0.6730468129973947,0.39224084588097385,0.621314820570917
women,5,expectancy,106,2 Physical only,s1,0.4221123676932233,0.41614155686888477,0.2767116707024393,0.6005243507739804,0.3109732347926079,0.5455989519958515
women,5,expectancy,108,2 Physical only,s1,0.3817643115075644,0.37365063318263503,0.2267842485945419,0.5811760298746597,0.26269913659461064,0.5169986954569034
women,5,expectancy,110,2 Physical only,s1,0.4655818836413424,0.45489344897416395,0.25190428439001883,0.7438373216839405,0.2993231181300254,0.6532844568259984
women,5,expectancy,50,3 Cognitive only,s1,0.704724650532861,0.7042742735287899,0.6539502803632593,0.7592976896563552,0.6674296784863268,0.7435524522144493
women,5,expectancy,52,3 Cognitive only,s1,0.7058694556972331,0.7053500362018876,0.6545976650566341,0.7609102017230285,0.668187359002867,0.7450901738080502
women,5,expectancy,54,3 Cognitive only,s1,0.7035012620460542,0.7029261755637812,0.6514573310131907,0.7596093854706979,0.6652782114435428,0.743444464635362
women,5,expectancy,56,3 Cognitive only,s1,0.7004866173505788,0.6999326166081988,0.6474229191462392,0.7577655288875222,0.6614560871362978,0.7411795091356698
women,5,expectancy,58,3 Cognitive only,s1,0.6969387555112546,0.6963738419081558,0.6426663018711091,0.7553838106306149,0.6569990324469904,0.738446581077337
women,5,expectancy,60,3 Cognitive only,s1,0.6927202968507471,0.6922282645447217,0.6368919809554551,0.7524284599007802,0.6520128048747196,0.7351212720623324
women,5,expectancy,62,3 Cognitive only,s1,0.6876912887077563,0.6871407986668263,0.6303865023577998,0.7488181767861986,0.6460005407474312,0.7310558351482601
women,5,expectancy,64,3 Cognitive only,s1,0.6817189081495865,0.6810624605276141,0.6229710415852624,0.7443998220153318,0.6389681201838431,0.7261035090517106
women,5,expectancy,66,3 Cognitive only,s1,0.6746675731779975,0.6738349490100126,0.6143723309054036,0.7390030905103022,0.630896295965584,0.720097993304211
women,5,expectancy,68,3 Cognitive only,s1,0.666392789471357,0.6654724250875136,0.6047322310883653,0.7324026716254686,0.6216173871726146,0.7127932087825656
women,5,expectancy,70,3 Cognitive only,s1,0.6567392061304331,0.6556759852272102,0.5934681594290084,0.7244180729529985,0.6109194807889684,0.7042232266724373
women,5,expectancy,72,3 Cognitive only,s1,0.6455414295985686,0.644529012561095,0.5808499266936054,0.7146864158511552,0.5986693707653905,0.6942609541931279
women,5,expectancy,74,3 Cognitive only,s1,0.6326265051004848,0.6315726433284387,0.566597892606296,0.703134216447419,0.5846951821617983,0.6826851401185762
women,5,expectancy,76,3 Cognitive only,s1,0.6178172780602216,0.6169030831629639,0.549892322085363,0.6899658330147269,0.5688552453084625,0.6692881799438787
women,5,expectancy,78,3 Cognitive only,s1,0.6009359488971777,0.5998746718108625,0.5318940072745171,0.674456396915594,0.550828537114769,0.6534638489488891
women,5,expectancy,80,3 Cognitive only,s1,0.5818072022080407,0.5806899388515367,0.5118251726677155,0.6563040231049487,0.5306890927249487,0.6351980801107112
women,5,expectancy,82,3 Cognitive only,s1,0.5602605906861287,0.5591467525420475,0.4890467485755876,0.6363863410586688,0.5085077088384944,0.6147350756268748
women,5,expectancy,84,3 Cognitive only,s1,0.5361327546162501,0.5349943129784318,0.4639112373000635,0.6134776790069895,0.48365027507592995,0.5912469085968708
women,5,expectancy,86,3 Cognitive only,s1,0.5092719924919032,0.5080240227703465,0.43629280669534576,0.5876930570153969,0.45622606893795425,0.5651503044098833
women,5,expectancy,88,3 Cognitive only,s1,0.47955090016663854,0.478238911424702,0.4067902346719579,0.55920014354492,0.4262200281048735,0.5362001614438401
women,5,expectancy,90,3 Cognitive only,s1,0.4468966036627491,0.4455259679771755,0.3734911112036969,0.5276729553078714,0.39335242066667186,0.5037971829057302
women,5,expectancy,92,3 Cognitive only,s1,0.4113498206182456,0.409795600303075,0.33846837930200413,0.49249194549363134,0.35799154372212305,0.46833813982104744
women,5,expectancy,94,3 Cognitive only,s1,0.3731581324867377,0.37136719993929135,0.3013384114456989,0.4550486208334828,0.32041452237295115,0.42958038865763615
women,5,expectancy,96,3 Cognitive only,s1,0.3328896410877703,0.33092300027132404,0.2633168434407911,0.41462789980611375,0.2811108159124263,0.3888292534338459
women,5,expectancy,98,3 Cognitive only,s1,0.29152332572918577,0.28924844759171137,0.22388742891820732,0.37208748863666574,0.24079402205293404,0.3474487709856636
women,5,expectancy,100,3 Cognitive only,s1,0.25045497876781253,0.24779316834992138,0.18495911932138556,0.3308170195947766,0.20087222720376058,0.30585159943317064
women,5,expectancy,102,3 Cognitive only,s1,0.2113963386262269,0.20844510749951856,0.14812637702831183,0.29230505034892723,0.1631988286804441,0.2659405332901448
women,5,expectancy,104,3 Cognitive only,s1,0.17629795344326352,0.17273368016808527,0.11545224348227881,0.2581921187989683,0.1294302361720663,0.2302806878588163
women,5,expectancy,106,3 Cognitive only,s1,0.14787169385163668,0.14368680827116362,0.08806567532396688,0.2324667614951364,0.10160242465696023,0.20254895955183774
women,5,expectancy,108,3 Cognitive only,s1,0.13309381409587223,0.1276409104129852,0.0705188464422731,0.22686207053877241,0.08415426479136318,0.19284237794869147
women,5,expectancy,110,3 Cognitive only,s1,0.16184057660963785,0.15333514681990199,0.07597800765683967,0.2954286178274695,0.09377091966103317,0.24722402739548305
women,5,expectancy,50,4 Both,s1,1.0887905484231053,1.0873991938224061,1.0025234524541142,1.183248964749969,1.025499822886552,1.1547016798673593
women,5,expectancy,52,4 Both,s1,1.0954353170102682,1.0940217782057136,1.0084192298530559,1.1908630580145505,1.0316155050021276,1.1619242263169107
women,5,expectancy,54,4 Both,s1,1.101272495637438,1.0998742602288794,1.013181062940539,1.1977629223692812,1.0367050564918074,1.1687705534250734
women,5,expectancy,56,4 Both,s1,1.1055484990432995,1.104204372862261,1.015876744760781,1.2036967322077006,1.0396993928782667,1.17412487397374
women,5,expectancy,58,4 Both,s1,1.1088121794235142,1.107545068168482,1.0173844064972384,1.208710772745907,1.0416970583769,1.1788546305798302
women,5,expectancy,60,4 Both,s1,1.1114442348979352,1.1101989559593413,1.018061760709463,1.2136597343087925,1.042866338015609,1.1825598680379426
women,5,expectancy,62,4 Both,s1,1.1136444805705006,1.1123453014204103,1.0178892355251972,1.21787096520608,1.0436645764137142,1.186533142485433
women,5,expectancy,64,4 Both,s1,1.1154985111073439,1.1140828148490087,1.0172654842726336,1.2222497679853566,1.0441117549281171,1.1902037683187139
women,5,expectancy,66,4 Both,s1,1.1170230310348848,1.1155576312758968,1.0166313320916147,1.2264903329369223,1.0435501456885927,1.193882480836887
women,5,expectancy,68,4 Both,s1,1.1181938083940075,1.1167207719308418,1.0149841054774507,1.2312758797555925,1.0427770550292446,1.197218167279153
women,5,expectancy,70,4 Both,s1,1.1189647229945,1.1173765974467391,1.012927401200936,1.2356231948301983,1.0414435565727118,1.200217133497142
women,5,expectancy,72,4 Both,s1,1.1192834957531967,1.1175027467419993,1.0097969145173407,1.2395101202237306,1.0394805441435646,1.2027534475242918
women,5,expectancy,74,4 Both,s1,1.1191073920233372,1.1172913604326253,1.0061872071894198,1.2432536956844495,1.03686913275719,1.2051445548102464
women,5,expectancy,76,4 Both,s1,1.1184205453619973,1.1165052932647392,1.001838691214967,1.2469256511381592,1.0334779873661095,1.207275788626583
women,5,expectancy,78,4 Both,s1,1.1172530674332295,1.115205317122066,0.9964571493801756,1.2504536467687066,1.0297307722606845,1.2092334127558348
women,5,expectancy,80,4 Both,s1,1.115700456872923,1.1136017952931736,0.9906524593611564,1.2538758563777532,1.024865700228002,1.211249101349345
women,5,expectancy,82,4 Both,s1,1.1139398606101518,1.1115384493281173,0.9837502043565702,1.2582273199038985,1.0194464189817902,1.2131165930464487
women,5,expectancy,84,4 Both,s1,1.1122376309114035,1.1092894630697852,0.9766412858217829,1.2622347901490223,1.013041279002664,1.215807059040743
women,5,expectancy,86,4 Both,s1,1.110940985085356,1.107826520120723,0.9689620903049327,1.2684849475464663,1.0070804380451295,1.2198600805560706
women,5,expectancy,88,4 Both,s1,1.1104467288156934,1.1069766602133724,0.9628675519673534,1.277304855710981,1.0013183474546896,1.2252787459541736
women,5,expectancy,90,4 Both,s1,1.1111439814313753,1.1071842456909011,0.9548999530902837,1.2886787279040066,0.9955552855571604,1.2328089581233028
women,5,expectancy,92,4 Both,s1,1.113337618624308,1.1086831393496532,0.9487887243087642,1.3010137115964953,0.9906383691657856,1.243563669279022
women,5,expectancy,94,4 Both,s1,1.117174370153977,1.1119432344183986,0.9421474389170975,1.3191415287219226,0.9865687513877269,1.2561297390957449
women,5,expectancy,96,4 Both,s1,1.1226089838069326,1.1168398739155685,0.9367801224221833,1.340285926095086,0.9843613737933318,1.271261658621623
women,5,expectancy,98,4 Both,s1,1.129459003186453,1.1223089280702179,0.9321852271011014,1.3634154556661346,0.9817878147352105,1.2896944506631491
women,5,expectancy,100,4 Both,s1,1.1376315146330054,1.1293447058876835,0.9278064404429566,1.390244175147532,0.9802074868391708,1.3102452495345747
women,5,expectancy,102,4 Both,s1,1.1478139155419538,1.1385273231749422,0.9244072264119978,1.4199712565707776,0.9795434110049768,1.3341337151892056
women,5,expectancy,104,4 Both,s1,1.1638608150535217,1.1532411485425031,0.9257502418607868,1.4586475025930363,0.9842129630335379,1.3652166820842588
women,5,expectancy,106,4 Both,s1,1.2021465680701078,1.189324271559832,0.9444978825737691,1.5262227411139633,1.0065336935422329,1.4233421048368702
women,5,expectancy,108,4 Both,s1,1.3324337555388197,1.3163455158360062,1.037137677037723,1.706251914471894,1.10883554906016,1.5853544174331546
women,5,expectancy,110,4 Both,s1,1.8798827443910526,1.869437578878567,1.498448956196092,2.3027569073097918,1.6009259989756475,2.176020198835837
women,5,expectancy,50,1 Functional,s2,20.72337978140018,20.731084764514755,20.153973952577648,21.25709282479131,20.320864307001994,21.107779419740407
women,5,expectancy,52,1 Functional,s2,21.168107750547836,21.172128993286446,20.72353124228841,21.5915151599153,20.85247695367544,21.473148503167508
women,5,expectancy,54,1 Functional,s2,20.76553437984191,20.768154077796815,20.424559280295536,21.092429946140573,20.523430804618016,20.999959533063368
women,5,expectancy,56,1 Functional,s2,19.88084807394759,19.881931233354816,19.609070454346284,20.146091645577435,19.688897426572435,20.070269728317246
women,5,expectancy,58,1 Functional,s2,18.73764482867981,18.737246811350246,18.503821054047012,18.966825149385674,18.5729025094905,18.904842007440237
women,5,expectancy,60,1 Functional,s2,17.462739269878234,17.462047829775933,17.24806210440747,17.68026190712692,17.306936081432088,17.620476501584882
women,5,expectancy,62,1 Functional,s2,16.126908139648634,16.126688304111905,15.91396647625725,16.34320505325413,15.973424013808145,16.28217343760037
women,5,expectancy,64,1 Functional,s2,14.770612131295099,14.77144822303486,14.557449006664738,14.98991911293186,14.616052576168192,14.9255954308423
women,5,expectancy,66,1 Functional,s2,13.418485224711937,13.419418626972375,13.202515994668637,13.640590709169595,13.261928924147126,13.576919697362817
women,5,expectancy,68,1 Functional,s2,12.087105488502578,12.087441084903304,11.870306519634832,12.310563966953803,11.929279143315775,12.246272984151
women,5,expectancy,70,1 Functional,s2,10.789054516222093,10.789300793874574,10.572390049608352,11.01236499973201,10.630184526224163,10.949282083428143
women,5,expectancy,72,1 Functional,s2,9.534986213609907,9.535189850912747,9.31867485915984,9.759378242227374,9.37714280820707,9.693885806277173
women,5,expectancy,74,1 Functional,s2,8.334626082124569,8.33429421812584,8.121228853068871,8.556813947947314,8.17887570569573,8.491635522899228
women,5,expectancy,76,1 Functional,s2,7.1971763418671255,7.1965731135882764,6.987969975656922,7.414801070764252,7.044041200376554,7.351146358948949
women,5,expectancy,78,1 Functional,s2,6.131367894960052,6.130426147057561,5.928178026911079,6.3418524606204665,5.982410068993916,6.280719061604084
women,5,expectancy,80,1 Functional,s2,5.145284153154256,5.144763267471162,4.949530939299635,5.347542486044969,5.001458879737502,5.2895935520818265
women,5,expectancy,82,1 Functional,s2,4.246030970520186,4.2451981873628855,4.0580345799052715,4.439780640383569,4.108366535311009,4.383994606041389
women,5,expectancy,84,1 Functional,s2,3.4393118324930767,3.438328539401125,3.261801427928969,3.622547224268729,3.310288994200131,3.5696457348850412
women,5,expectancy,86,1 Functional,s2,2.728970232677004,2.7279886368788224,2.5644753990462705,2.900325892916651,2.60862413399008,2.850855986691512
women,5,expectancy,88,1 Functional,s2,2.1165686893584956,2.1155758254755077,1.966133341351021,2.275307484327589,2.0063322001897785,2.228895757195847
women,5,expectancy,90,1 Functional,s2,1.6010752799685846,1.599749680060907,1.466494036183471,1.7440316434072118,1.502458541174059,1.7023372470236535
women,5,expectancy,92,1 Functional,s2,1.1787172242087103,1.1772721180810488,1.0602883848620952,1.3055311267321619,1.0924347681894,1.2679838706291522
women,5,expectancy,94,1 Functional,s2,0.8430388148611422,0.8415433783627382,0.7408285217868953,0.953950399857988,0.7689178524015886,0.9196009036047875
women,5,expectancy,96,1 Functional,s2,0.5851799560075003,0.5836525285439642,0.5000947012862534,0.6781146318011629,0.523435199010764,0.6496968609565268
women,5,expectancy,98,1 Functional,s2,0.394384558756834,0.39290684021525946,0.3258288831703521,0.47062994929442714,0.3441990510714604,0.44706833174731747
women,5,expectancy,100,1 Functional,s2,0.2587476570220146,0.257438926265082,0.2048371579437583,0.31939585384238295,0.21926452759737694,0.3011238837932236
women,5,expectancy,102,1 Functional,s2,0.16618127214285447,0.16492119335998776,0.12457695699464998,0.21373181678111283,0.1355786884066232,0.19932258133130767
women,5,expectancy,104,1 Functional,s2,0.10550710302192479,0.10440636711258224,0.07345261444447226,0.1432825567024362,0.08193998379304142,0.13130831464592624
women,5,expectancy,106,1 Functional,s2,0.06758441311785308,0.06647818307208075,0.04283175473714653,0.09819672453642925,0.04908526556046522,0.08822747186008793
women,5,expectancy,108,1 Functional,s2,0.046921268428686026,0.04561468750358127,0.026214690112673963,0.07464908173862693,0.03113395053251936,0.06490382548655872
women,5,expectancy,110,1 Functional,s2,0.047403977760291205,0.045594711044386,0.023019519149811804,0.081260938058585,0.028504928953296513,0.06942028346184394
women,5,expectancy,50,2 Physical only,s2,7.173772860752039,7.172488338512991,6.932187746127542,7.427442221498785,6.9969525544728945,7.353211629531653
women,5,expectancy,52,2 Physical only,s2,5.8576437231300575,5.855677037879859,5.645981878708505,6.077115574659061,5.7032557763780565,6.014954225822194
women,5,expectancy,54,2 Physical only,s2,5.09589054424062,5.094839459136263,4.927611677554391,5.271600662591291,4.971086715292499,5.221773771302104
women,5,expectancy,56,2 Physical only,s2,4.617136344509377,4.616349272289439,4.475218564670828,4.7634217505874785,4.5130168944524085,4.721652612629795
women,5,expectancy,58,2 Physical only,s2,4.287039110118822,4.2864494203852335,4.155826227245992,4.421760892360195,4.191202073551263,4.382333177523591
women,5,expectancy,60,2 Physical only,s2,4.035439250701372,4.0345728405239,3.906008687561084,4.168503658259166,3.9421738017020567,4.1300750780631965
women,5,expectancy,62,2 Physical only,s2,3.8255077631016365,3.824908101632675,3.693771360714344,3.961266270929013,3.730913368950489,3.9220218191211327
women,5,expectancy,64,2 Physical only,s2,3.6378243434027566,3.6373755282183557,3.5020251537309655,3.778320088214575,3.5408344873265998,3.737207076435526
women,5,expectancy,66,2 Physical only,s2,3.461995030054706,3.4614004592680163,3.3217943823532567,3.606417690840035,3.362697872501174,3.5636829481225036
women,5,expectancy,68,2 Physical only,s2,3.2922980921209337,3.2914618861496328,3.1498902959089596,3.4400666255756227,3.1910129025517016,3.396462305370177
women,5,expectancy,70,2 Physical only,s2,3.1254584088487105,3.1245371506440662,2.980998584084264,3.2759006503808505,3.0214236865224,3.23274167978135
women,5,expectancy,72,2 Physical only,s2,2.959527268543654,2.9584305292927047,2.8125465631434547,3.1128373504688107,2.8534982847766313,3.0683203803720254
women,5,expectancy,74,2 Physical only,s2,2.7933287986918485,2.792154787492065,2.644480045485231,2.948544829825611,2.6856667303707735,2.9036208990455106
women,5,expectancy,76,2 Physical only,s2,2.626193988088327,2.624826086321017,2.475799154346748,2.783815744395651,2.5177925872586493,2.737268916389349
women,5,expectancy,78,2 Physical only,s2,2.4578384567773335,2.456156197382029,2.3071903356546826,2.6177548007444975,2.349195484893259,2.5704466389818013
women,5,expectancy,80,2 Physical only,s2,2.2883086817315594,2.2866189550489815,2.1373585956786334,2.449456078331457,2.1788469922025886,2.4017207205710043
women,5,expectancy,82,2 Physical only,s2,2.1179555427831467,2.1160695150930806,1.9666574406531687,2.279941817583252,2.007918425488905,2.2315405656868315
women,5,expectancy,84,2 Physical only,s2,1.9474115454437968,1.9456769155420321,1.7949855072106233,2.109868343418756,1.8380795372360434,2.061314041070496
women,5,expectancy,86,2 Physical only,s2,1.7775588444459403,1.7757748437479024,1.6253550992034165,1.9398612707632663,1.668196435702448,1.8919347341743042
women,5,expectancy,88,2 Physical only,s2,1.6094847500900835,1.6075416205505553,1.4581718133870847,1.771290596239035,1.4998833126981754,1.724305774931822
women,5,expectancy,90,2 Physical only,s2,1.44443167971667,1.4426228595281243,1.2934281909869878,1.6070787771868797,1.335772249277892,1.5589403372778126
women,5,expectancy,92,2 Physical only,s2,1.283757067883703,1.281605476329415,1.1346287599429699,1.4459889366789755,1.17537021043096,1.398011894066902
women,5,expectancy,94,2 Physical only,s2,1.128918456819812,1.126471177507653,0.9814935984689434,1.291397066825007,1.021213311990485,1.2439191357131782
women,5,expectancy,96,2 Physical only,s2,0.9814827824769021,0.9784879474044752,0.8345485925583942,1.1447221281930833,0.8738583254881445,1.0963416830126893
women,5,expectancy,98,2 Physical only,s2,0.8431332700776328,0.8402144324756322,0.6969489925800332,1.0082025432262147,0.7350919685243387,0.9586702151026459
women,5,expectancy,100,2 Physical only,s2,0.7156477405491503,0.7120697755610125,0.5695345984195226,0.8838781003484839,0.6070971645669618,0.8318486982068611
women,5,expectancy,102,2 Physical only,s2,0.6009126411506994,0.5965069359354429,0.45592459936886215,0.7715536144574495,0.49195900981477386,0.7186790495965409
women,5,expectancy,104,2 Physical only,s2,0.5013386830804645,0.49601619398038443,0.3566671378263126,0.6730467999746169,0.39224077405278057,0.6213147545267848
women,5,expectancy,106,2 Physical only,s2,0.422112348747815,0.4161415337855039,0.2767116478051761,0.6005243564209716,0.3109731733306207,0.5455989411456736
women,5,expectancy,108,2 Physical only,s2,0.38176430022387164,0.3736506255452856,0.22678422591006708,0.5811760303421822,0.2626991279828321,0.516998683338675
women,5,expectancy,110,2 Physical only,s2,0.4655818745098172,0.454893433445264,0.25190427998624315,0.7438373222384247,0.2993231075030437,0.6532844411530223
women,5,expectancy,50,3 Cognitive only,s2,0.6639468158266675,0.6633985003367663,0.61432294778405,0.7169568579256469,0.6273401241952441,0.7014807714198115
women,5,expectancy,52,3 Cognitive only,s2,0.6862217578730532,0.685631578684506,0.6359168283759795,0.7400184545706251,0.6491496083153615,0.7243775288758487
women,5,expectancy,54,3 Cognitive only,s2,0.6947933555347707,0.694293921661185,0.6437453417515484,0.7498402950091881,0.6570380615396291,0.7338075256799236
women,5,expectancy,56,3 Cognitive only,s2,0.696470126078017,0.6959661717275052,0.6439126420417336,0.7528541121226627,0.6578199786822018,0.7365153269905965
women,5,expectancy,58,3 Cognitive only,s2,0.6949712687890752,0.6944765259370879,0.6411175608403157,0.7528212127626294,0.6553505948306692,0.7361611943497207
women,5,expectancy,60,3 Cognitive only,s2,0.691685375644035,0.6911964647352816,0.6360924932070648,0.750841175491054,0.6511063737590145,0.7339214170166812
women,5,expectancy,62,3 Cognitive only,s2,0.6871013341425852,0.6865281659456239,0.6299319376192548,0.7480591875407117,0.6455327530404866,0.7304271795498356
women,5,expectancy,64,3 Cognitive only,s2,0.681354457545893,0.6806951718986319,0.6226116129190625,0.743933090754691,0.638679084205459,0.7257249398575943
women,5,expectancy,66,3 Cognitive only,s2,0.6744267435958293,0.6736291173075184,0.6141694790847202,0.7387057011251216,0.6306597333177397,0.7198320203739694
women,5,expectancy,68,3 Cognitive only,s2,0.666226146978091,0.6653104721499262,0.604592392561798,0.7322111580609555,0.6214684910950483,0.7126093546603449
women,5,expectancy,70,3 Cognitive only,s2,0.6566210459186739,0.655553512064937,0.5933550833121896,0.7242638998586353,0.6108229947678657,0.7041053260595992
women,5,expectancy,72,3 Cognitive only,s2,0.6454570361943144,0.6444502965220076,0.5807856221487533,0.7145864200205779,0.598604314562581,0.6941793560182143
women,5,expectancy,74,3 Cognitive only,s2,0.6325665062322073,0.6315188676637,0.5665651155890241,0.7030659498239036,0.5846428001479335,0.682634472471617
women,5,expectancy,76,3 Cognitive only,s2,0.6177751416778469,0.6168578133146465,0.5498606496199965,0.6899069098930802,0.568816283224918,0.6692503556887012
women,5,expectancy,78,3 Cognitive only,s2,0.6009068564961385,0.5998444352289024,0.5318674546843891,0.6744198397516303,0.550799191873158,0.6534254621781623
women,5,expectancy,80,3 Cognitive only,s2,0.5817875127185789,0.5806670174648745,0.5118058418775,0.6562853048072328,0.530673005773654,0.635175424691761
women,5,expectancy,82,3 Cognitive only,s2,0.5602475512922691,0.55913580312331,0.4890341769439974,0.6363710699723286,0.5084977309404586,0.6147159773896542
women,5,expectancy,84,3 Cognitive only,s2,0.5361243129534855,0.5349859212526278,0.46390248420688845,0.6134678818891889,0.48364288092231716,0.5912397382519912
women,5,expectancy,86,3 Cognitive only,s2,0.5092666521646345,0.5080184473530531,0.4362879982272789,0.5876864035581104,0.45622235590905125,0.5651443802685013
women,5,expectancy,88,3 Cognitive only,s2,0.4795475990441831,0.4782346039749251,0.40678691187865545,0.5591956712747406,0.4262176624720892,0.5361966585633648
women,5,expectancy,90,3 Cognitive only,s2,0.4468946094441173,0.445523249632814,0.3734899538628337,0.527670464221381,0.39335043441474427,0.503794620783039
women,5,expectancy,92,3 Cognitive only,s2,0.41134864316569314,0.4097946030485128,0.3384672739626486,0.49249073619857325,0.357990479266135,0.46833700661948025
women,5,expectancy,94,3 Cognitive only,s2,0.3731574531425481,0.37136653749610715,0.30133794133137104,0.4550479325125017,0.3204137783211124,0.42957962171877995
women,5,expectancy,96,3 Cognitive only,s2,0.3328892583222484,0.3309227113536606,0.26331655086466466,0.4146272035289976,0.28111037971576885,0.38882877616069084
women,5,expectancy,98,3 Cognitive only,s2,0.29152311534002556,0.2892482554697226,0.22388724816177297,0.3720873413480558,0.2407937705103261,0.347448645402621
women,5,expectancy,100,3 Cognitive only,s2,0.2504548660658231,0.2477930443571163,0.18495900283100217,0.3308169231502391,0.20087205542295436,0.3058514349434899
women,5,expectancy,102,3 Cognitive only,s2,0.2113962797873656,0.20844505691083826,0.1481263186592174,0.2923050017194489,0.16319875126022199,0.265940504808579
women,5,expectancy,104,3 Cognitive only,s2,0.17629792341571568,0.1727336501229289,0.1154522202232503,0.2581920985290509,0.129430216017922,0.23028066484824325
women,5,expectancy,106,3 Cognitive only,s2,0.14787167867987724,0.1436867920261573,0.08806565657511817,0.2324667485329038,0.10160240986849783,0.20254895370120574
women,5,expectancy,108,3 Cognitive only,s2,0.1330938060119665,0.12764090728213812,0.07051883563414654,0.22686206414733204,0.08415425247338047,0.1928423739502982
women,5,expectancy,110,3 Cognitive only,s2,0.161840570339558,0.15333513437873492,0.07597800576324316,0.2954286162785085,0.09377091352320444,0.24722401275660078
women,5,expectancy,50,4 Both,s2,1.128298823182608,1.1273985677842728,1.0443507902506568,1.219512337148585,1.066453698866563,1.1918397736591972
women,5,expectancy,52,4 Both,s2,1.150475722752651,1.149308576280573,1.0650581883028054,1.243720939365646,1.0878086969149567,1.2150747091164686
women,5,expectancy,54,4 Both,s2,1.13988638810338,1.138483251587109,1.052953277579895,1.2349713478580722,1.076495045535389,1.2054606561251964
women,5,expectancy,56,4 Both,s2,1.1301082253503527,1.1285795365935398,1.041527817611164,1.227055428190806,1.0652807752929372,1.1972103817933695
women,5,expectancy,58,4 Both,s2,1.1240698859471738,1.1227402651525145,1.03311127802583,1.2231337028747782,1.0576574707758526,1.1931459152370065
women,5,expectancy,60,4 Both,s2,1.1208768787342942,1.1196100407453533,1.0277878631353738,1.222730775038037,1.0529305776886284,1.1917781259852505
women,5,expectancy,62,4 Both,s2,1.1194785375736582,1.1181450620682911,1.0240299196042577,1.2235428641185757,1.0496732956629151,1.1919406132844395
women,5,expectancy,64,4 Both,s2,1.1191119608595976,1.1176732905931774,1.0211701202186385,1.2259324076736235,1.0478553266553703,1.1937245307821969
women,5,expectancy,66,4 Both,s2,1.119262491730986,1.1177864631913965,1.0186605531219635,1.2287209412335303,1.0459059591558362,1.1959915404367563
women,5,expectancy,68,4 Both,s2,1.1195803586148767,1.1180715872570977,1.016586337811033,1.2325872751594604,1.0442343418570528,1.1985736713513764
women,5,expectancy,70,4 Both,s2,1.1198206293419983,1.1182032066226544,1.013703803345204,1.2364079029483448,1.0422585243568263,1.2010670721844732
women,5,expectancy,72,4 Both,s2,1.119809114458829,1.1180019108529753,1.0104376284170191,1.2400078509474506,1.0399761458849857,1.2033420806713186
women,5,expectancy,74,4 Both,s2,1.119427813311305,1.117593670895706,1.0064726008223606,1.243583679869225,1.0371362943589075,1.2054527606562915
women,5,expectancy,76,4 Both,s2,1.118614046346947,1.116701312256174,1.002068066849245,1.247099021571529,1.0336747804168787,1.207466833273056
women,5,expectancy,78,4 Both,s2,1.1173686166873353,1.1153228212188813,0.9965547783833281,1.250579390441852,1.0298299437596987,1.2093431611744385
women,5,expectancy,80,4 Both,s2,1.1157685872956824,1.1136636234853627,0.9907095075555499,1.2539721077502606,1.0249228325937665,1.2113251190723926
women,5,expectancy,82,4 Both,s2,1.1139794866192196,1.1115737382022945,0.9837987611904119,1.2582641215629724,1.019477474461968,1.2131579492799405
women,5,expectancy,84,4 Both,s2,1.1122603565030464,1.1093097829174416,0.9766580400328757,1.2622597579456727,1.0130576233499011,1.2158332636191997
women,5,expectancy,86,4 Both,s2,1.1109538400280619,1.1078421757339936,0.9689723924821736,1.2684986274633774,1.0070911568245762,1.2198731349298502
women,5,expectancy,88,4 Both,s2,1.1104539081970535,1.106982280824334,0.9628723088427884,1.2773129356713786,1.0013233124243852,1.2252857846076612
women,5,expectancy,90,4 Both,s2,1.1111479471524643,1.1071881537499526,0.9549022460464146,1.2886871970844838,0.9955588886027176,1.2328123939293678
women,5,expectancy,92,4 Both,s2,1.1133397903505504,1.1086854287663415,0.9487898802116481,1.3010162512392762,0.9906411751570466,1.2435654907682967
women,5,expectancy,94,4 Both,s2,1.117175552494295,1.1119448013510465,0.9421482051144612,1.3191428531759575,0.9865691918268104,1.2561313169542148
women,5,expectancy,96,4 Both,s2,1.1226096255254652,1.1168405896254874,0.936780299167521,1.340286553451615,0.9843618147464075,1.2712619129448883
women,5,expectancy,98,4 Both,s2,1.1294593511593227,1.1223092156333485,0.9321855599249651,1.3634159791313996,0.9817879038232152,1.2896949651668388
women,5,expectancy,100,4 Both,s2,1.1376317032615908,1.1293448052919448,0.9278065746808267,1.3902445409400908,0.9802075837660094,1.3102457410400725
women,5,expectancy,102,4 Both,s2,1.1478140175568448,1.1385273833358818,0.9244072802762525,1.4199714319466397,0.9795435028101973,1.3341337674992602
women,5,expectancy,104,4 Both,s2,1.1638608698141262,1.153241187176811,0.9257502497500686,1.4586475688981149,0.9842129939787494,1.3652167952387617
women,5,expectancy,106,4 Both,s2,1.2021465971478105,1.1893242825666834,0.9444979074076947,1.526222799338279,1.0065337157753893,1.4233421991146473
women,5,expectancy,108,4 Both,s2,1.3324337717150843,1.3163455156583879,1.037137684896361,1.7062519367981974,1.1088355488927566,1.5853544358634464
women,5,expectancy,110,4 Both,s2,1.8798827596924206,1.8694376079558195,1.4984489644139698,2.302756954951958,1.6009260029210066,2.176020250551627
women,5,expectancy,50,1 Functional,s3,22.66193433108596,22.689217487374293,21.733421725025522,23.428213433327816,22.024733886880686,23.244893322674987
women,5,expectancy,52,1 Functional,s3,22.559514049166868,22.574050820923347,21.924837492260828,23.096767122652185,22.12233512922904,22.96369443301254
women,5,expectancy,54,1 Functional,s3,21.5655719452965,21.57290157357572,21.162956441868847,21.911333288637977,21.289264846744878,21.823750477540933
women,5,expectancy,56,1 Functional,s3,20.313564600393903,20.316453673743098,20.036172089450666,20.57312222307304,20.119076964132333,20.50365835057621
women,5,expectancy,58,1 Functional,s3,18.967183704384464,18.96728182895867,18.73870087093689,19.191268554906667,18.80423879495821,19.129667119674703
women,5,expectancy,60,1 Functional,s3,17.584029425891462,17.583615366529248,17.37051862527116,17.800339956415023,17.42932239436362,17.73932505414643
women,5,expectancy,62,1 Functional,s3,16.19118474442192,16.191610043604246,15.980690204419195,16.405512710130207,16.037315558093457,16.345270106604744
women,5,expectancy,64,1 Functional,s3,14.804872375782546,14.805514001470382,14.592235320558022,15.023846409589746,14.6502746795213,14.960670264489082
women,5,expectancy,66,1 Functional,s3,13.436864330260299,13.437379806889826,13.220712666465413,13.65880888744342,13.279671844679328,13.594541057197178
women,5,expectancy,68,1 Functional,s3,12.097019913052389,12.097176245145869,11.880179641238609,12.320248561083703,11.938503148848747,12.25646898683293
women,5,expectancy,70,1 Functional,s3,10.794421348911738,10.79476201508119,10.57806011945465,11.018214148216783,10.635692493938173,10.95456746487217
women,5,expectancy,72,1 Functional,s3,9.537892801295358,9.53798158859065,9.3216725565359,9.762303594853787,9.380007252392929,9.697143823294379
women,5,expectancy,74,1 Functional,s3,8.336195352800196,8.335847026300431,8.122774400014292,8.558476343843527,8.180409694489462,8.493449588439413
women,5,expectancy,76,1 Functional,s3,7.198017612838389,7.197484583594822,6.988815024147171,7.4156826323693075,7.044879037728837,7.352181914604801
women,5,expectancy,78,1 Functional,s3,6.131813876478345,6.130859669340536,5.928630022722557,6.342322074343725,5.982858882983161,6.281027538715615
women,5,expectancy,80,1 Functional,s3,5.145517013442647,5.144972714025927,4.949784863574514,5.347849225642169,5.001657380465769,5.289807828167377
women,5,expectancy,82,1 Functional,s3,4.246150269346375,4.245316614588036,4.058205085038836,4.439873585555297,4.108470454849433,4.384134804151378
women,5,expectancy,84,1 Functional,s3,3.4393716007210036,3.4383868507210553,3.261840609829356,3.622601763850549,3.31034246793083,3.5697068230441578
women,5,expectancy,86,1 Functional,s3,2.728999429342194,2.7280159403342985,2.5645068560945967,2.9003607553034736,2.6086515260105982,2.85088865502824
women,5,expectancy,88,1 Functional,s3,2.116582562606894,2.1155905700887603,1.9661461231099806,2.2753229614927366,2.0063438593668472,2.228912254785498
women,5,expectancy,90,1 Functional,s3,1.6010816797811174,1.5997553449481519,1.4664993088782254,1.7440370480855374,1.5024632556136486,1.7023437774074097
women,5,expectancy,92,1 Functional,s3,1.1787200860656775,1.1772746772777616,1.0602906554710785,1.3055337303044836,1.0924364604161383,1.267987131873261
women,5,expectancy,94,1 Functional,s3,0.8430400540804731,0.8415451434208893,0.740829510548043,0.9539516008277549,0.7689189308488076,0.9196029368777661
women,5,expectancy,96,1 Functional,s3,0.5851804753529002,0.5836530022448144,0.5000951726466968,0.6781150617849412,0.523435647806979,0.649697360776804
women,5,expectancy,98,1 Functional,s3,0.3943847695568349,0.39290707605772096,0.32582899970488616,0.47063017056042916,0.3441992586690273,0.4470684506423218
women,5,expectancy,100,1 Functional,s3,0.25874774013369783,0.25743900066346187,0.20483728076121713,0.31939589423382586,0.21926460606645398,0.30112394321421876
women,5,expectancy,102,1 Functional,s3,0.1661813041779042,0.16492121673370044,0.12457697822523835,0.21373183531528292,0.13557871227441176,0.19932261095102716
women,5,expectancy,104,1 Functional,s3,0.10550711522431809,0.10440637880078878,0.07345263367333266,0.14328256442266651,0.08193999554282387,0.13130832460983236
women,5,expectancy,106,1 Functional,s3,0.06758441779505742,0.06647818600544189,0.04283176302202389,0.09819673060501605,0.049085274173492476,0.08822748349929566
women,5,expectancy,108,1 Functional,s3,0.046921270351930895,0.04561468940423776,0.026214691144122122,0.074649082520189175,0.031133952057914707,0.06490382691347629
women,5,expectancy,110,1 Functional,s3,0.04740397899390197,0.04559471216977026,0.023019520557288013,0.08126093840462817,0.028504930260113637,0.06942028372010833
women,5,expectancy,50,2 Physical only,s3,4.717104668081498,4.706886893467952,4.433866490180465,5.067854935856729,4.501895147198876,4.950724287580305
women,5,expectancy,52,2 Physical only,s3,4.723405507265597,4.714830627000422,4.502784391184489,4.998572118210319,4.556544535943228,4.908208988806885
women,5,expectancy,54,2 Physical only,s3,4.568989701185716,4.566703446515617,4.406043393432438,4.749876864644027,4.447791966257577,4.696750062750044
women,5,expectancy,56,2 Physical only,s3,4.367227238094018,4.366545967835506,4.228671524701864,4.5100266544227745,4.266921760503894,4.46945127862177
women,5,expectancy,58,2 Physical only,s3,4.1668632285983644,4.166235920735874,4.036675135976808,4.299946697247745,4.072364990644108,4.261798274524571
women,5,expectancy,60,2 Physical only,s3,3.9772134151211738,3.9763053401563555,3.8476083912044876,4.110577735256274,3.884045961829214,4.072194723570258
women,5,expectancy,62,2 Physical only,s3,3.7971963792753716,3.796403832022455,3.6649001434492607,3.9342988540318684,3.702431571131052,3.894104576474517
women,5,expectancy,64,2 Physical only,s3,3.624046314044359,3.6234204266640675,3.487679611224462,3.7650542503419624,3.526829280742095,3.72369059819787
women,5,expectancy,66,2 Physical only,s3,3.455299575673741,3.454608131374906,3.31588936461604,3.6000563872520353,3.3557772544789737,3.5570828491991
women,5,expectancy,68,2 Physical only,s3,3.289057513854494,3.2882637754754267,3.146914019576496,3.4367156207892764,3.187544835720548,3.393500951264534
women,5,expectancy,70,2 Physical only,s3,3.1239012855643007,3.1229380096967936,2.979354944607251,3.274701877154873,3.01988609931344,3.23131427859485
women,5,expectancy,72,2 Physical only,s3,2.9587875339297445,2.957665181828169,2.811889429946972,3.112177940450068,2.8527505877340134,3.0676021086197878
women,5,expectancy,74,2 Physical only,s3,2.7929832610736436,2.7917527696932423,2.64407029172048,2.948220596839211,2.6853541501968765,2.9032771149201313
women,5,expectancy,76,2 Physical only,s3,2.6260364677932087,2.624670223346065,2.475622856535605,2.7836753302811834,2.5176165050561847,2.7371193860422722
women,5,expectancy,78,2 Physical only,s3,2.4577691257540297,2.456088279405469,2.3071308604698357,2.617692418667915,2.349124863381631,2.570371883186758
women,5,expectancy,80,2 Physical only,s3,2.2882797185662977,2.2865862012284213,2.1373332570545065,2.4494310335655567,2.1788050001530332,2.401685186420642
women,5,expectancy,82,2 Physical only,s3,2.1179444169578714,2.1160588120520485,1.9666468224277354,2.27993727811001,2.007913107569775,2.231529220429802
women,5,expectancy,84,2 Physical only,s3,1.9474078999576598,1.9456702852584766,1.7949789052207006,2.109865817828807,1.8380755112516076,2.0613087403298005
women,5,expectancy,86,2 Physical only,s3,1.7775580854657336,1.7757775513839007,1.6253538334506459,1.9398598582913276,1.6681959652343994,1.8919337518069135
women,5,expectancy,88,2 Physical only,s3,1.6094849447371684,1.6075410886191177,1.4581719531400528,1.7712900541164804,1.4998833596922365,1.724304792527012
women,5,expectancy,90,2 Physical only,s3,1.444432079620825,1.4426228221528496,1.2934284724103597,1.6070792064111177,1.335772515116657,1.558940772030784
women,5,expectancy,92,2 Physical only,s3,1.2837574243753256,1.2816066269432065,1.1346296406680263,1.4459887559194233,1.1753705594840929,1.398012489181029
women,5,expectancy,94,2 Physical only,s3,1.1289187151029463,1.1264713374716495,0.9814935841677859,1.2913971189175852,1.021213576151716,1.2439193928280299
women,5,expectancy,96,2 Physical only,s3,0.9814829523847445,0.9784882530021153,0.8345487990680563,1.144721949515675,0.8738584682854713,1.0963418671276224
women,5,expectancy,98,2 Physical only,s3,0.8431333758871276,0.8402146242392319,0.6969491275122967,1.0082025940212143,0.7350920743642883,0.9586702793776991
women,5,expectancy,100,2 Physical only,s3,0.715647804228322,0.7120697547372495,0.5695346109606061,0.8838780879277209,0.607097271048638,0.8318487106524759
women,5,expectancy,102,2 Physical only,s3,0.6009126785961688,0.5965069621420243,0.45592466121524733,0.771553612942998,0.49195907825054613,0.7186790886729479
women,5,expectancy,104,2 Physical only,s3,0.5013387047139561,0.49601619933343033,0.35666716355804884,0.6730468090143538,0.39224082628513,0.6213147909374849
women,5,expectancy,106,2 Physical only,s3,0.4221123611258554,0.41614155191371216,0.27671166381796114,0.6005243523780324,0.3109732228683079,0.5455989486536259
women,5,expectancy,108,2 Physical only,s3,0.38176430759980873,0.3736506308740389,0.22678424506614017,0.5811760299349239,0.26269913379717336,0.5169986925447723
women,5,expectancy,110,2 Physical only,s3,0.46558188048152815,0.45489344313978164,0.25190428384905167,0.7438373219398835,0.2993231146814569,0.6532844528352837
women,5,expectancy,50,3 Cognitive only,s3,2.0837575621719844,2.073782284743481,1.9219150459211074,2.3002833032973915,1.9602861802696332,2.227448576318765
women,5,expectancy,52,3 Cognitive only,s3,0.942053613374344,0.9350289852735615,0.8281443105294244,1.0943831646901436,0.8552530554862967,1.0433470554741948
women,5,expectancy,54,3 Cognitive only,s3,0.7513029920995051,0.7495100310986251,0.6890501692410907,0.8226642186106826,0.7060813018109067,0.800332284932159
women,5,expectancy,56,3 Cognitive only,s3,0.711365470318612,0.710842229833343,0.6570553769097387,0.7690527178807204,0.6716562778734184,0.7524529722296638
women,5,expectancy,58,3 Cognitive only,s3,0.6995912281432124,0.6991502364170961,0.6450899137590731,0.7578689057409624,0.6597415198024684,0.7408614922032777
women,5,expectancy,60,3 Cognitive only,s3,0.6933605166136502,0.6928356178956923,0.6375107076538326,0.7526240369386591,0.6527038856157794,0.735664966052169
women,5,expectancy,62,3 Cognitive only,s3,0.6878109785228267,0.6872419974819954,0.6305149246382963,0.7489394427988026,0.6461208946867574,0.731174405536096
women,5,expectancy,64,3 Cognitive only,s3,0.6817047651929704,0.6810491115057271,0.6229733024600418,0.7443599353543413,0.6389380928510255,0.726105546608314
women,5,expectancy,66,3 Cognitive only,s3,0.6746249057379894,0.6738065270233599,0.6143132557523809,0.7389529776409066,0.6308094473489255,0.7200366514588773
women,5,expectancy,68,3 Cognitive only,s3,0.6663504310897316,0.6654134926083368,0.6046708430097338,0.7323642107966574,0.6215846513356642,0.7127530732008474
women,5,expectancy,70,3 Cognitive only,s3,0.6567042107920615,0.6556394878090646,0.5934372704584341,0.7243822711781116,0.6108943666259711,0.7041883853085218
women,5,expectancy,72,3 Cognitive only,s3,0.6455145173113315,0.6445113248540826,0.5808342501729733,0.7146599834208643,0.5986519703297797,0.6942202916046345
women,5,expectancy,74,3 Cognitive only,s3,0.632606630740565,0.6315622098843624,0.5665853142786516,0.7031141408010549,0.5846696787084649,0.6826742823967048
women,5,expectancy,76,3 Cognitive only,s3,0.6178030343521037,0.6168853446121599,0.5498853928467761,0.689940647607206,0.5688435050168701,0.66927450378148
women,5,expectancy,78,3 Cognitive only,s3,0.6009260044538567,0.5998668965637515,0.5318873211938939,0.6744393309040639,0.550818636816704,0.6534476624803506
women,5,expectancy,80,3 Cognitive only,s3,0.581800429851522,0.580676648086258,0.511820925129224,0.6562998470825668,0.5306847007030153,0.6351901509460975
women,5,expectancy,82,3 Cognitive only,s3,0.5602560898033692,0.5591426253588799,0.4890428663509066,0.6363810879722818,0.5085051749674468,0.6147253921282032
women,5,expectancy,84,3 Cognitive only,s3,0.5361298348385373,0.5349919481736843,0.4639079306837486,0.6134729916926162,0.4836462490918648,0.5912442278479555
women,5,expectancy,86,3 Cognitive only,s3,0.5092701432120144,0.508021795078635,0.43629116314128896,0.5876903117460436,0.45622363134144484,0.5651486501075693
women,5,expectancy,88,3 Cognitive only,s3,0.47954975622974183,0.4782375454369795,0.40678823097099703,0.5591984517077262,0.42621954645895777,0.5361991327530976
women,5,expectancy,90,3 Cognitive only,s3,0.4468959123023766,0.4455248711678491,0.3734906132267834,0.5276719392718975,0.39335186344997836,0.5037963699518899
women,5,expectancy,92,3 Cognitive only,s3,0.41134941229338523,0.4097951843760365,0.33846799215981693,0.4924917174646126,0.357991248624188,0.4683378304330134
women,5,expectancy,94,3 Cognitive only,s3,0.3731578968451822,0.37136698604732926,0.30133830193605843,0.4550484294410548,0.3204142887723148,0.4295800395994618
women,5,expectancy,96,3 Cognitive only,s3,0.33288950829474445,0.3309229212519367,0.2633167152688709,0.41462765691802905,0.28111067918224175,0.3888290717631913
women,5,expectancy,98,3 Cognitive only,s3,0.2915232527291119,0.2892483615514657,0.22388736591853162,0.37208744237890806,0.24079394866694684,0.3474486623623407
women,5,expectancy,100,3 Cognitive only,s3,0.25045493966156923,0.24779311962169076,0.18495909116603373,0.3308169906179868,0.20087215604934583,0.30585154961742256
women,5,expectancy,102,3 Cognitive only,s3,0.21139631821288524,0.20844508868198316,0.14812635148671685,0.29230502682499826,0.1631987838045535,0.2659405281758542
women,5,expectancy,104,3 Cognitive only,s3,0.1762979430302578,0.1727336676498329,0.115452229185852,0.2581921115486632,0.1294302274271516,0.23028068189324663
women,5,expectancy,106,3 Cognitive only,s3,0.14787168859491517,0.14368680042635074,0.08806566832729339,0.232466758706559,0.10160242048816975,0.2025489580035149
women,5,expectancy,108,3 Cognitive only,s3,0.13309381129885253,0.12764090911107695,0.0705188418101248,0.22686206815740284,0.08415425925517657,0.19284237695412168
women,5,expectancy,110,3 Cognitive only,s3,0.16184057444380706,0.1533351432557471,0.07597800718541643,0.29542861711850354,0.09377091863929415,0.24722402142502675
women,5,expectancy,50,4 Both,s3,1.2365479607265952,1.2332984962136062,1.1176493113711532,1.3739904126845923,1.1484262744273337,1.3317960650623193
women,5,expectancy,52,4 Both,s3,1.2102365900034384,1.2079176742638336,1.1061493121903785,1.32642018509655,1.1332499978423984,1.2902825172778412
women,5,expectancy,54,4 Both,s3,1.1495206733653283,1.1482863979401676,1.058063411405671,1.2486509264332522,1.0829130325221576,1.2177447438775753
women,5,expectancy,56,4 Both,s3,1.1260760460688992,1.1248032606481622,1.036093132874335,1.224463899594056,1.0604174795718269,1.1940088867004053
women,5,expectancy,58,4 Both,s3,1.1183661205209818,1.117119534807821,1.0266651446353479,1.2176960191937025,1.051448640284353,1.1878522521893093
women,5,expectancy,60,4 Both,s3,1.116303690530905,1.1150957554752252,1.0232327972195923,1.217920055529691,1.0480016171408144,1.18733498376179
women,5,expectancy,62,4 Both,s3,1.1162899399717887,1.1149641970673616,1.0211057726588748,1.220348159395463,1.0463995920322524,1.1891139095732006
women,5,expectancy,64,4 Both,s3,1.1170068596538898,1.1155750237373683,1.0192787337949523,1.2238223622949769,1.0455291856127447,1.1915878003140867
women,5,expectancy,66,4 Both,s3,1.1179085638387745,1.1164320773262801,1.0173842194042622,1.2273358253135522,1.0444570700968332,1.1947361077531427
women,5,expectancy,68,4 Both,s3,1.1187226488814552,1.1172231213394412,1.0155562946020906,1.2317617272399632,1.0433331429794839,1.1977426615982143
women,5,expectancy,70,4 Both,s3,1.1192832331359237,1.1177003681350137,1.0132810961185945,1.2358091137053537,1.0416854464894143,1.2005416619985652
women,5,expectancy,72,4 Both,s3,1.1194757542441367,1.1177280008850117,1.010058344983066,1.2396790652228957,1.0396763032434362,1.2029978961096948
women,5,expectancy,74,4 Both,s3,1.1192231539753235,1.1173967423467732,1.0062884883494292,1.2433307319470908,1.0369727529074027,1.2052369229091342
women,5,expectancy,76,4 Both,s3,1.118489820973047,1.1165630732026293,1.0019103446854045,1.2470352228145705,1.033544458211534,1.2073223633415293
women,5,expectancy,78,4 Both,s3,1.1172941540271908,1.1152443905453038,0.9964924928888932,1.2504861793370259,1.0297855498817652,1.2092669270207073
women,5,expectancy,80,4 Both,s3,1.1157245563123883,1.11362471406861,0.9906655840470546,1.2539026154651154,1.02490055300126,1.2112643023694125
women,5,expectancy,82,4 Both,s3,1.1139538206370483,1.1115496233812383,0.9837644954558631,1.2582388335380397,1.0194582477544554,1.213135202521574
women,5,expectancy,84,4 Both,s3,1.112245611583432,1.1092955588502043,0.976650345601747,1.2622424728024009,1.013047635895346,1.2158182131507802
women,5,expectancy,86,4 Both,s3,1.110945488075488,1.1078328602356375,0.9689654408545899,1.2684893968121471,1.0070866703717767,1.219863730854142
women,5,expectancy,88,4 Both,s3,1.110449238662799,1.1069784660074138,0.9628693501231496,1.2773058134968156,1.0013201641878173,1.225282107582669
women,5,expectancy,90,4 Both,s3,1.1111453655845187,1.1071858569714723,0.9549010099316522,1.2886807037245895,0.9955565810836644,1.2328096617320075
women,5,expectancy,92,4 Both,s3,1.1133383756295114,1.1086841570368835,0.9487889336862272,1.3010142804951501,0.9906390030673597,1.243564287351185
women,5,expectancy,94,4 Both,s3,1.1171747818337798,1.111943892498632,0.9421477954333809,1.319141936357845,0.9865689275594072,1.2561302667669567
women,5,expectancy,96,4 Both,s3,1.1226092070301388,1.1168401093005236,0.9367801717770814,1.3402860337508722,0.9843614629311481,1.2712617586873738
women,5,expectancy,98,4 Both,s3,1.129459124117471,1.1223090047818591,0.9321853617624555,1.3634155840572006,0.9817878490912239,1.2896946061282706
women,5,expectancy,100,4 Both,s3,1.1376315801250658,1.1293447690687144,0.9278064827142225,1.3902443981838786,0.9802075371972065,1.310245396144221
women,5,expectancy,102,4 Both,s3,1.1478139509257939,1.138527348647977,0.9244072501102235,1.419971291860481,0.9795434341060425,1.3341337321330367
women,5,expectancy,104,4 Both,s3,1.1638608340261318,1.153241164853995,0.9257502428560559,1.4586475143251252,0.9842129703775642,1.3652167141517764
women,5,expectancy,106,4 Both,s3,1.2021465781318526,1.1893242770969459,0.944497890187309,1.5262227729424476,1.0065337011235405,1.42334214667071
women,5,expectancy,108,4 Both,s3,1.3324337611285308,1.3163455157965858,1.0371376795155314,1.706251924581735,1.1088355491130433,1.5853544235462302
women,5,expectancy,110,4 Both,s3,1.879882749677094,1.8694375852713203,1.4984489576171958,2.302756926619022,1.6009260008345068,2.1760202204470747
women,5,expectancy,50,1 Functional,s4,18.901148178824304,18.913180156530352,17.18077800815059,20.540605804657147,17.686123036842055,20.088130976090092
women,5,expectancy,52,1 Functional,s4,20.485517371839443,20.49167082501956,19.393363039549325,21.555636514641705,19.704533958589796,21.264357897964796
women,5,expectancy,54,1 Functional,s4,20.473353592778114,20.480156491834535,19.800402166889022,21.107967439602447,19.99477786460018,20.932018063246474
women,5,expectancy,56,1 Functional,s4,19.742370939097967,19.74925463443023,19.322288285632272,20.129244256689297,19.44278172846318,20.025908806160032
women,5,expectancy,58,1 Functional,s4,18.668184396672245,18.671026046398566,18.380477416479852,18.943538619456273,18.460274026295675,18.869930903421277
women,5,expectancy,60,1 Functional,s4,17.426807394771714,17.426443572269775,17.192932170085438,17.66215574391449,17.258479125426494,17.596843368386757
women,5,expectancy,62,1 Functional,s4,16.107974769182764,16.10733939768982,15.891000132199718,16.32992426639978,15.950523312629345,16.267069664845028
women,5,expectancy,64,1 Functional,s4,14.760510868998407,14.76029678261428,14.545909078019482,14.980217699426191,14.605162042162007,14.917240672361798
women,5,expectancy,66,1 Functional,s4,13.413047917491388,13.413627060124009,13.196463844652328,13.635310490918672,13.255849211623772,13.571779338510783
women,5,expectancy,68,1 Functional,s4,12.084161102896136,12.084668220077038,11.867140136382039,12.307937553946966,11.926299198454043,12.243534206673345
women,5,expectancy,70,1 Functional,s4,10.787455306318405,10.787493531421791,10.570589928512279,11.01134119922796,10.62872228026051,10.947702529994228
women,5,expectancy,72,1 Functional,s4,9.53411792533833,9.53435110666383,9.317753823463233,9.758596989857718,9.376321969630583,9.692992261069696
women,5,expectancy,74,1 Functional,s4,8.33415654534859,8.333842474047948,8.120681055086868,8.5564061078463,8.178345774897744,8.491443494964193
women,5,expectancy,76,1 Functional,s4,7.196924444081664,7.196365041184113,6.987936786778583,7.414495329056559,7.04366927532469,7.350949837697001
women,5,expectancy,78,1 Functional,s4,6.131234358095278,6.13030847246097,5.9281389504827375,6.341850759604207,5.982275426848788,6.280547048700902
women,5,expectancy,80,1 Functional,s4,5.145214472022514,5.14461982582687,4.9494325256279605,5.347358346417146,5.001396069697497,5.289520827024776
women,5,expectancy,82,1 Functional,s4,4.245995309992214,4.2451639262913785,4.058052706042056,4.439753715991319,4.108331680962705,4.383964056279112
women,5,expectancy,84,1 Functional,s4,3.4392939923334644,3.4383055266990548,3.261728907057673,3.6225118715276103,3.310284874123379,3.5696019931001968
women,5,expectancy,86,1 Functional,s4,2.728961532620996,2.7279706427950856,2.564460746235134,2.9003105865808316,2.6086198640219136,2.8508464368685695
women,5,expectancy,88,1 Functional,s4,2.1165645632546397,2.1155696844446137,1.9661243146552945,2.2753065907833347,2.0063253351326136,2.2288947473808483
women,5,expectancy,90,1 Functional,s4,1.6010733804851343,1.5997470694213722,1.4664911231313524,1.744030515418267,1.5024534272908452,1.7023357221040132
women,5,expectancy,92,1 Functional,s4,1.1787163766519984,1.1772714747654829,1.0602871682946808,1.3055306323549127,1.092434430408986,1.2679831788639535
women,5,expectancy,94,1 Functional,s4,0.8430384486962279,0.841543201804489,0.7408282875847548,0.9539498868893544,0.7689175237434295,0.9195988719034964
women,5,expectancy,96,1 Functional,s4,0.58517980291408,0.5836522183843947,0.5000943993590528,0.6781144748198591,0.5234348172466549,0.6496966333198811
women,5,expectancy,98,1 Functional,s4,0.3943844967665742,0.39290675352912585,0.32582887713718756,0.4706298871135972,0.3441988857446871,0.4470682123518806
women,5,expectancy,100,1 Functional,s4,0.25874763263899564,0.25743893344423496,0.20483714530347208,0.319395868918058,0.2192644996081499,0.30112384655732916
women,5,expectancy,102,1 Functional,s4,0.16618126276458078,0.16492119389087048,0.12457695346328185,0.2137318169332329,0.13557868370688944,0.19932256591031974
women,5,expectancy,104,1 Functional,s4,0.10550709945544316,0.10440636767351213,0.07345262336468587,0.14328255328117523,0.08193997884279047,0.1313083116980069
women,5,expectancy,106,1 Functional,s4,0.06758441175190692,0.06647818045436157,0.04283175546739493,0.09819672295298773,0.049085262666271785,0.08822747595380366
women,5,expectancy,108,1 Functional,s4,0.046921267866953616,0.04561468683700577,0.02621468885641389,0.07464908144423424,0.031133949065915704,0.06490382496409824
women,5,expectancy,110,1 Functional,s4,0.04740397739996637,0.045594711029241945,0.023019519317131754,0.08126093787984348,0.02850492913658782,0.06942028345196397
women,5,expectancy,50,2 Physical only,s4,5.418130192741953,5.414598370645721,4.864989026297071,6.000912601632098,5.017427906555314,5.828059594879598
women,5,expectancy,52,2 Physical only,s4,5.568717820413111,5.565063077502514,5.150765769543233,6.012250206194783,5.260895042242842,5.8812772931043495
women,5,expectancy,54,2 Physical only,s4,5.069567667133197,5.067904429659172,4.799152279248783,5.350597378263772,4.871587529750772,5.270315515921168
women,5,expectancy,56,2 Physical only,s4,4.631460750871704,4.631065762281427,4.447315529973866,4.822489174194321,4.497575490950504,4.768183555632684
women,5,expectancy,58,2 Physical only,s4,4.3014380365547495,4.301055668011015,4.155620417888358,4.4514156265182,4.195388987799339,4.408488370725888
women,5,expectancy,60,2 Physical only,s4,4.044710253795514,4.043936424929054,3.9088710097675374,4.182538864788228,3.947831067877269,4.142155571688472
women,5,expectancy,62,2 Physical only,s4,3.830763986249596,3.8300971367669705,3.69732984440135,3.9687804482956537,3.7354634968800973,3.9277029723877988
women,5,expectancy,64,2 Physical only,s4,3.640638398729028,3.6398626067915067,3.504021420085197,3.7808995868203312,3.543187907105351,3.740364377508148
women,5,expectancy,66,2 Physical only,s4,3.4634529629483954,3.46277567998092,3.323187975440598,3.6080926399446005,3.3640319450186125,3.5651070305388677
women,5,expectancy,68,2 Physical only,s4,3.2930361345253143,3.292248774735439,3.1506079435362,3.440557078147962,3.191586940521193,3.397515896130813
women,5,expectancy,70,2 Physical only,s4,3.125824585523904,3.1248475658201484,2.9814655986800784,3.2763511718301412,3.0217199592267567,3.2332158446052257
women,5,expectancy,72,2 Physical only,s4,2.9597051919623434,2.958714428817461,2.812781223849715,3.1131206392348254,2.853664390326433,3.0685069748511578
women,5,expectancy,74,2 Physical only,s4,2.7934131512811717,2.7922599075023857,2.6444897932219606,2.9486064615686804,2.6857045682892875,2.9035912372405295
women,5,expectancy,76,2 Physical only,s4,2.6262327427317476,2.6248947555292395,2.475862368086561,2.7838456566603296,2.5178383175171057,2.7372948168163105
women,5,expectancy,78,2 Physical only,s4,2.457855517383227,2.4561841063784455,2.307239197335269,2.617775808140467,2.3492312570887783,2.570481976843824
women,5,expectancy,80,2 Physical only,s4,2.2883157372397718,2.286623719580402,2.137347168645088,2.4494687727957936,2.1788387509314324,2.4017261632004585
women,5,expectancy,82,2 Physical only,s4,2.117958176288504,2.1160687666646667,1.966657579041156,2.279940723862193,2.0079191717814147,2.2315429786158103
women,5,expectancy,84,2 Physical only,s4,1.9474123420821914,1.945678151364889,1.7949884961130091,2.109868925598266,1.838081969055439,2.061316473158819
women,5,expectancy,86,2 Physical only,s4,1.777558951114205,1.775774645467251,1.6253550487319406,1.939862328208384,1.668196272548747,1.8919348828639857
women,5,expectancy,88,2 Physical only,s4,1.609484644975718,1.6075419387909273,1.4581716326893708,1.7712911012432575,1.499883251034148,1.7243057086487314
women,5,expectancy,90,2 Physical only,s4,1.4444315432925166,1.4426229042526173,1.2934281941403472,1.6070785343147629,1.3357722149677036,1.5589400332638004
women,5,expectancy,92,2 Physical only,s4,1.2837569561373339,1.2816054345726708,1.1346288572681056,1.4459889800076886,1.175369980123282,1.3980114970634898
women,5,expectancy,94,2 Physical only,s4,1.1289183786119787,1.1264711383736064,0.9814935992743682,1.2913970320433041,1.0212131149613843,1.243919138386668
women,5,expectancy,96,2 Physical only,s4,0.9814827319469678,0.9784878754259181,0.8345485392128774,1.14472218145584,0.8738582812793132,1.096341614698888
women,5,expectancy,98,2 Physical only,s4,0.8431332389307057,0.8402143212396219,0.6969489141735707,1.0082025429018084,0.7350919055434146,0.9586702099783844
women,5,expectancy,100,2 Physical only,s4,0.715647721910887,0.7120697752659814,0.569534593540789,0.8838780994164755,0.6070971316875681,0.8318486879010281
women,5,expectancy,102,2 Physical only,s4,0.6009126302201772,0.5965069330736281,0.45592458760025556,0.7715536149628234,0.49195893450775585,0.7186790160480098
women,5,expectancy,104,2 Physical only,s4,0.5013386767692154,0.49601619247391254,0.35666712286902313,0.6730467968612184,0.3922407580378505,0.6213147286447819
women,5,expectancy,106,2 Physical only,s4,0.4221123451342894,0.4161415287307108,0.2767116482395508,0.6005243565259581,0.3109731540815282,0.5455989406898434
women,5,expectancy,108,2 Physical only,s4,0.3817642980684344,0.37365062038530605,0.22678422104555382,0.5811760302589246,0.2626991280886015,0.5169986845543975
women,5,expectancy,110,2 Physical only,s4,0.4655818727635588,0.4548934325567585,0.251904280518325,0.7438373224230247,0.2993231076949863,0.6532844420016273
women,5,expectancy,50,3 Cognitive only,s4,0.7339783707341462,0.7277156185289193,0.6349395126640356,0.8708877840102188,0.6587375247409208,0.8228479678512186
women,5,expectancy,52,3 Cognitive only,s4,0.7604380002407268,0.755751389479135,0.6803131658334788,0.8665854192697576,0.70005157431187,0.8304023078935765
women,5,expectancy,54,3 Cognitive only,s4,0.7208467369774697,0.7198669753091982,0.6633312729245918,0.7841674568191617,0.6784260657514429,0.7651686851284816
women,5,expectancy,56,3 Cognitive only,s4,0.7045796106657778,0.7040473872949835,0.6509415444651695,0.7623109597477064,0.6652294202331206,0.745194703236517
women,5,expectancy,58,3 Cognitive only,s4,0.6974648170194678,0.6970194310595278,0.6434096714356706,0.7554479455243196,0.6578004211654345,0.7384506091427604
women,5,expectancy,60,3 Cognitive only,s4,0.6924506661603963,0.6919880144766763,0.6368602785472898,0.7517407951807259,0.6518132756844454,0.7347037214250364
women,5,expectancy,62,3 Cognitive only,s4,0.6873258802966228,0.6867467472534932,0.6301039344078027,0.7482837365291617,0.6457394107773607,0.7306065889814626
women,5,expectancy,64,3 Cognitive only,s4,0.681407626570456,0.6807618266548126,0.6226052591397186,0.7440582396126795,0.6387074714444753,0.7257632484419954
women,5,expectancy,66,3 Cognitive only,s4,0.6744268599313016,0.6736385044524393,0.6141767354497006,0.7387003120896292,0.6306736143988688,0.7198373425344579
women,5,expectancy,68,3 Cognitive only,s4,0.6662120029948563,0.6652996687370616,0.6045335112975606,0.7321779868344482,0.6214596228669826,0.7125838733609366
women,5,expectancy,70,3 Cognitive only,s4,0.6566053138652415,0.6555481195118386,0.5933534534029369,0.724263391496141,0.6108006655353644,0.704091368657258
women,5,expectancy,72,3 Cognitive only,s4,0.6454435370416104,0.6444447787361482,0.5807723056627547,0.7145881725537611,0.5986087452509933,0.6941753082725574
women,5,expectancy,74,3 Cognitive only,s4,0.6325560176924683,0.6315023259928618,0.5665600679965255,0.70306814687000585,0.5846329605519878,0.6826231615283785
women,5,expectancy,76,3 Cognitive only,s4,0.6177674270189496,0.6168489529011858,0.5498580382341176,0.689885610692273,0.5688129842564732,0.6692358240458944
women,5,expectancy,78,3 Cognitive only,s4,0.6009013951237304,0.5998398130389977,0.5318483602598519,0.674411273350916,0.5507943661290883,0.6534148510600721
women,5,expectancy,80,3 Cognitive only,s4,0.5817837653647625,0.5806661456414788,0.5118044483334055,0.6562793914838977,0.5306736018420128,0.63517225814454
women,5,expectancy,82,3 Cognitive only,s4,0.5602450509377632,0.5591332971802664,0.48903200349585124,0.6363672975820338,0.5084946847047549,0.6147088047646887
women,5,expectancy,84,3 Cognitive only,s4,0.5361226879075945,0.5349848434362929,0.4639009338073372,0.6134647800193631,0.48364078516689013,0.5912390102621613
women,5,expectancy,86,3 Cognitive only,s4,0.5092656223207568,0.5080171926498404,0.43628960002419076,0.5876843857361257,0.45622012363551045,0.5651448216549986
women,5,expectancy,88,3 Cognitive only,s4,0.4795469621593009,0.4782347527928518,0.40678567818459566,0.5591941723221728,0.4262178133612494,0.5361953150963765
women,5,expectancy,90,3 Cognitive only,s4,0.44689422484817964,0.44552249248730613,0.37348995322213335,0.5276701454604767,0.39335039436339087,0.5037937888525003
women,5,expectancy,92,3 Cognitive only,s4,0.41134841630045255,0.40979427816978997,0.3384668846690705,0.4924908906800293,0.35799037170807557,0.4683368960351255
women,5,expectancy,94,3 Cognitive only,s4,0.3731573224218694,0.37136625786158106,0.30133788676859957,0.4550478204872179,0.32041375951326106,0.4295795654965273
women,5,expectancy,96,3 Cognitive only,s4,0.3328891847846893,0.3309225892981826,0.2633164462166758,0.41462697159020895,0.2811104554419191,0.3888286017110182
women,5,expectancy,98,3 Cognitive only,s4,0.2915230749882321,0.2892482201868853,0.22388718463301902,0.37208733856558934,0.24079371077405806,0.34744858113313826
women,5,expectancy,100,3 Cognitive only,s4,0.25045484448678035,0.24779301966182604,0.18495896506757578,0.3308169128603701,0.20087203881856913,0.305851379557625
women,5,expectancy,102,3 Cognitive only,s4,0.21139626853872928,0.20844505698952748,0.14812630191896597,0.29230499384877345,0.16319875388283583,0.2659405033098696
women,5,expectancy,104,3 Cognitive only,s4,0.17629791768167288,0.17273364116990514,0.11545221037633711,0.2581921017047971,0.12943021056464438,0.23028067090595108
women,5,expectancy,106,3 Cognitive only,s4,0.14787167578421764,0.14368678491827194,0.08806565444150626,0.23246674540970974,0.1016024101772136,0.20254895375374335
women,5,expectancy,108,3 Cognitive only,s4,0.13309380446882493,0.1276409065169138,0.07051883407244332,0.2268620636664183,0.08415424838016403,0.19284237231919285
women,5,expectancy,110,3 Cognitive only,s4,0.1618405691425218,0.15333513450341157,0.07597800533985943,0.295428616076281,0.09377091171758246,0.24722400266058164
women,5,expectancy,50,4 Both,s4,2.4901380712146963,2.4800973243232565,2.29595076729115,2.734022252851074,2.3426653949584204,2.6534220742010044
women,5,expectancy,52,4 Both,s4,1.4323139850111406,1.4252214137562218,1.271380202388456,1.63144699690359,1.3111709283053152,1.566009369530979
women,5,expectancy,54,4 Both,s4,1.2131793793841688,1.2110907134813005,1.1083982733111335,1.3321547763625614,1.1358242206924147,1.2945704645278007
women,5,expectancy,56,4 Both,s4,1.1536420030688541,1.1522862907687585,1.0605989622274812,1.2539564087557555,1.0858963365681815,1.2234377314421159
women,5,expectancy,58,4 Both,s4,1.1330981411558672,1.1317430707283296,1.0409219552667806,1.2332123987201862,1.0660660257339272,1.2021905533165567
women,5,expectancy,60,4 Both,s4,1.1248687118595764,1.1234848039598921,1.031089084768763,1.2268582530508936,1.0567835594869641,1.1955267397520328
women,5,expectancy,62,4 Both,s4,1.1214412881050368,1.1200152948058666,1.026092871607179,1.2253339001822703,1.0516955278609734,1.1939381846342327
women,5,expectancy,64,4 Both,s4,1.1201518894661373,1.1187416098157532,1.0223243339133254,1.2266857182511783,1.0486134259875115,1.1947694001709
women,5,expectancy,66,4 Both,s4,1.1198416549374741,1.1184466784789027,1.0192367821886792,1.2292176171877525,1.0464847341400172,1.1965665711718014
women,5,expectancy,68,4 Both,s4,1.1199132695386564,1.1184077845319245,1.016846785891127,1.2328056896373971,1.044448191053399,1.1988293438139246
women,5,expectancy,70,4 Both,s4,1.1200155773274225,1.1184271941925745,1.01396524412512,1.236467095838949,1.0423985321338913,1.2012851436919352
women,5,expectancy,72,4 Both,s4,1.1199243304587898,1.1182047783972173,1.010491214106972,1.2401478292305843,1.040030110616021,1.2035758539917707
women,5,expectancy,74,4 Both,s4,1.119496069793041,1.1176562514366457,1.0065990908857607,1.243622314145232,1.0371689062987663,1.2055514102287463
women,5,expectancy,76,4 Both,s4,1.1186543738093357,1.1167107625104316,1.0021527671825952,1.2471732316892061,1.0337447432400295,1.2075027995266048
women,5,expectancy,78,4 Both,s4,1.1173922881694838,1.115344760168526,0.9966222137930553,1.2505893358763691,1.0298608158222302,1.2093659444508549
women,5,expectancy,80,4 Both,s4,1.1157823531577777,1.1136747805813676,0.9907342628710674,1.2539752509799653,1.0249513397055774,1.2113293239679443
women,5,expectancy,82,4 Both,s4,1.1139874027956334,1.1115777850199318,0.9838242516816044,1.2582811078376104,1.019501485411934,1.2131671610316033
women,5,expectancy,84,4 Both,s4,1.1122648534938688,1.1093149531084747,0.9766640323687168,1.2622593230885812,1.0130597977297202,1.2158424484706298
women,5,expectancy,86,4 Both,s4,1.1109563632941257,1.1078457639161434,0.9689765665378518,1.2685007865169429,1.0070947665535899,1.2198714816269176
women,5,expectancy,88,4 Both,s4,1.110455307645364,1.1069830528290532,0.9628737636528859,1.2773119604243959,1.0013262071354811,1.2252868572229227
women,5,expectancy,90,4 Both,s4,1.1111487155432838,1.107189061142957,0.9549023600417386,1.2886899782833703,0.9955587080662625,1.2328126450158678
women,5,expectancy,92,4 Both,s4,1.113340208978786,1.1086858175981564,0.9487898238888353,1.301017026198769,0.9906423150776834,1.2435653542046323
women,5,expectancy,94,4 Both,s4,1.1171757794265362,1.111944773681073,0.9421482904416323,1.3191429306040292,0.9865692055389204,1.2561312549851127
women,5,expectancy,96,4 Both,s4,1.1226097482749093,1.1168406486674707,0.9367803637412906,1.3402866857794533,0.9843619174526659,1.271261916148069
women,5,expectancy,98,4 Both,s4,1.129459417561455,1.1223092363936538,0.9321856282521118,1.3634160712451497,0.9817879376372328,1.2896951784983397
women,5,expectancy,100,4 Both,s4,1.137631739212474,1.1293448352082378,0.9278066292036888,1.3902447989553448,0.9802076192554883,1.3102458690662833
women,5,expectancy,102,4 Both,s4,1.14781403700115,1.1385273816654804,0.9244072995785713,1.4199714184358703,0.9795435159758926,1.3341337737362824
women,5,expectancy,104,4 Both,s4,1.163860880266527,1.1532411941543064,0.9257502512709012,1.4586475790698274,0.9842130023714817,1.3652168255417185
women,5,expectancy,106,4 Both,s4,1.2021466027136625,1.1893242871357494,0.9444979150182451,1.5262228260946282,1.0065337176153815,1.4233422341352227
women,5,expectancy,108,4 Both,s4,1.3324337748237511,1.3163455156005137,1.037137689649763,1.7062519471164492,1.1088355493897109,1.5853544373008703
women,5,expectancy,110,4 Both,s4,1.8798827626268515,1.8694376085417805,1.4984489648345347,2.302756965328632,1.600926003111885,2.176020254716815
women,5,total_expectancy,50,Total,population,31.467577496531145,31.468476669352228,31.162470359660844,31.77405980072359,31.249963209082683,31.68498097259915
women,5,total_expectancy,52,Total,population,29.846092507627425,29.846247198107935,29.55885955225665,30.137362195969523,29.639684752304785,30.051743392992055
women,5,total_expectancy,54,Total,population,28.22667282597246,28.227352429739057,27.948762777009584,28.508612944617514,28.02533201634413,28.426243430499685
women,5,total_expectancy,56,Total,population,26.609655874546117,26.610051149291706,26.33425404020893,26.89208587173889,26.409426442751812,26.81043453509196
women,5,total_expectancy,58,Total,population,24.99763338899405,24.997881351864617,24.719205410926623,25.284886499206287,24.795198167827895,25.201147401204462
women,5,total_expectancy,60,Total,population,23.39453319355456,23.393809274724283,23.110472737491907,23.68657167419008,23.188476466004722,23.601935780532823
women,5,total_expectancy,62,Total,population,21.8050624502867,21.804045137088988,21.515540369797026,22.104280243119188,21.595516242304004,22.019504757619117
women,5,total_expectancy,64,Total,population,20.234469120609802,20.23337524958305,19.938292061611705,20.54207965715057,20.020353250171247,20.45260604355349
women,5,total_expectancy,66,Total,population,18.68847023157565,18.687545912396253,18.385427616963053,19.001598224781386,18.470375807574122,18.910399591942685
women,5,total_expectancy,68,Total,population,17.17325191206204,17.172116655845905,16.86703810447013,17.491605306739682,16.95227815072875,17.399696729223574
women,5,total_expectancy,70,Total,population,15.69548603672716,15.694443167889958,15.38595848626041,16.016772500259563,15.472112308721579,15.923395495159424
women,5,total_expectancy,72,Total,population,14.262328691183155,14.261072561932604,13.952713899446067,14.585461799604897,14.037351619818265,14.491115147095973
women,5,total_expectancy,74,Total,population,12.881375009480344,12.88016702665665,12.572313077512115,13.20629131664586,12.656737334257372,13.109934918371593
women,5,total_expectancy,76,Total,population,11.5605493661565,11.559107004780461,11.254046039612584,11.882298539380747,11.337578729451291,11.786744690646486
women,5,total_expectancy,78,Total,population,10.307913499681291,10.305785678630805,10.00738540000886,10.624727706829676,10.087837010886727,10.531091163123074
women,5,total_expectancy,80,Total,population,9.13138087110439,9.12908402740828,8.836979387495544,9.443813508881155,8.915376364029493,9.349982375323547
women,5,total_expectancy,82,Total,population,8.038335688884503,8.036012404301104,7.752710266509708,8.345143694825822,7.8279669461628485,8.25200335274486
women,5,total_expectancy,84,Total,population,7.0351709301316365,7.032506435242098,6.7586774721603176,7.333141345203463,6.832274406236986,7.243236903299694
women,5,total_expectancy,86,Total,population,6.126781167087106,6.124137891974549,5.860296549994242,6.412102127949274,5.931563890135801,6.326545230647673
women,5,total_expectancy,88,Total,population,5.316070428065893,5.3129646723682304,5.061006628125181,5.5872269254459725,5.130663343962127,5.50727316039502
women,5,total_expectancy,90,Total,population,4.603556910944119,4.6007452779317095,4.360256420037834,4.863016153001349,4.427214819210181,4.785069325222259
women,5,total_expectancy,92,Total,population,3.987166170787754,3.9841705234002465,3.75711649510282,4.235602668897603,3.81985266828596,4.159867414586543
women,5,total_expectancy,94,Total,population,3.462291844594697,3.4597569884033468,3.24542567778135,3.697700889946779,3.3046353474676766,3.625901836963195
women,5,total_expectancy,96,Total,population,3.0221623195116027,3.019035126818304,2.8189389929958812,3.246161615450592,2.873532319318726,3.1777579444468538
women,5,total_expectancy,98,Total,population,2.6585005991939576,2.6548663746720407,2.4671273328435785,2.87477546332253,2.517977708758157,2.80723077603975
women,5,total_expectancy,100,Total,population,2.3624820971056586,2.357671805088633,2.1800711691063026,2.5749140970291755,2.2280825026206506,2.5069686809262706
women,5,total_expectancy,102,Total,population,2.126304265901647,2.1199781006941336,1.949364691571188,2.336562337151816,1.9957081867234159,2.2690260009712415
women,5,total_expectancy,104,Total,population,1.947004602979625,1.9393765202252629,1.7719194261133777,2.164052776020887,1.816507825724545,2.0918035246930096
women,5,total_expectancy,106,Total,population,1.839715048341082,1.8299622599591605,1.6576407397202229,2.0727067851780214,1.7025258428854146,1.9948518034924554
women,5,total_expectancy,108,Total,population,1.8942131517316128,1.8829078797147227,1.6925565194255003,2.1552876127238454,1.7423368533500885,2.0667660072412883
women,5,total_expectancy,110,Total,population,2.5547091840330727,2.5435752754253285,2.4027872892497917,2.766859934518404,2.438017338565631,2.6919148757013063
women,5,total_expectancy,50,Total,s1,31.76079882160293,31.7622840030055,31.46554220776851,32.05938614731988,31.546428553143272,31.97234664672717
women,5,total_expectancy,52,Total,s1,29.998802846262237,29.999297096897894,29.715487894184367,30.286159599285483,29.79452199876071,30.20247590000285
women,5,total_expectancy,54,Total,s1,28.306620573684093,28.306802248985036,28.029704577812677,28.58819313930659,28.105589169973978,28.506065873979587
women,5,total_expectancy,56,Total,s1,26.65194854331429,26.651929711250222,26.37553061286665,26.93352278886167,26.45181839400799,26.852408273006898
women,5,total_expectancy,58,Total,s1,25.02027281976038,25.020550155337276,24.74162936470809,25.30713848830268,24.818473743856902,25.223657823871125
women,5,total_expectancy,60,Total,s1,23.406801021097156,23.406025744362072,23.123147499773673,23.69883610721714,23.2004499008332,23.61416915344615
women,5,total_expectancy,62,Total,s1,21.811789011350726,21.81091193895869,21.522575339294864,22.110252924791855,21.602506997592165,22.026345149862667
women,5,total_expectancy,64,Total,s1,20.238196513218206,20.237058835938875,19.941706215497838,20.54613666678422,20.02407338461636,20.45643449703058
women,5,total_expectancy,66,Total,s1,18.690553307436623,18.68973625976386,18.38726905548917,19.003791878530514,18.472521738669908,18.91251866245092
women,5,total_expectancy,68,Total,s1,17.17442267051264,17.173275463271146,16.8680691564605,17.492616859408493,16.953457873648585,17.40090098792368
women,5,total_expectancy,70,Total,s1,15.696145524105573,15.695105957092167,15.386592888674503,16.01746150863424,15.472669172060364,15.924112646894736
women,5,total_expectancy,72,Total,s1,14.262699595850963,14.26140717931056,13.953014009792048,14.585869265925153,14.037749374490328,14.491522298039634
women,5,total_expectancy,74,Total,s1,12.88158244719831,12.880380134870899,12.57248525111443,13.206488204420554,12.656917850353889,13.11015055748437
women,5,total_expectancy,76,Total,s1,11.560664269493614,11.559241418473313,11.254167732675963,11.882417795831484,11.337695072182061,11.786848392270446
women,5,total_expectancy,78,Total,s1,10.307976293863124,10.305850634501551,10.007454858578745,10.624807252682876,10.087898795329211,10.5311447896492
women,5,total_expectancy,80,Total,s1,9.131414608482203,9.129116255147224,8.837014679005268,9.443841836052655,8.915409569825185,9.35001602257048
women,5,total_expectancy,82,Total,s1,8.038353454320701,8.03602671308775,7.752724863785384,8.345156467804028,7.82798478062125,8.252022988891214
women,5,total_expectancy,84,Total,s1,7.035180076378586,7.032513624274301,6.758685567701743,7.333149448172454,6.832282654871138,7.243245576518999
women,5,total_expectancy,86,Total,s1,6.126785762812539,6.124142487564317,5.860302294602703,6.412107563011844,5.93156868523613,6.326550088263594
women,5,total_expectancy,88,Total,s1,5.316072679680093,5.312967399502087,5.061008585520409,5.587229412963652,5.130665159447967,5.507275328039359
women,5,total_expectancy,90,Total,s1,4.603557986394639,4.6007462750686265,4.360257713304924,4.86301739158941,4.427216013627193,4.7850704182659225
women,5,total_expectancy,92,Total,s1,3.9871666718284695,3.9841709353639834,3.757116921223096,4.2356033363723755,3.8198530091315956,4.15986798918664
women,5,total_expectancy,94,Total,s1,3.462292072523027,3.459757276909748,3.2454259655503748,3.6977010914263837,3.304635599375401,3.625902107541483
women,5,total_expectancy,96,Total,s1,3.02216242090076,3.019035247340852,2.8189390496771503,3.246161705080083,2.8735324181533226,3.1777581335971314
women,5,total_expectancy,98,Total,s1,2.658500643383382,2.6548664057642504,2.4671273651389805,2.874775502006359,2.5179777310261136,2.807230828057007
women,5,total_expectancy,100,Total,s1,2.3624821160413023,2.35767182068591,2.1800711879492214,2.574914120890641,2.2280825275051277,2.506968701156035
women,5,total_expectancy,102,Total,s1,2.1263042739385787,2.1199781111290252,1.9493646959282986,2.336562354439789,1.9957081933445062,2.269026008419992
women,5,total_expectancy,104,Total,s1,1.947004606418666,1.93937652155864,1.7719194282213122,2.164052780016036,1.8165078283239602,2.0918035269623707
women,5,total_expectancy,106,Total,s1,1.8397150498895996,1.8299622614397952,1.6576407412222076,2.072706788423764,1.7025258438002033,1.9948518047086394
women,5,total_expectancy,108,Total,s1,1.8942131525099584,1.882907879597346,1.6925565197469685,2.155287614948284,1.74233685455819,2.0667660080804504
women,5,total_expectancy,110,Total,s1,2.554709184284817,2.543575275533282,2.4027872894772875,2.7668599352398595,2.4380173386033706,2.6919148759014955
women,5,total_expectancy,50,Total,s2,29.689398281161495,29.700288072862726,29.088889743784428,30.235614239027615,29.26614034803402,30.087297381312773
women,5,total_expectancy,52,Total,s2,28.862448954303595,28.865933201109883,28.465433820719873,29.241078230584474,28.581221539214845,29.136950848263453
women,5,total_expectancy,54,Total,s2,27.69610466772068,27.69649277444732,27.378853353887166,28.012950721262172,27.471364376933426,27.92096672726216
women,5,total_expectancy,56,Total,s2,26.324562769885336,26.324414562363827,26.036044015558502,26.61737723552535,26.116563190932514,26.533366049627002
women,5,total_expectancy,58,Total,s2,24.84372509353488,24.843841777076037,24.562516597812827,25.134003266922058,24.639535812601906,25.04909313012573
women,5,total_expectancy,60,Total,s2,23.310740774957935,23.309906045828768,23.02644587480056,23.60290291841521,23.104340336382265,23.519830993326952
women,5,total_expectancy,62,Total,s2,21.758995774466513,21.75795925180709,21.46998138538805,22.05929464746806,21.548860686443344,21.97343233792284
women,5,total_expectancy,64,Total,s2,20.208902893103346,20.207491083365802,19.911857830256825,20.51657737844171,19.994384561336584,20.427634121175807
women,5,total_expectancy,66,Total,s2,18.67416949009346,18.6731321211246,18.370998168440384,18.987057228092052,18.456528335715973,18.89597232882633
women,5,total_expectancy,68,Total,s2,17.16521008621648,17.16436206371722,16.858770300599375,17.483329005298604,16.944196266489776,17.391770886234895
women,5,total_expectancy,70,Total,s2,15.690954600331477,15.689798859342591,15.381503813315424,16.01212930727588,15.467854821896612,15.918616324056519
women,5,total_expectancy,72,Total,s2,14.259779632806705,14.25826243344392,13.950309648686584,14.582666107741444,14.034843258962903,14.488630102619913
women,5,total_expectancy,74,Total,s2,12.87994920035993,12.878657937824102,12.570958788399631,13.204816864049008,12.655283094635836,13.10840095103146
women,5,total_expectancy,76,Total,s2,11.559759517980247,11.558256297666603,11.253220470448216,11.881422584363566,11.336658781299132,11.7859528242092
women,5,total_expectancy,78,Total,s2,10.307481824920858,10.305350594527773,10.006910667550889,10.624232131495166,10.087362187777941,10.530659792209596
women,5,total_expectancy,80,Total,s2,9.131148934900077,9.12885503016188,8.836737661247128,9.443617847062706,8.915137755941606,9.34974657035745
women,5,total_expectancy,82,Total,s2,8.038213551214822,8.035902643760071,7.752585662966255,8.345010868439552,7.827815966680587,8.251859299485197
women,5,total_expectancy,84,Total,s2,7.035108047393405,7.032447279738534,6.7586167207389485,7.333085131917167,6.832215676777551,7.243177202597477
women,5,total_expectancy,86,Total,s2,6.12674956931564,6.124107119622818,5.860258964277951,6.412063359639219,5.931531608564222,6.3265107811815255
women,5,total_expectancy,88,Total,s2,5.316054946689816,5.312944958313302,5.060993134096989,5.587210155348351,5.130651213567476,5.5072576922844725
women,5,total_expectancy,90,Total,s2,4.603549516281836,4.600738737956147,4.360247557478605,4.86300757317622,4.427206593983304,4.785061431821255
women,5,total_expectancy,92,Total,s2,3.987162725608657,3.9841676444069165,3.757113567442368,4.23559820527784,3.819850321909528,4.1598633792684065
women,5,total_expectancy,94,Total,s2,3.4622902773177975,3.459755058720365,3.2454237908226267,3.697699504271464,3.304633665664549,3.6258999752281125
women,5,total_expectancy,96,Total,s2,3.022161622332116,3.0190343202620094,2.81893859370116,3.246161019016366,2.873531574699171,3.1777565948253454
women,5,total_expectancy,98,Total,s2,2.6585002953338153,2.6548661643981832,2.467127112163747,2.874775200192663,2.5179775431078655,2.8072304159611137
women,5,total_expectancy,100,Total,s2,2.362481966898579,2.357671698394342,2.180071035558729,2.5749139334390105,2.228082338057943,2.5069685388333762
women,5,total_expectancy,102,Total,s2,2.1263042106377643,2.1199780318564145,1.9493646616824298,2.3365622157246304,1.9957081409314785,2.2690259513469604
women,5,total_expectancy,104,Total,s2,1.9470045793322313,1.9393765107965035,1.7719194117133799,2.1640527471076973,1.8165078083309636,2.091803509508945
women,5,total_expectancy,106,Total,s2,1.839715037693356,1.8299622506339528,1.657640729760739,2.072706762243324,1.702525836841322,1.9948517949584597
women,5,total_expectancy,108,Total,s2,1.8942131463796086,1.882907880449018,1.6925565171561496,2.1552875980072335,1.7423368450095387,2.0667660014081464
women,5,total_expectancy,110,Total,s2,2.554709182302087,2.5435752747039984,2.4027872877643506,2.766859929340256,2.438017338309167,2.69191487436169
women,5,total_expectancy,50,Total,s3,30.699344522066035,30.742890433501394,29.770057747420115,31.375441312365076,30.094609242249724,31.220663683627468
women,5,total_expectancy,52,Total,s3,29.435209759810245,29.44361098196886,28.982551561056624,29.842229533802065,29.11807703580881,29.735563189303775
women,5,total_expectancy,54,Total,s3,28.03538531194705,28.036672319989314,27.699377253935296,28.355811707598697,27.80006864772215,28.266235321173696
women,5,total_expectancy,56,Total,s3,26.51823335487543,26.51841434520495,26.225467720651203,26.811819416971343,26.30984485590094,26.727000539282457
women,5,total_expectancy,58,Total,s3,24.952004281647024,24.952088619780717,24.668188390310313,25.2420474186739,24.747372713606893,25.15730096062142
women,5,total_expectancy,60,Total,s3,23.370907048157193,23.370129341467596,23.08643281165127,23.66428022404443,23.164249911298835,23.57915554248749
women,5,total_expectancy,62,Total,s3,21.792482042191907,21.791363234026154,21.503074209580426,22.091479862471363,21.58259937051058,22.006742838627815
women,5,total_expectancy,64,Total,s3,20.227630314673764,20.226600338463054,19.93062118107176,20.534649762050293,20.012448909017355,20.445720892303537
women,5,total_expectancy,66,Total,s3,18.684697375510805,18.68396999022884,18.381981562415582,18.998362961238083,18.46683965012658,18.906668191924027
women,5,total_expectancy,68,Total,s3,17.17115050687807,17.17011066078536,16.864786774184932,17.489296947120376,16.950208772508557,17.397590948252887
women,5,total_expectancy,70,Total,s3,15.694310078404024,15.693105604735678,15.384874983251837,16.015909319170056,15.471067914065555,15.921881112983247
women,5,total_expectancy,72,Total,s3,14.261670606780571,14.26048154335918,13.95218892592424,14.584873798835698,14.03669635229004,14.490386204381252
women,5,total_expectancy,74,Total,s3,12.88100839858973,12.879824652349079,12.571945144175727,13.206081448216732,12.656249660563576,13.109669984274312
women,5,total_expectancy,76,Total,s3,11.560346935956748,11.558853585977918,11.253979929222947,11.882066675418244,11.337369408898022,11.786572101329975
women,5,total_expectancy,78,Total,s3,10.307803160713423,10.305676627367115,10.007182509317667,10.62456285685187,10.08768338221143,10.530979273048679
women,5,total_expectancy,80,Total,s3,9.131321718172854,9.129041071063902,8.836951097969592,9.44377362775668,8.91529910962422,9.349880872327708
women,5,total_expectancy,82,Total,s3,8.038304596744663,8.03597453645228,7.752663723905054,8.345094345213425,7.827927941962245,8.25197747357736
women,5,total_expectancy,84,Total,s3,7.035154947100632,7.032493167530564,6.758670065604809,7.333125675539261,6.832256995623253,7.243225399406754
women,5,total_expectancy,86,Total,s3,6.12677314609543,6.124132516380737,5.860285726105785,6.412094924057003,5.931560466709177,6.326525975877974
women,5,total_expectancy,88,Total,s3,5.316066502236604,5.312957700373366,5.061004693860949,5.587223027425439,5.130657030451568,5.507269573013824
women,5,total_expectancy,90,Total,s3,4.603555037288838,4.600742744671795,4.360254330653796,4.863015033364081,4.4272132886441735,4.785067257615041
women,5,total_expectancy,92,Total,s3,3.9871652983638994,3.984169791688978,3.757115681404221,4.235601559093578,3.819851856830103,4.15986653267209
women,5,total_expectancy,94,Total,s3,3.4622914478623814,3.4597566369232524,3.2454257111705362,3.6977008291112203,3.304634982188846,3.6259011661079
women,5,total_expectancy,96,Total,s3,3.022162143062528,3.019035039864235,2.8189389295580374,3.2461614737769318,2.87353226808404,3.1777577581245806
women,5,total_expectancy,98,Total,s3,2.658500522290545,2.6548663203990475,2.4671272420962462,2.8747753658890565,2.517977664118986,2.8072306294802742
women,5,total_expectancy,100,Total,s3,2.362482064148655,2.3576717082903387,2.1800711506559067,2.574914056587846,2.228082480240298,2.5069686618958
women,5,total_expectancy,102,Total,s3,2.126304251912752,2.119978083855225,1.9493646866144705,2.3365623258402457,1.9957081759719624,2.269025985399771
women,5,total_expectancy,104,Total,s3,1.9470045969946639,1.9393765186760936,1.7719194205150202,2.1640527725172922,1.8165078245052784,2.0918035193292153
women,5,total_expectancy,106,Total,s3,1.8397150456476805,1.8299622576219197,1.6576407369357868,2.072706774558654,1.7025258401747978,1.9948518023229602
women,5,total_expectancy,108,Total,s3,1.894213150379123,1.8829078801559889,1.6925565191693626,2.15528760691508,1.7423368506383345,2.0667660055012202
women,5,total_expectancy,110,Total,s3,2.5547091835963314,2.543575275147028,2.402787289007544,2.766859932810197,2.43801733852511,2.691914875234385
women,5,total_expectancy,50,Total,s4,27.5433948135151,27.60426718639431,25.614344257368437,29.12594296543165,26.215788361126833,28.7476374943975
women,5,total_expectancy,52,Total,s4,28.24698717750442,28.267989729500066,27.393255159071764,28.974254732575446,27.672071089792013,28.78407386077827
women,5,total_expectancy,54,Total,s4,27.47694737627295,27.4846628938779,26.994231168981166,27.912871302535713,27.139005246225,27.800896968081933
women,5,total_expectancy,56,Total,s4,26.2320533037043,26.233736722603187,25.89178599200858,26.56736047451126,25.98617235469466,26.473473937472434
women,5,total_expectancy,58,Total,s4,24.80018539140233,24.800284801837627,24.50493798147042,25.101807817489796,24.584826558685496,25.015548436796237
women,5,total_expectancy,60,Total,s4,23.2888370265872,23.287702659229474,23.0005542165762,23.585437579184937,23.078795099711137,23.500461765368062
women,5,total_expectancy,62,Total,s4,21.74750592383402,21.74610476730743,21.457169715542523,22.048821207171834,21.536120337176346,21.96250411958265
women,5,total_expectancy,64,Total,s4,20.20270878376403,20.201568752437694,19.905445949142347,20.511093491807397,19.98787654914479,20.421487473317878
women,5,total_expectancy,66,Total,s4,18.670769395308557,18.66986065476016,18.36795561983275,18.985213204489455,18.452427964063343,18.89315905916105
women,5,total_expectancy,68,Total,s4,17.163322509954963,17.162458413964004,16.856303966159274,17.481875580851835,16.942091482387326,17.389829308669245
women,5,total_expectancy,70,Total,s4,15.689900783034973,15.688605522911011,15.380839914739333,16.0117298269075,15.466512013018768,15.917468325058964
women,5,total_expectancy,72,Total,s4,14.259190984801075,14.257967877420189,13.950147383910947,14.582299832979285,14.034481664805107,14.488344631605223
women,5,total_expectancy,74,Total,s4,12.87962178411527,12.878427278667996,12.570450400269964,13.204579492792012,12.654772585399035,13.107987067387993
women,5,total_expectancy,76,Total,s4,11.559578987641697,11.558104935550723,11.25298189838969,11.881330649724733,11.33652637070179,11.785644846899133
women,5,total_expectancy,78,Total,s4,10.307383558771718,10.30519763137734,10.006640921075013,10.624237846851164,10.087282422355713,10.530501011648457
women,5,total_expectancy,80,Total,s4,9.131096327784826,9.128810332627216,8.836667042790316,9.44353109593947,8.915061726475788,9.349620529060589
women,5,total_expectancy,82,Total,s4,8.038185940014115,8.035870921721285,7.752558539739259,8.344997323841644,7.8278125452432015,8.251798196774546
women,5,total_expectancy,84,Total,s4,7.035093875817119,7.032437193788805,6.758624620184281,7.3330566617496915,6.8321847071089135,7.243156996164532
women,5,total_expectancy,86,Total,s4,6.126742469350083,6.124104691236201,5.860247443802355,6.412063840016734,5.9315213377145986,6.326497973653501
women,5,total_expectancy,88,Total,s4,5.316051478035023,5.312941776277162,5.0609901417081185,5.587206114192153,5.130645003596251,5.507254056749522
women,5,total_expectancy,90,Total,s4,4.603547864169114,4.600737766647903,4.3602441188550065,4.863009467571483,4.427205349996375,4.785060361589597
women,5,total_expectancy,92,Total,s4,3.9871619580685707,3.9841671797385048,3.7571135317775517,4.235598724198226,3.8198499231540115,4.159862690845815
women,5,total_expectancy,94,Total,s4,3.4622899291566123,3.459754894249051,3.245424076819582,3.697699457983904,3.3046328679841865,3.625899742770777
women,5,total_expectancy,96,Total,s4,3.0221614679206463,3.0190338456476313,2.8189384513813867,3.2461608068612846,2.8735316931866195,3.177756184681497
women,5,total_expectancy,98,Total,s4,2.658500228246967,2.6548661650944285,2.467127012024702,2.8747751298428224,2.5179775724216076,2.807230177800133
women,5,total_expectancy,100,Total,s4,2.362481938249137,2.3576716034914513,2.180071010595403,2.574913839489991,2.228082291551509,2.506968470979576
women,5,total_expectancy,102,Total,s4,2.1263041985246374,2.1199780480591577,1.949364657576758,2.336562250986061,1.9957081344629397,2.2690259344952586
women,5,total_expectancy,104,Total,s4,1.9470045741728583,1.9393765104216352,1.771919406803643,2.164052744417391,1.8165078088040443,2.091803501323559
women,5,total_expectancy,106,Total,s4,1.8397150353840765,1.829962242568799,1.6576407227607015,2.0727067571536235,1.70252583454281,1.9948517894959914
women,5,total_expectancy,108,Total,s4,1.894213145227964,1.8829078813280686,1.6925565168722645,2.1552875952907673,1.7423368455956845,2.066766001789549
women,5,total_expectancy,110,Total,s4,2.5547091819328984,2.543575274520503,2.402787287811975,2.7668599292461553,2.438017338287832,2.6919148740446284
women,5,pct_remaining,50,1 Functional,population,78.62658717318529,78.62972070118455,78.13193601758377,79.11237566510405,78.27570773110463,78.97607343132212
women,5,pct_remaining,52,1 Functional,population,78.12712343402383,78.13079307440924,77.61165741917385,78.63234093256852,77.7590510671537,78.48956565662783
women,5,pct_remaining,54,1 Functional,population,77.57233182074629,77.57480582404338,77.04120679401696,78.08990201265688,77.19382519003717,77.94537497576573
women,5,pct_remaining,56,1 Functional,population,76.93443761745985,76.9375226624074,76.3870920656139,77.47111009709273,76.54104945954252,77.31860292851906
women,5,pct_remaining,58,1 Functional,population,76.19503741520829,76.19792937526304,75.61843645738993,76.76359146392522,75.78129097353762,76.59684452691269
women,5,pct_remaining,60,1 Functional,population,75.3395661119083,75.3413386780933,74.71775085352442,75.95009814289575,74.89740005308299,75.76961847936381
women,5,pct_remaining,62,1 Functional,population,74.35427288010357,74.35609544103265,73.67712072545527,75.0164831184616,73.87435070641128,74.82072042118978
women,5,pct_remaining,64,1 Functional,population,73.22447074039053,73.2275993507943,72.47909765611176,73.9507384395256,72.70216932817178,73.73571337671395
women,5,pct_remaining,66,1 Functional,population,71.93347032067092,71.9354739793939,71.11649615606925,72.73100981189977,71.36155749661292,72.49238612134765
women,5,pct_remaining,68,1 Functional,population,70.46189085535363,70.46507761622766,69.56830845234651,71.34131588584185,69.83146524600019,71.07762258618254
women,5,pct_remaining,70,1 Functional,population,68.78720442339214,68.78892495565141,67.80385419512038,69.75614800333683,68.08925487233675,69.46915339450854
women,5,pct_remaining,72,1 Functional,population,66.88347917568308,66.88451342995162,65.79659058216644,67.94805964134328,66.1108186585141,67.64304538099599
women,5,pct_remaining,74,1 Functional,population,64.72137770572411,64.71871221136227,63.51203419905356,65.8968854183507,63.858302556488034,65.56593264854155
women,5,pct_remaining,76,1 Functional,population,62.26856049938636,62.26782693631114,60.91738363805679,63.57697880470943,61.31291581768633,63.20956210492755
women,5,pct_remaining,78,1 Functional,population,59.49075748155025,59.48686394814523,57.97363058053783,60.948558273774744,58.42307174549872,60.5516109956857
women,5,pct_remaining,80,1 Functional,population,56.35390960869567,56.351382986947186,54.6500908916261,57.9873270573535,55.15899630769534,57.54525673934768
women,5,pct_remaining,82,1 Functional,population,52.82793291949134,52.824333541477394,50.93089284391826,54.65684658138943,51.495322918320355,54.15960953661391
women,5,pct_remaining,84,1 Functional,population,48.892758828808546,48.89084519204651,46.79152379551787,50.941771310627246,47.40605164703204,50.37829134425576
women,5,pct_remaining,86,1 Functional,population,44.547208537877886,44.54179046060446,42.224842580265374,46.838634284456276,42.90601196255729,46.19200241096898
women,5,pct_remaining,88,1 Functional,population,39.820691800679775,39.811956631857996,37.27792702182096,42.34922431829436,38.01634216565885,41.63547188780526
women,5,pct_remaining,90,1 Functional,population,34.7863181529813,34.77128869423892,32.05821713392366,37.52442196148564,32.840186468211634,36.76331835903601
women,5,pct_remaining,92,1 Functional,population,29.57159145315004,29.543981236947413,26.706405770896858,32.49972201170111,27.51311520180571,31.665956482537375
women,5,pct_remaining,94,1 Functional,population,24.360065574550536,24.326654097005516,21.42983876956107,27.379738715138874,22.24914656350585,26.527957328503692
women,5,pct_remaining,96,1 Functional,population,19.376332544042985,19.33984408074631,16.50331179472704,22.39826249260151,17.310308459050354,21.532903546478522
women,5,pct_remaining,98,1 Functional,population,14.850716051234397,14.804008873479024,12.144348536841935,17.757489163758265,12.902672462704448,16.902045995378646
women,5,pct_remaining,100,1 Functional,population,10.970318255843013,10.907692663054211,8.525442448476374,13.64912901994491,9.20543692348214,12.849247024267196
women,5,pct_remaining,102,1 Functional,population,7.834846875707947,7.774782471079712,5.721468558183811,10.19477712748068,6.293085136345683,9.503193363619276
women,5,pct_remaining,104,1 Functional,population,5.4389856463495345,5.376997366427629,3.6479994719036966,7.479889685842616,4.114439235586102,6.879973229409696
women,5,pct_remaining,106,1 Functional,population,3.6936482346425916,3.6313903738929767,2.223232616848897,5.454854459795368,2.589261480869538,4.913390097028249
women,5,pct_remaining,108,1 Functional,population,2.4950290857333743,2.4292892071624324,1.3096093170792937,4.0191776691713335,1.590588323911311,3.5274570314339706
women,5,pct_remaining,110,1 Functional,population,1.8646387842201277,1.791572417537294,0.8637270604335211,3.236084426961407,1.0921527462884555,2.76351292082681
women,5,pct_remaining,50,2 Physical only,population,15.62615688283766,15.625542219966206,15.24023043756392,16.020449513881513,15.347016333124182,15.906990240554626
women,5,pct_remaining,52,2 Physical only,population,15.810881729521697,15.809133797935155,15.413329102378414,16.214246197500085,15.52420147613828,16.101547281037156
women,5,pct_remaining,54,2 Physical only,population,16.017286643165882,16.016495538537526,15.615923071623513,16.424757026574436,15.724710937795047,16.31171466965004
women,5,pct_remaining,56,2 Physical only,population,16.267882148601906,16.26565236491927,15.854896991373387,16.688385456358073,15.96804280006053,16.56946549215627
women,5,pct_remaining,58,2 Physical only,population,16.57453417039638,16.572996106312495,16.13999138393624,17.023029765468696,16.25964646745888,16.893114033906613
women,5,pct_remaining,60,2 Physical only,population,16.944274422964245,16.942035002085042,16.47306823118828,17.43045398713685,16.60584847792649,17.289809378049743
women,5,pct_remaining,62,2 Physical only,population,17.38204786495054,17.379242918753256,16.868715200306443,17.913064673083362,17.011924207494893,17.758958696779963
women,5,pct_remaining,64,2 Physical only,population,17.89211472227357,17.888660537811575,17.32800523752298,18.473259598123366,17.48347199863374,18.30630763198874
women,5,pct_remaining,66,2 Physical only,population,18.478725085479383,18.47640192859319,17.852165636733847,19.12001111757246,18.026907532592734,18.94039239350506
women,5,pct_remaining,68,2 Physical only,population,19.146360878811716,19.143304632645986,18.453623995642,19.859008508360525,18.642417725946846,19.659323372737358
women,5,pct_remaining,70,2 Physical only,population,19.8996794129834,19.897322218896406,19.122620648064355,20.689689772575854,19.341608308154093,20.469361195498994
women,5,pct_remaining,72,2 Physical only,population,20.743194371457186,20.739424021727316,19.87779281807733,21.62328898711855,20.12151287327531,21.38041999195563
women,5,pct_remaining,74,2 Physical only,population,21.68066067583819,21.676467715877934,20.709182943094905,22.66860554689805,20.985679093490134,22.39000906060869
women,5,pct_remaining,76,2 Physical only,population,22.714073351100243,22.70619885621566,21.629231683429392,23.832195071170386,21.93425824497656,23.509046799515502
women,5,pct_remaining,78,2 Physical only,population,23.842141597229208,23.833352153519375,22.619268428013932,25.105206168588133,22.96179276916777,24.740878499041457
women,5,pct_remaining,80,2 Physical only,population,25.0580635489387,25.045526883868135,23.68079040788999,26.48256655081375,24.057434301945992,26.07387763058967
women,5,pct_remaining,82,2 Physical only,population,26.34642826417383,26.331504224093507,24.785601144227087,27.964781310178893,25.204330146940144,27.49875369528617
women,5,pct_remaining,84,2 Physical only,population,27.67916167482087,27.665814181350882,25.91143787030749,29.532517977123526,26.380133594428404,28.992330804425848
women,5,pct_remaining,86,2 Physical only,population,29.010704045057814,28.995642741374652,26.97530911722614,31.134876661505473,27.521395982106995,30.519960859451682
women,5,pct_remaining,88,2 Physical only,population,30.273178925219163,30.256107875499765,27.91382037907073,32.73115061550466,28.563290929343335,32.02096033422472
women,5,pct_remaining,90,2 Physical only,population,31.37326358628457,31.34894402560611,28.6320827240857,34.22779238105464,29.40240406624828,33.39801504076131
women,5,pct_remaining,92,2 Physical only,population,32.19363155502993,32.16836818426066,28.99533661043966,35.52598680788247,29.889481850594663,34.56066475015941
women,5,pct_remaining,94,2 Physical only,population,32.60250477999448,32.5759210612224,28.85992096735691,36.52383836130065,29.87301470112785,35.40002411817297
women,5,pct_remaining,96,2 Physical only,population,32.47370700633886,32.42976695110928,28.07155342338605,37.068270683265084,29.234585661614148,35.76277721585641
women,5,pct_remaining,98,2 Physical only,population,31.715483324147684,31.660020744121585,26.542345259784252,37.203150682933206,27.88963548593382,35.599313856368255
women,5,pct_remaining,100,2 Physical only,population,30.299990509685355,30.23256166577412,24.2711325205471,36.71101781660767,25.87025844661988,34.87744258008452
women,5,pct_remaining,102,2 Physical only,population,28.28063177005444,28.193763772236984,21.360886563435336,35.697401129170956,23.169082031484198,33.58291176154667
women,5,pct_remaining,104,2 Physical only,population,25.786987274260134,25.653999713922726,18.021297928722877,34.31325074082817,20.03445974326257,31.825237621952013
women,5,pct_remaining,106,2 Physical only,population,23.00595036846975,22.78870118623948,14.62371175525123,32.6144661606616,16.732117833455256,29.678373608095793
women,5,pct_remaining,108,2 Physical only,population,20.23670589441338,19.929572290130174,11.557500165291657,30.67623056379897,13.608338769015585,27.476123116755232
women,5,pct_remaining,110,2 Physical only,population,18.280318606791834,17.89870579683476,9.559676115372707,29.266135549460934,11.511692940353438,25.787446206454113
women,5,pct_remaining,50,3 Cognitive only,population,2.2437358474999023,2.2425804029520635,2.0864093164667925,2.4103652387200487,2.1290690033819697,2.3627720150556994
women,5,pct_remaining,52,3 Cognitive only,population,2.3613510929884116,2.3601888717551542,2.1930026408829755,2.5400097929261376,2.238461669211901,2.4887844662510203
women,5,pct_remaining,54,3 Cognitive only,population,2.489564613839319,2.488172323824803,2.308485544219261,2.6820650770203858,2.3573849028753058,2.626571254084046
women,5,pct_remaining,56,3 Cognitive only,population,2.6308077720209146,2.6294228797706465,2.4355173697393213,2.8396360271586727,2.4887000760176843,2.778600814020212
women,5,pct_remaining,58,3 Cognitive only,population,2.7870378351754526,2.7851889973743607,2.5747849594707546,3.0145271163372893,2.6331029383984097,2.9470897282699977
women,5,pct_remaining,60,3 Cognitive only,population,2.960403228094555,2.95762037516998,2.7285976911120984,3.2092512937103517,2.7915261847022497,3.134791437426159
women,5,pct_remaining,62,3 Cognitive only,population,3.1533599418159572,3.150157461965634,2.897478474894449,3.4256091797449137,2.9684457337377426,3.344778877167162
women,5,pct_remaining,64,3 Cognitive only,population,3.368729723011019,3.365114659642023,3.087477933783011,3.6684524289244793,3.1654656172287092,3.5795269263513108
women,5,pct_remaining,66,3 Cognitive only,population,3.6097485213416274,3.605667454190294,3.2987416502386675,3.942327469858113,3.384796873739292,3.8431794651874616
women,5,pct_remaining,68,3 Cognitive only,population,3.880104928021225,3.87574260690808,3.5338780085464125,4.249174926663868,3.6282666045601504,4.139940681988109
women,5,pct_remaining,70,3 Cognitive only,population,4.183956908771981,4.179171146184781,3.7962264851131877,4.594996620704142,3.902974498147465,4.474824503706207
women,5,pct_remaining,72,3 Cognitive only,population,4.52590475171363,4.521187991762249,4.0881630296045675,4.986405802840093,4.2089024761918346,4.853729788410157
women,5,pct_remaining,74,3 Cognitive only,population,4.910882803101268,4.904787878344833,4.415348022130838,5.431723907345038,4.552310672876969,5.2818197058170835
women,5,pct_remaining,76,3 Cognitive only,population,5.343909409653895,5.335690540707165,4.781718185774287,5.935518470988552,4.936731283793688,5.76618665540047
women,5,pct_remaining,78,3 Cognitive only,population,5.829601534419209,5.820741680698026,5.186538619214232,6.504393551162834,5.36348301868599,6.311910998659998
women,5,pct_remaining,80,3 Cognitive only,population,6.371318490833427,6.362030917270269,5.63183680613479,7.14978761930782,5.834441654038912,6.927287774823282
women,5,pct_remaining,82,3 Cognitive only,population,6.969756893062961,6.958195569060861,6.1151349078558175,7.872110587138496,6.350578613640255,7.613744328159177
women,5,pct_remaining,84,3 Cognitive only,population,7.620803476471298,7.605793490831971,6.63069046646357,8.674002038422504,6.9007087459672425,8.368762795360176
women,5,pct_remaining,86,3 Cognitive only,population,8.312525466449566,8.292943939507483,7.166588653481545,9.54817519321066,7.471425948677519,9.18545761341699
women,5,pct_remaining,88,3 Cognitive only,population,9.021448233364113,8.999630525058382,7.695181797609676,10.46459532063758,8.042602857375478,10.037094682681921
women,5,pct_remaining,90,3 Cognitive only,population,9.708870500455594,9.680976030136478,8.18315224969171,11.402846970360697,8.571615023548675,10.889408440587525
women,5,pct_remaining,92,3 Cognitive only,population,10.318935711501949,10.285647098382125,8.559672295469404,12.307096970558513,9.006206234805314,11.696316634170048
women,5,pct_remaining,94,3 Cognitive only,population,10.781185337041293,10.732107086559317,8.762607427343728,13.077324468888058,9.274881311348464,12.376236930306007
women,5,pct_remaining,96,3 Cognitive only,population,11.020390248882814,10.963210805085696,8.716336993933147,13.662438297619675,9.309561869377609,12.859597541403026
women,5,pct_remaining,98,3 Cognitive only,population,10.974210454155688,10.897968116210887,8.384724538326983,13.98085319443303,9.04878658377453,13.0617678283998
women,5,pct_remaining,100,3 Cognitive only,population,10.614253417873204,10.515096670818279,7.758456952797419,14.010063565034404,8.472087020914275,12.973669086095395
women,5,pct_remaining,102,3 Cognitive only,population,9.960812260821672,9.835495381852127,6.861385931391431,13.792994589652452,7.623249511844415,12.591674720071996
women,5,pct_remaining,104,3 Cognitive only,population,9.081301081131183,8.915193003741305,5.777860343410721,13.374616312116174,6.566870847728254,11.968096653260279
women,5,pct_remaining,106,3 Cognitive only,population,8.073346663912622,7.858889344274821,4.601938845269017,12.801086812086062,5.430632695867885,11.205170530061922
women,5,pct_remaining,108,3 Cognitive only,population,7.06907012497859,6.791366110867154,3.5498004153562412,12.192490585440853,4.340116775176062,10.385651433569924
women,5,pct_remaining,110,3 Cognitive only,population,6.361688134006944,6.035334987573995,2.851573163682546,11.73866751205144,3.6066963210502596,9.791086588529488
women,5,pct_remaining,50,4 Both,population,3.503520096477158,3.4993824164273857,3.2400897737251992,3.79123352980273,3.311803908734274,3.703266805586039
women,5,pct_remaining,52,4 Both,population,3.7006437434660597,3.696440433660131,3.418496653995995,4.008345949198036,3.496090807441464,3.9139152365997654
women,5,pct_remaining,54,4 Both,population,3.92081692224852,3.916088826469066,3.617804600443442,4.250003806480652,3.7010227580441133,4.150088383468538
women,5,pct_remaining,56,4 Both,population,4.166872461917338,4.161842184248924,3.8406292727967166,4.520819194541904,3.929266724999213,4.41353187303674
women,5,pct_remaining,58,4 Both,population,4.443390579219876,4.437560516104757,4.089169948213326,4.826051643106347,4.185806753900162,4.710564965938982
women,5,pct_remaining,60,4 Both,population,4.755756237032903,4.749587229908375,4.370038409116838,5.171831343438043,4.47517220859585,5.0468350951949885
women,5,pct_remaining,62,4 Both,population,5.1103193131299305,5.1036118371410994,4.687130167315402,5.565230524395794,4.8038963672310375,5.428596003731658
women,5,pct_remaining,64,4 Both,population,5.514684814324885,5.507770138508494,5.050049206076248,6.015734571157119,5.177567271145667,5.864728273684577
women,5,pct_remaining,66,4 Both,population,5.978056072508075,5.970139561013417,5.466076325267516,6.532414503302078,5.605020380841705,6.365304079615232
women,5,pct_remaining,68,4 Both,population,6.511643337813424,6.502537600066548,5.9412528587511515,7.127111062434483,6.097437570190443,6.940533539358063
women,5,pct_remaining,70,4 Both,population,7.129159254852483,7.119673295446091,6.490075243641808,7.820831618153366,6.665332212306842,7.610030571450418
women,5,pct_remaining,72,4 Both,population,7.847421701146111,7.8369947652189875,7.123976007109806,8.628640229883807,7.323480802286524,8.390240620872213
women,5,pct_remaining,74,4 Both,population,8.687078815336433,8.673203894392339,7.86527196329982,9.575735215118605,8.093202958319647,9.305858068349659
women,5,pct_remaining,76,4 Both,population,9.6734567398595,9.65863442074407,8.73322665090939,10.692322300856581,8.99122872023231,10.383674384960141
women,5,pct_remaining,78,4 Both,population,10.837499386801335,10.820217012377698,9.747608370586532,12.011780341942028,10.047487263681154,11.65459440666764
women,5,pct_remaining,80,4 Both,population,12.216708351532194,12.195707359438181,10.94999460572058,13.595537109489522,11.293150033379982,13.172158407222913
women,5,pct_remaining,82,4 Both,population,13.85588192327187,13.831882197732256,12.363650107102782,15.478191721634385,12.76857815281826,14.982358737027393
women,5,pct_remaining,84,4 Both,population,15.807276019899287,15.775996403655224,14.038061408959027,17.725304355447275,14.517243809156046,17.151678785665045
women,5,pct_remaining,86,4 Both,population,18.129561950614733,18.092650551465574,16.013806534185672,20.43274391907374,16.576193070117665,19.737315548311248
women,5,pct_remaining,88,4 Both,population,20.88468104073695,20.839898992862505,18.326800394621408,23.66155080634299,18.997724267426637,22.821021509188835
women,5,pct_remaining,90,4 Both,population,24.131547760278536,24.070725518710805,21.05623923159335,27.490528014670108,21.853834479502783,26.488561023746747
women,5,pct_remaining,92,4 Both,population,27.91584128031808,27.83930471565948,24.188982984345532,31.975902665776992,25.149900131262065,30.774884843515153
women,5,pct_remaining,94,4 Both,population,32.256244308413685,32.17446886187021,27.725341015008734,37.171236905483035,28.93338680247647,35.72109924007269
women,5,pct_remaining,96,4 Both,population,37.12957020073534,37.043331880747274,31.666151140652833,43.04614694622745,33.140331729756326,41.32402925491932
women,5,pct_remaining,98,4 Both,population,42.459590170462235,42.36282937121371,35.893916518124165,49.49234951494786,37.722166700815535,47.43724060903147
women,5,pct_remaining,100,4 Both,population,48.11543781659843,48.00689703447657,40.360620203312834,56.38471644532197,42.46928534960645,53.99102982992916
women,5,pct_remaining,102,4 Both,population,53.92370909341594,53.83435740490127,44.81164518332634,63.38173184060658,47.34008246515,60.686534576888995
women,5,pct_remaining,104,4 Both,population,59.69272599825915,59.640591293169116,49.30508398933327,70.24979332317817,52.172372670983734,67.35438721800865
women,5,pct_remaining,106,4 Both,population,65.22705473297503,65.24151393702846,53.57963247539592,76.5647117861274,56.87777555001171,73.59767556763245
women,5,pct_remaining,108,4 Both,population,70.19919489487465,70.34485541738019,57.43511074151482,82.0539409305166,61.138289754058775,79.0759027233789
women,5,pct_remaining,110,4 Both,population,73.49335447498109,73.7845443311075,59.973390789740776,85.39950631683045,64.03577898629831,82.55998809903879
women,5,pct_remaining,50,1 Functional,s1,79.9317916590973,79.93442420448952,79.4471060804797,80.40689002994917,79.58546650924009,80.26988938110219
women,5,pct_remaining,52,1 Functional,s1,78.82726426135225,78.82955704862097,78.31939521757917,79.32459663359838,78.46440456860513,79.18208865001831
women,5,pct_remaining,54,1 Functional,s1,77.95050793952367,77.952739744018,77.42288452654122,78.46638522582299,77.57467712629462,78.31687322122225
women,5,pct_remaining,56,1 Functional,s1,77.13979691279667,77.14220944241765,76.59336385551305,77.67898339209205,76.74841268144307,77.52030281258631
women,5,pct_remaining,58,1 Functional,s1,76.30729691060444,76.30972616096096,75.72861044711456,76.87537586830352,75.89281150123134,76.7090782427448
women,5,pct_remaining,60,1 Functional,s1,75.4014603657316,75.40302574276943,74.77856173470092,76.012925887289,74.95885237613885,75.83061321822683
women,5,pct_remaining,62,1 Functional,s1,74.38875511870377,74.39075048560869,73.71089698333408,75.05115199707652,73.90843335762757,74.85569903767728
women,5,pct_remaining,64,1 Functional,s1,73.2439106120814,73.24660265644832,72.49908016885804,73.9701526650144,72.72168046511085,73.75526747245637
women,5,pct_remaining,66,1 Functional,s1,71.94457035258233,71.94632961843124,71.12696408443064,72.74266644035099,71.37218410019881,72.50393746946469
women,5,pct_remaining,68,1 Functional,s1,70.46831107238515,70.47175507513259,69.57459519113549,71.34807765649965,69.83782830301345,71.08372698646009
women,5,pct_remaining,70,1 Functional,s1,68.79096348307897,68.79292013124802,67.80731802227429,69.7608027379634,68.09292451551521,69.47325055275407
women,5,pct_remaining,72,1 Functional,s1,66.88570385707516,66.88676947517375,65.79910212984743,67.95064634862172,66.11338477336635,67.64554819310369
women,5,pct_remaining,74,1 Functional,s1,64.72270553973429,64.72007990787603,63.51318144914288,65.89819111082866,63.85939777107814,65.5672942999424
women,5,pct_remaining,76,1 Functional,s1,62.26935749700516,62.26853601522039,60.91828818629855,63.577681758188845,61.31386243027847,63.21041956602724
women,5,pct_remaining,78,1 Functional,s1,59.4912369236131,59.487305710909936,57.97418526642589,60.94894164303951,58.423514979168495,60.55214130555835
women,5,pct_remaining,80,1 Functional,s1,56.354197575132055,56.35169107925306,54.650319811057216,57.98762166387036,55.159190756776354,57.545563873328405
women,5,pct_remaining,82,1 Functional,s1,52.82810491118888,52.82448066222564,50.93106630970367,54.65704992923519,51.49548426707972,54.15981674578787
women,5,pct_remaining,84,1 Functional,s1,48.89286053811153,48.89095805021317,46.79159855298541,50.94187440893466,47.40613636127301,50.378375456679095
women,5,pct_remaining,86,1 Functional,s1,44.54726782042683,44.54185792143122,42.22488788780994,46.838683590799526,42.90606930362329,46.192058678482766
women,5,pct_remaining,88,1 Functional,s1,39.82072569438274,39.81199363263856,37.27795718402366,42.34927553731053,38.01636813193586,41.635505303665454
women,5,pct_remaining,90,1 Functional,s1,34.7863370645576,34.77131438902221,32.05823450906885,37.52444116834608,32.840203555109035,36.7633396571649
women,5,pct_remaining,92,1 Functional,s1,29.57160169639728,29.543987952732326,26.706413767646143,32.49973475014895,27.513126626146732,31.665964622973515
women,5,pct_remaining,94,1 Functional,s1,24.360070931447854,24.32666034409584,21.4298432562786,27.379742501138235,22.24915363917063,26.527962773284848
women,5,pct_remaining,96,1 Functional,s1,19.376335235659568,19.339846678209245,16.503315339324363,22.398264655617567,17.31031099395073,21.53290606259245
women,5,pct_remaining,98,1 Functional,s1,14.850717345983837,14.80400993548868,12.144349943219474,17.757490259275183,12.902673922773477,16.902047097965617
women,5,pct_remaining,100,1 Functional,s1,10.970318851535332,10.907693284145994,8.525443029273454,13.649129412209605,9.205437356215258,12.84924746965457
women,5,pct_remaining,102,1 Functional,s1,7.834847138543568,7.77478268959924,5.721468881737234,10.194777399895298,6.293085591905141,9.503193547432193
women,5,pct_remaining,104,1 Functional,s1,5.438985758149318,5.3769974991098,3.6479995702133823,7.479889795964221,4.1144393166189746,6.879973343000587
women,5,pct_remaining,106,1 Functional,s1,3.6936482806235196,3.631390406134817,2.2232326781570357,5.454854494974912,2.589261545554755,4.913390135520054
women,5,pct_remaining,108,1 Functional,s1,2.4950291042326063,2.4292892179982175,1.3096093302461267,4.019177747037253,1.5905883441701345,3.5274570447827585
women,5,pct_remaining,110,1 Functional,s1,1.864638793326551,1.7915724235464925,0.8637270735933965,3.236084427314834,1.0921527561509483,2.7635129373700607
women,5,pct_remaining,50,2 Physical only,s1,14.421438015835921,14.420313420575134,14.052717678385214,14.798261461362742,14.15372353670185,14.693039198221685
women,5,pct_remaining,52,2 Physical only,s1,15.168354616647706,15.167044911656841,14.784693213545156,15.561401734458562,14.89043088755852,15.451987493275631
women,5,pct_remaining,54,2 Physical only,s1,15.673942737798162,15.672487235927996,15.278677255717618,16.076801477114604,15.387634248957545,15.964909509104103
women,5,pct_remaining,56,2 Physical only,s1,16.084136036342482,16.082222507226092,15.6749964794678,16.503786803537093,15.786149372697404,16.385339438530202
women,5,pct_remaining,58,2 Physical only,s1,16.475918146806674,16.474706323195424,16.042427212181,16.923339432103305,16.161640350731453,16.794152429190277
women,5,pct_remaining,60,2 Physical only,s1,16.891111422746054,16.889233142638084,16.41979479977089,17.378494697405632,16.553405539039055,17.236716730147215
women,5,pct_remaining,62,2 Physical only,s1,17.353218494188287,17.350642051056077,16.838484605616213,17.885857528887396,16.983039832825924,17.730366217913758
women,5,pct_remaining,64,2 Physical only,s1,17.876370697333552,17.872995074526013,17.31242249623878,18.457979248942678,17.46853754988571,18.2911914237548
women,5,pct_remaining,66,2 Physical only,s1,18.470060572743467,18.467605472407598,17.844247784179014,19.111687823353314,18.018050161026636,18.93202603324719
women,5,pct_remaining,68,2 Physical only,s1,19.141555063245622,19.138405748423285,18.44841579569764,19.854086837399677,18.637422671171997,19.65463122677451
women,5,pct_remaining,70,2 Physical only,s1,19.89699438439834,19.894542130764574,19.119654039365926,20.6867516883258,19.338696016364338,20.466440537800672
women,5,pct_remaining,72,2 Physical only,s1,20.741685174199606,20.737900033785316,19.876095122834087,21.622049694522953,20.120078154424732,21.378995564668525
women,5,pct_remaining,74,2 Physical only,s1,21.679808969463426,21.67540935794223,20.7083860859379,22.667820200146416,20.984813294934973,22.38919127721287
women,5,pct_remaining,76,2 Physical only,s1,22.71359210031841,22.705714959195795,21.62871748052939,23.831698001615358,21.933750555251244,23.508633485318303
women,5,pct_remaining,78,2 Physical only,s1,23.84187031928655,23.83308977192534,22.618956549918728,25.104892873306877,22.961448503809454,24.740644813410377
women,5,pct_remaining,80,2 Physical only,s1,25.057911697123256,25.04537271272273,23.680653993214836,26.482392092243895,24.057261874371935,26.073752604160564
women,5,pct_remaining,82,2 Physical only,s1,26.346344347213268,26.331407726117476,24.785509973371145,27.96468401735688,25.204240271078266,27.49867044937718
women,5,pct_remaining,84,2 Physical only,s1,27.67911623980909,27.66576754325252,25.911384674247007,29.53246485953378,26.380071475349897,28.992274070442203
women,5,pct_remaining,86,2 Physical only,s1,29.01068019603345,28.995623116247753,26.975277091058192,31.134857471017714,27.521388462453842,30.519930674652755
women,5,pct_remaining,88,2 Physical only,s1,30.273166979987383,30.256095456791254,27.91380374339065,32.73113393535391,28.56327849812624,32.02095055831846
women,5,pct_remaining,90,2 Physical only,s1,31.373258031379986,31.34893885471856,28.63207948937154,34.22778539796704,29.402399142567976,33.398007598624666
women,5,pct_remaining,92,2 Physical only,s1,32.19362929216113,32.168367577920414,28.995336357250743,35.52598242287669,29.88948004143424,34.560660544018546
women,5,pct_remaining,94,2 Physical only,s1,32.60250410712165,32.575920964186594,28.859921056027954,36.52383673832739,29.873014370969514,35.400023174578045
women,5,pct_remaining,96,2 Physical only,s1,32.47370702165177,32.42976769875864,28.071553634637553,37.0682711199629,29.23458630883591,35.76277697241139
women,5,pct_remaining,98,2 Physical only,s1,31.71548357627641,31.660020914693614,26.542345003596004,37.20314999917827,27.889635690772412,35.59931359446259
women,5,pct_remaining,100,2 Physical only,s1,30.29999079286547,30.232561867701463,24.27113298327482,36.71101785431469,25.870258376555057,34.87744233246624
women,5,pct_remaining,102,2 Physical only,s1,28.280632005582234,28.193763985132204,21.360886818325188,35.69740123940226,23.169082453758133,33.58291163306049
women,5,pct_remaining,104,2 Physical only,s1,25.786987443818774,25.653999779444398,18.02129800451701,34.31325102681854,20.0344599172812,31.825237553033624
women,5,pct_remaining,106,2 Physical only,s1,23.005950478741624,22.78870122766599,14.623711893712521,32.6144661709768,16.732117956255422,29.67837370934801
women,5,pct_remaining,108,2 Physical only,s1,20.236705960834193,19.929572348767223,11.55750034389492,30.67623078933384,13.608338819044043,27.476123088427684
women,5,pct_remaining,110,2 Physical only,s1,18.28031864994575,17.898705977362216,9.559676214196687,29.26613552932957,11.511693071704801,25.78744620596845
women,5,pct_remaining,50,3 Cognitive only,s1,2.218807247608225,2.2177274708050856,2.0615836961131193,2.3862141704452227,2.1034264133515252,2.3386258908435287
women,5,pct_remaining,52,3 Cognitive only,s1,2.3529406833533604,2.351705123776302,2.1843610556688517,2.531654558835015,2.2297624996171614,2.480771849701794
women,5,pct_remaining,54,3 Cognitive only,s1,2.4852263209716994,2.4837585847899426,2.3041041146762313,2.6779366726687264,2.3531695332982494,2.6224454396704995
women,5,pct_remaining,56,3 Cognitive only,s1,2.6281998453193296,2.626812681060631,2.4330523246397675,2.837108991626059,2.486314799057231,2.7760411057267973
women,5,pct_remaining,58,3 Cognitive only,s1,2.785405747351557,2.7834711116658126,2.5731694781779377,3.013112961158637,2.631367537019654,2.945651735962707
women,5,pct_remaining,60,3 Cognitive only,s1,2.959376072119131,2.9565727626084364,2.727304429377483,3.208234498473819,2.790492013914678,3.1337566163914232
women,5,pct_remaining,62,3 Cognitive only,s1,3.1527174105840956,3.1494307947079427,2.8968353843520953,3.4248862648759877,2.967849823732478,3.344029583005714
women,5,pct_remaining,64,3 Cognitive only,s1,3.368332700607868,3.3646397111378237,3.087110403992472,3.6680496750786,3.1649789508216126,3.579251487697382
women,5,pct_remaining,66,3 Cognitive only,s1,3.6095076716102925,3.605354135023793,3.298476840222516,3.9420631978802287,3.384489878792299,3.8429158301408264
women,5,pct_remaining,68,3 Cognitive only,s1,3.8799627015766567,3.8756280188392345,3.533668657072556,4.249077584329432,3.628113504671573,4.1397936762035705
women,5,pct_remaining,70,3 Cognitive only,s1,4.183876281449406,4.17909538926631,3.7961753401967613,4.594947374172021,3.9029062359481435,4.474749308315559
women,5,pct_remaining,72,3 Cognitive only,s1,4.52586198546941,4.521161548784873,4.0881103585329805,4.98637321543492,4.208851538038736,4.853695289934236
women,5,pct_remaining,74,3 Cognitive only,s1,4.910862761541357,4.904774959863094,4.415339919595494,5.431691483850405,4.552279131314033,5.281802709828476
women,5,pct_remaining,76,3 Cognitive only,s1,5.343902522538933,5.335686518300957,4.7817027023928755,5.935508380640673,4.936726131891109,5.766178503690494
women,5,pct_remaining,78,3 Cognitive only,s1,5.829601829126844,5.820741659643781,5.186546183200679,6.504382624312517,5.363484290029432,6.311917564836191
women,5,pct_remaining,80,3 Cognitive only,s1,6.371322313824839,6.362037417756005,5.631839663971365,7.1497935648160515,5.834448930678633,6.927294426507842
women,5,pct_remaining,82,3 Cognitive only,s1,6.969762077690917,6.958202611405444,6.115139394629639,7.872110382541574,6.350584206130917,7.613749626368748
women,5,pct_remaining,84,3 Cognitive only,s1,7.620808800180802,7.605798007298958,6.630695355377568,8.674004993915275,6.900712001797569,8.36877085206653
women,5,pct_remaining,86,3 Cognitive only,s1,8.312530296491078,8.292949076853851,7.166595209215046,9.548181986752423,7.471429270579799,9.185464452587691
women,5,pct_remaining,88,3 Cognitive only,s1,9.021452296120534,8.999634386779924,7.695184943527013,10.464600859531057,8.042607079850443,10.03709771679472
women,5,pct_remaining,90,3 Cognitive only,s1,9.708873732400422,9.680979646852723,8.183155140746324,11.402851304580638,8.571617999859464,10.889411364469831
women,5,pct_remaining,92,3 Cognitive only,s1,10.318938164300741,10.285648957915063,8.559674562290807,12.307100051953753,9.006208353661815,11.696319712286483
women,5,pct_remaining,94,3 Cognitive only,s1,10.781187118449388,10.732108495591596,8.762609001304908,13.077326064598418,9.274883093980652,12.376238962811962
women,5,pct_remaining,96,3 Cognitive only,s1,11.020391486930665,10.963212279595341,8.71633755202441,13.66243958340257,9.309563294794154,12.85959897159053
women,5,pct_remaining,98,3 Cognitive only,s1,10.974211276039249,10.89796882953928,8.384725407349855,13.980854016650747,9.048787224413894,13.061768559685332
women,5,pct_remaining,100,3 Cognitive only,s1,10.61425393786865,10.515097141295191,7.758457672574913,14.010064104844869,8.472087586268815,12.973669809340503
women,5,pct_remaining,102,3 Cognitive only,s1,9.96081257384221,9.835495559646528,6.861386377092501,13.79299477131515,7.623249825910912,12.5916749765439
women,5,pct_remaining,104,3 Cognitive only,s1,9.081301260260977,8.915193236659448,5.777860702885726,13.374616497706205,6.5668709717733895,11.968097101783892
women,5,pct_remaining,106,3 Cognitive only,s1,8.073346761270843,7.85888962233878,4.601938918822653,12.801087032709754,5.430632822281397,11.205170618018448
women,5,pct_remaining,108,3 Cognitive only,s1,7.069070175843016,6.7913661633727305,3.5498004791803357,12.192490609975323,4.340116837938005,10.385651500101888
women,5,pct_remaining,110,3 Cognitive only,s1,6.361688164354122,6.035335010987582,2.851573178033389,11.738667541150079,3.606696338048211,9.791086629470314
women,5,pct_remaining,50,4 Both,s1,3.427963077458555,3.4232916388976102,3.162023169359973,3.7176455420394876,3.234937660901095,3.6286005582203344
women,5,pct_remaining,52,4 Both,s1,3.6514404386466772,3.646775977607218,3.3672331283921264,3.9596987740127148,3.4456469128517346,3.8658279431142435
women,5,pct_remaining,54,4 Both,s1,3.890323001706459,3.8851930128618655,3.5866749162701534,4.219785458117638,3.668987432018352,4.120247912103113
women,5,pct_remaining,56,4 Both,s1,4.147867205541526,4.142489558533818,3.8207753605124357,4.502476023551139,3.90965779597159,4.394885414693265
women,5,pct_remaining,58,4 Both,s1,4.431379195237339,4.425660492899201,4.07624002540401,4.81424639203829,4.173690483116524,4.698649116475446
women,5,pct_remaining,60,4 Both,s1,4.748052139403227,4.74204641492078,4.361561381574174,5.16398425117779,4.467267470380493,5.039248180488578
women,5,pct_remaining,62,4 Both,s1,5.105308976523846,5.09848468332475,4.681784412916776,5.560889683649442,4.798525145098801,5.423494889916497
women,5,pct_remaining,64,4 Both,s1,5.511385989977187,5.504223985328101,5.046260627975216,6.012602950834266,5.174330319326997,5.861484391790758
women,5,pct_remaining,66,4 Both,s1,5.9758614030639094,5.968006076619399,5.463906490130975,6.529918355668394,5.6027680314201795,6.36316947067534
women,5,pct_remaining,68,4 Both,s1,6.51017116279257,6.501096316842513,5.939850248176334,7.125946307920723,6.095920006002162,6.93907526500209
women,5,pct_remaining,70,4 Both,s1,7.1281658510732795,7.11858584476923,6.4891118262982515,7.819934922433819,6.664317707282446,7.608981586134882
women,5,pct_remaining,72,4 Both,s1,7.846748983255821,7.836229208606585,7.123409626500623,8.627869714776377,7.322840658285958,8.389375740471522
women,5,pct_remaining,74,4 Both,s1,8.68662272926092,8.672754171311267,7.864851307122638,9.575293287471945,8.092778162960325,9.305416905200204
women,5,pct_remaining,76,4 Both,s1,9.673147880137497,9.658357300087763,8.732937340011432,10.692004108928279,8.990902604854702,10.383392029181133
women,5,pct_remaining,78,4 Both,s1,10.837290927973505,10.82000605489433,9.747431824625112,12.011497699052406,10.047302315852559,11.654411748758365
women,5,pct_remaining,80,4 Both,s1,12.216568413919852,12.195556708335946,10.949875986827207,13.595341396551255,11.292995774224709,13.17196940568761
women,5,pct_remaining,82,4 Both,s1,13.855788663906933,13.831791695726722,12.363553790183047,15.47809202013819,12.76848880556078,14.982272040627986
women,5,pct_remaining,84,4 Both,s1,15.807214421898582,15.77592620927799,14.038006924426933,17.72525018157683,14.517186206490067,17.151623982707644
women,5,pct_remaining,86,4 Both,s1,18.12952168704864,18.092618207492613,16.01378007988243,20.432677406390177,16.576146575342467,19.737279396502036
women,5,pct_remaining,88,4 Both,s1,20.884655029509346,20.839879898920735,18.32678441811895,23.661522350937,18.99769997494696,22.82099499478423
women,5,pct_remaining,90,4 Both,s1,24.131531171661994,24.07071275757947,21.05622796145726,27.490512159145595,21.853819778384892,26.48854144513768
women,5,pct_remaining,92,4 Both,s1,27.915830847140853,27.83929741704097,24.188973811208417,31.97589323429477,25.149890709646122,30.774872017639723
women,5,pct_remaining,94,4 Both,s1,32.25623784298111,32.17446328641323,27.725336908232713,37.17122615870508,28.933383102641834,35.72109340300105
women,5,pct_remaining,96,4 Both,s1,37.12956625575801,37.04332799289077,31.666149459763886,43.046141954816584,33.14032889527817,41.32402004563023
women,5,pct_remaining,98,4 Both,s1,42.45958780170051,42.3628274028799,35.893914944763445,49.492347178909306,37.722163837623235,47.43723856640975
women,5,pct_remaining,100,4 Both,s1,48.11543641773055,48.00689583915131,40.36061917774277,56.3847151094394,42.469284594349084,53.99102642657041
women,5,pct_remaining,102,4 Both,s1,53.92370828203199,53.83435603707555,44.811644928450804,63.381730885414555,47.340082510126685,60.68653409728875
women,5,pct_remaining,104,4 Both,s1,59.69272553777093,59.640590673449786,49.30508391189896,70.24979289281067,52.17237262128129,67.35438639500028
women,5,pct_remaining,106,4 Both,s1,65.22705447936401,65.24151371102961,53.57963239940087,76.56471150784583,56.877775539310136,73.59767507712476
women,5,pct_remaining,108,4 Both,s1,70.19919475909019,70.34485538036347,57.435110701868275,82.05394079703616,61.13828966076257,79.07590253043573
women,5,pct_remaining,110,4 Both,s1,73.49335439237358,73.78454430090214,59.97339078140418,85.3995061431884,64.03577897708686,82.55998801440195
women,5,pct_remaining,50,1 Functional,s2,69.79918266395705,69.80822252593391,68.84195348919647,70.71742979590437,69.11984731816933,70.45503967669929
women,5,pct_remaining,52,1 Functional,s2,73.340455732779,73.34838268651521,72.43671531179012,74.20604599099742,72.70096230317296,73.96248908851682
women,5,pct_remaining,54,1 Functional,s2,74.97607888294476,74.98295331076395,74.21392996960564,75.70713903373749,74.43621211653834,75.50214298704422
women,5,pct_remaining,56,1 Functional,s2,75.52219775598721,75.52685759397343,74.86405117529985,76.16037086649432,75.05007371710018,75.97858725174935
women,5,pct_remaining,58,1 Functional,s2,75.4224976111332,75.42649921724265,74.80388702298083,76.02628503698877,74.97780066341126,75.85693464312781
women,5,pct_remaining,60,1 Functional,s2,74.91352033735943,74.91823894394297,74.28386388549762,75.53239371251273,74.4633609097377,75.35387856285016
women,5,pct_remaining,62,1 Functional,s2,74.11690733675874,74.11885163885688,73.43950517741067,74.78361225986929,73.63402540852562,74.58315248689608
women,5,pct_remaining,64,1 Functional,s2,73.09066076000397,73.09327854004101,72.34808512858079,73.81321130436011,72.56658276885172,73.60015894137487
women,5,pct_remaining,66,1 Functional,s2,71.85707386869562,71.85889007733596,71.04406107913572,72.65316671103793,71.28541935863045,72.41419124858494
women,5,pct_remaining,68,1 Functional,s2,70.41770874724611,70.4198424141035,69.5251576190646,71.29823601910614,69.78825783835202,71.0327029528674
women,5,pct_remaining,70,1 Functional,s2,68.76133869522772,68.76323769909774,67.77843069388804,69.7298782432962,68.06444411817073,69.44227393487834
women,5,pct_remaining,72,1 Functional,s2,66.86817299364475,66.86889778386066,65.77957180170704,67.93256536901369,66.09594669004842,67.6262463060286
women,5,pct_remaining,74,1 Functional,s2,64.71224282197318,64.7096539966476,63.503251817389675,65.88932845165584,63.84948653298093,65.55663665780588
women,5,pct_remaining,76,1 Functional,s2,62.26307793630143,62.26235080613144,60.91246779359512,63.5711525600649,61.307105779464386,63.20346853949263
women,5,pct_remaining,78,1 Functional,s2,59.487459584437055,59.48353521265626,57.96975047049823,60.945659880043245,58.420064216122135,60.54820136757315
women,5,pct_remaining,80,1 Functional,s2,56.35192888686716,56.3491581427074,54.64842639147961,57.98532409927707,55.15673785597794,57.54320764278555
women,5,pct_remaining,82,1 Functional,s2,52.82674994580833,52.82330409050593,50.92977526429075,54.655627444156615,51.49409734767668,54.15820593824996
women,5,pct_remaining,84,1 Functional,s2,48.8920592792014,48.890120493969754,46.79102688950156,50.941006336708426,47.40543778222669,50.37758885784245
women,5,pct_remaining,86,1 Functional,s2,44.546800802802366,44.54131304161939,42.22451060595058,46.838287740249775,42.9056195407477,46.191631565002574
women,5,pct_remaining,88,1 Functional,s2,39.820458688150076,39.81171006427044,37.27770965939582,42.34888254296224,38.01616223277572,41.63524203041157
women,5,pct_remaining,90,1 Functional,s2,34.786188084891414,34.77110789799303,32.05810121895349,37.52428639098843,32.84007320100063,36.76318078227636
women,5,pct_remaining,92,1 Functional,s2,29.571521003729384,29.543935671062204,26.706349393140545,32.49963910471517,27.513036300671402,31.665899891663308
women,5,pct_remaining,94,1 Functional,s2,24.360028731988304,24.326614843849136,21.42980933993393,27.379711320203434,22.24909752884941,26.52792008299491
women,5,pct_remaining,96,1 Functional,s2,19.37631403232339,19.339825675075865,16.50328910046242,22.398247556233876,17.31029152014532,21.532885169168026
women,5,pct_remaining,98,1 Functional,s2,14.850707146565194,14.80400160137454,12.14433888701436,17.75748111407989,12.902662329208905,16.902038298119333
women,5,pct_remaining,100,1 Functional,s2,10.970314158939999,10.907688250733687,8.525438590280961,13.649126319518201,9.205434145189566,12.849244125016035
women,5,pct_remaining,102,1 Functional,s2,7.834845068015985,7.7747809647292225,5.721466293000275,10.194775157691538,6.293082133261593,9.50319200481977
women,5,pct_remaining,104,1 Functional,s2,5.438984877407315,5.376996427940531,3.6479988008978643,7.479888926012619,4.114438639330247,6.87997246865826
women,5,pct_remaining,106,1 Functional,s2,3.693647918378944,3.631390153129124,2.2232321933109014,5.454854211118522,2.589261027062894,4.913389839085837
women,5,pct_remaining,108,1 Functional,s2,2.495028958486058,2.4292891324977814,1.309609231021899,4.019177117658566,1.5905881857406137,3.5274569379691925
women,5,pct_remaining,110,1 Functional,s2,1.8646387215785785,1.7915723786691484,0.8637269704146533,3.2360844245648295,1.09215268208077,2.763512810920921
women,5,pct_remaining,50,2 Physical only,s2,24.164123896822698,24.154891093547207,23.32339550033741,25.046467601825658,23.553458125210227,24.784343040739778
women,5,pct_remaining,52,2 Physical only,s2,20.2959602422264,20.28633454202651,19.52577035118472,21.110367307385825,19.731077564629015,20.87244456154575
women,5,pct_remaining,54,2 Physical only,s2,18.399750508274433,18.393396826212054,17.77777438186717,19.0527094089546,17.943632155732217,18.868689085388752
women,5,pct_remaining,56,2 Physical only,s2,17.53937093955238,17.537321070363742,17.019078634834557,18.07467620549571,17.16030005102993,17.92281624970788
women,5,pct_remaining,58,2 Physical only,s2,17.255908814888418,17.25359097626471,16.7761906450911,17.745599818648877,16.91267195666328,17.603209744785296
women,5,pct_remaining,60,2 Physical only,s2,17.31125055619107,17.309038351143545,16.829598216311116,17.805356651574872,16.963859818916397,17.662313655744605
women,5,pct_remaining,62,2 Physical only,s2,17.580921667586107,17.57736601416113,17.065819636429065,18.111999796979795,17.209255925059747,17.958185600068468
women,5,pct_remaining,64,2 Physical only,s2,18.000667917409704,17.99771569958433,17.437708501209368,18.581681734203165,17.59269123188815,18.416097793222484
women,5,pct_remaining,66,2 Physical only,s2,18.538442354845877,18.535150935380145,17.912674860001662,19.178852419250607,18.08744792123285,18.99831740373169
women,5,pct_remaining,68,2 Physical only,s2,19.179472707821105,19.17665982986252,18.48761225422519,19.891328415305864,18.67647282901078,19.69236978831041
women,5,pct_remaining,70,2 Physical only,s2,19.918174204771084,19.915997584378275,19.142618515632897,20.709684804595692,19.36094149317378,20.488455186411073
women,5,pct_remaining,72,2 Physical only,s2,20.753587615782077,20.74971504004653,19.889463443310635,21.633261843777714,20.131782029591704,21.39071851890496
women,5,pct_remaining,74,2 Physical only,s2,21.686524991366834,21.682272319854246,20.715425608348163,22.674087759137404,20.991777768258984,22.395549534157013
women,5,pct_remaining,76,2 Physical only,s2,22.71738647259554,22.70950423287029,21.632718629945895,23.835641459894763,21.93749159688715,23.512443387868686
women,5,pct_remaining,78,2 Physical only,s2,23.84400898329757,23.835148444670743,22.621296795061816,25.10740824625363,22.964114360699462,24.7425441156742
women,5,pct_remaining,80,2 Physical only,s2,25.059108769949315,25.04649000659296,23.681786513999768,26.483656526779544,24.058625429546773,26.074717777879037
women,5,pct_remaining,82,2 Physical only,s2,26.347005856482827,26.332096902444796,24.786206464859056,27.965492908292475,25.204941847769412,27.4993174668352
women,5,pct_remaining,84,2 Physical only,s2,27.67947439947266,27.66615349585063,25.91177550977464,29.53287829465525,26.38058061628164,28.992721376982864
women,5,pct_remaining,86,2 Physical only,s2,29.010868202914743,28.99579186762567,26.975522245128218,31.135010443145045,27.521450744874933,30.520172983358563
women,5,pct_remaining,88,2 Physical only,s2,30.273261155799553,30.256189877802377,27.913924420725976,32.73127353470253,28.56337342149517,32.02102703622828
women,5,pct_remaining,90,2 Physical only,s2,31.373301834640795,31.348979568521628,28.63210636233412,34.22784055327285,29.40243804881326,33.398064650790346
women,5,pct_remaining,92,2 Physical only,s2,32.19364714376138,32.16837257114431,28.995338363637067,35.52601694544562,29.88949440598666,34.560694406021504
women,5,pct_remaining,94,2 Physical only,s2,32.60250942271886,32.57592183713269,28.85992033529949,36.52384974078879,29.87301682156871,35.40003061557419
women,5,pct_remaining,96,2 Physical only,s2,32.473706909734524,32.429761754518175,28.07155193252233,37.06826778164014,29.23458111797808,35.762778948464884
women,5,pct_remaining,98,2 Physical only,s2,31.715481595118302,31.660019571679882,26.542347016080395,37.20315553561764,27.889634072143263,35.599315648928695
women,5,pct_remaining,100,2 Physical only,s2,30.299988564911384,30.232560314790845,24.271129182423735,36.71101755469567,25.870258896299056,34.877444340907466
women,5,pct_remaining,102,2 Physical only,s2,28.280630151732936,28.19376228218098,21.36088484199515,35.697400382995966,23.16907924316633,33.58291258330347
women,5,pct_remaining,104,2 Physical only,s2,25.78698610891052,25.65399926894692,18.02129744493066,34.31324883633135,20.034458568179357,31.825238068302866
women,5,pct_remaining,106,2 Physical only,s2,23.005949610459812,22.78870090137437,14.623710784101156,32.61446608773721,16.732116962162856,29.67837289676006
women,5,pct_remaining,108,2 Physical only,s2,20.236705437779765,19.929571850063134,11.557499033825142,30.676228987631696,13.608338431750756,27.47612331610045
women,5,pct_remaining,110,2 Physical only,s2,18.280318310092927,17.898704632334493,9.559675434466318,29.266135688984697,11.511692039328052,25.78744621087437
women,5,pct_remaining,50,3 Cognitive only,s2,2.2362870060788076,2.2341415931367528,2.0750811617013634,2.4092874967933344,2.1182127861076467,2.3582280281196635
women,5,pct_remaining,52,3 Cognitive only,s2,2.3775269390886264,2.375412697271024,2.2065544931817054,2.5606635668088016,2.252190072950664,2.5061677731079746
women,5,pct_remaining,54,3 Cognitive only,s2,2.508582883632011,2.506736936286375,2.3261410854047617,2.7017416444976075,2.375500625942221,2.646436559498819
women,5,pct_remaining,56,3 Cognitive only,s2,2.6456369563082447,2.6439415212990576,2.448970693790366,2.854598198976183,2.502856473103546,2.7938092595607515
women,5,pct_remaining,58,3 Cognitive only,s2,2.7972856934204233,2.795417043237791,2.5844576003863735,3.0245180731288452,2.6427952328146698,2.9573341438570173
women,5,pct_remaining,60,3 Cognitive only,s2,2.9671347537338133,2.9645380092412106,2.7349793364629456,3.2156120922873472,2.7988608279222253,3.141460711379808
women,5,pct_remaining,62,3 Cognitive only,s2,3.157657356699428,3.154569297748175,2.902496665056437,3.430007418951281,2.9727617492502807,3.3489560441025596
women,5,pct_remaining,64,3 Cognitive only,s2,3.3714129812454847,3.3680396132064208,3.090556738730644,3.6714375416830687,3.1679592335380837,3.5822499185059837
women,5,pct_remaining,66,3 Cognitive only,s2,3.611385557094708,3.6072703251534444,3.3003979265193197,3.9437411430299187,3.3863851516235233,3.845099902371994
women,5,pct_remaining,68,3 Cognitive only,s2,3.8810747113685933,3.8768007643423723,3.534726189042534,4.2499473466646736,3.6291320098815314,4.140816263431899
women,5,pct_remaining,70,3 Cognitive only,s2,4.18450763128077,4.179666512166401,3.7966642919712474,4.595331975889929,3.9034569221644633,4.475366829463152
women,5,pct_remaining,72,3 Cognitive only,s2,4.526197080556934,4.521461782235176,4.088496799964276,4.986628554725234,4.209238466579827,4.8539267113056574
women,5,pct_remaining,74,3 Cognitive only,s2,4.911019749495106,4.904883526504509,4.415439962969258,5.431933852842256,4.55242393338383,5.282031867432636
women,5,pct_remaining,76,3 Cognitive only,s2,5.343956315939483,5.335718588650479,4.7818231994976195,5.935591488407428,4.9367672649880054,5.766154466146906
women,5,pct_remaining,78,3 Cognitive only,s2,5.8295992601331905,5.8207477235534615,5.18648654510277,6.504469186286347,5.363474227142413,6.311852365564472
women,5,pct_remaining,80,3 Cognitive only,s2,6.371292060371841,6.3619901617627725,5.631816705438014,7.14974812513814,5.83439295935593,6.927244020861247
women,5,pct_remaining,82,3 Cognitive only,s2,6.969721156878871,6.958147939237376,6.115104391749896,7.8721119562344395,6.350539322437269,7.613704964541251
women,5,pct_remaining,84,3 Cognitive only,s2,7.6207668166785325,7.605762501175414,6.630658249794467,8.673981214856335,6.900686789295324,8.368708948963361
women,5,pct_remaining,86,3 Cognitive only,s2,8.312492220873331,8.292907409187263,7.166542856012723,9.54812355961437,7.471401498939997,9.185409924056296
women,5,pct_remaining,88,3 Cognitive only,s2,9.021420276064855,8.999604299665766,7.695159220759556,10.464554221622015,8.04257464865168,10.037073508160077
women,5,pct_remaining,90,3 Cognitive only,s2,9.708848263861121,9.68095048803068,8.183131942631356,11.40281721016114,8.571594419434723,10.889388227706966
women,5,pct_remaining,92,3 Cognitive only,s2,10.318918837597076,10.285633988306754,8.5596560325721,12.307076327476583,9.00619178825669,11.696295679245416
women,5,pct_remaining,94,3 Cognitive only,s2,10.78117308307031,10.732097084154905,8.762596992846746,13.077313453963033,9.274868703754546,12.376222711299992
women,5,pct_remaining,96,3 Cognitive only,s2,11.02038173325244,10.963200725328276,8.716332960651323,13.662429446376505,9.309551853468985,12.859587807656945
women,5,pct_remaining,98,3 Cognitive only,s2,10.9742048013966,10.897963080233106,8.384718894263857,13.980847977589432,9.04878198229628,13.061762444983218
women,5,pct_remaining,100,3 Cognitive only,s2,10.614249841636925,10.515093589803719,7.758452305947045,14.010059757890955,8.472083005637042,12.97366392461765
women,5,pct_remaining,102,3 Cognitive only,s2,9.96081010811897,9.835494090422191,6.861382933235438,13.792993330325475,7.6232473758090045,12.591673073457024
women,5,pct_remaining,104,3 Cognitive only,s2,9.08129984923251,8.91519137096305,5.777857907203962,13.374615002651536,6.566869967552051,11.96809346848714
women,5,pct_remaining,106,3 Cognitive only,s2,8.073345994351596,7.858887511248707,4.601938325381011,12.801085235466198,5.430631800500143,11.205169930386308
women,5,pct_remaining,108,3 Cognitive only,s2,7.069069775149178,6.791365754515109,3.5497999204281365,12.192490407234802,4.340116371956124,10.385650984787112
women,5,pct_remaining,110,3 Cognitive only,s2,6.361687925275949,6.03533483058781,2.851573063586076,11.738667313657645,3.6066961965853355,9.791086297888608
women,5,pct_remaining,50,4 Both,s2,3.800406433141447,3.797427445296653,3.5201679736503246,4.103171142561617,3.59790994625436,4.012231026549791
women,5,pct_remaining,52,4 Both,s2,3.986057085905969,3.982591868300031,3.6922234526384607,4.304493977039566,3.77376186130467,4.207976550054325
women,5,pct_remaining,54,4 Both,s2,4.115587725148789,4.110209547570149,3.8081532592782277,4.449817406054101,3.8925693210581223,4.345639095921259
women,5,pct_remaining,56,4 Both,s2,4.29279434815217,4.2870893130350325,3.9655347780893226,4.649898800597061,4.054805422026546,4.539587287007789
women,5,pct_remaining,58,4 Both,s2,4.524307880557965,4.518779467342577,4.169322077690898,4.9080308762026155,4.267731489877268,4.791278319952759
women,5,pct_remaining,60,4 Both,s2,4.80809435271569,4.801977248348781,4.423127446243365,5.22553194887348,4.528412228092039,5.09821842269727
women,5,pct_remaining,62,4 Both,s2,5.1445136389557264,5.137488190795607,4.722184548710994,5.600044623024619,4.838242386351914,5.46117881433233
women,5,pct_remaining,64,4 Both,s2,5.537258341340844,5.5303210968910745,5.072559510736167,6.037799276747152,5.200050804275271,5.88724732237801
women,5,pct_remaining,66,4 Both,s2,5.993098219363797,5.985286115488825,5.47919955691875,6.547588711331664,5.620207593698453,6.3804859644855165
women,5,pct_remaining,68,4 Both,s2,6.52174383356419,6.512866205507512,5.951294895918128,7.13715298496339,6.106693768984944,6.9508721392728265
women,5,pct_remaining,70,4 Both,s2,7.135979468720432,7.126505071092042,6.496778973984246,7.827153796838417,6.672136629796729,7.617167154209628
women,5,pct_remaining,72,4 Both,s2,7.852042310016242,7.841749136490437,7.129333102468291,8.633885916914016,7.327617449767107,8.394386699221238
women,5,pct_remaining,74,4 Both,s2,8.690212437164881,8.676339042920361,7.867394844177667,9.578524728228382,8.09605712972585,9.308816549772475
women,5,pct_remaining,76,4 Both,s2,9.675579275163551,9.660777239300414,8.73519639611515,10.694316405719135,8.993355120386811,10.385939681271767
women,5,pct_remaining,78,4 Both,s2,10.838932172132182,10.821723678680495,9.748873753723018,12.0137470640303,10.048664456977363,11.655928415234602
women,5,pct_remaining,80,4 Both,s2,12.21767028281169,12.19660804565665,10.950810651916136,13.59689038267814,11.29411920697389,13.173511769255349
women,5,pct_remaining,82,4 Both,s2,13.856523040829972,13.832453943946506,12.364226671557084,15.478860822702847,12.769217543737522,14.983163784630754
women,5,pct_remaining,84,4 Both,s2,15.807699504647411,15.776412871849754,14.038455355107379,17.72566143091514,14.517629077706157,17.152064708219573
women,5,pct_remaining,86,4 Both,s2,18.129838773409556,18.092877006633177,16.01406042424716,20.433171967391058,16.57649508355569,19.73756574485857
women,5,pct_remaining,88,4 Both,s2,20.88485987998552,20.840065366157518,18.326918150895036,23.661750651829127,18.99789745269132,22.821205539121248
women,5,pct_remaining,90,4 Both,s2,24.13166181660667,24.070816589318518,21.05631917335041,27.490641523843184,21.853932937646473,26.48869668086062
women,5,pct_remaining,92,4 Both,s2,27.915913014912157,27.839353145532876,24.189049988838764,31.975965983969292,25.149967348108284,30.774972899097904
women,5,pct_remaining,94,4 Both,s2,32.256288762222525,32.1745077698434,27.725369158769084,37.17131230137119,28.933412366222562,35.72114062859643
women,5,pct_remaining,96,4 Both,s2,37.12959732468965,37.043359527914284,31.66616301951872,43.046181680601784,33.140350160156764,41.32409461769875
women,5,pct_remaining,98,4 Both,s2,42.45960645691991,42.36284260041067,35.89392799367399,49.4923652462095,37.722186088040864,47.43725500847425
women,5,pct_remaining,100,4 Both,s2,48.115447434511694,48.006905122415816,40.36062747369511,56.38472487059687,42.46929082509018,53.991054800613185
women,5,pct_remaining,102,4 Both,s2,53.92371467213211,53.83436692431759,44.811646935901486,63.381738398634305,47.34008214105711,60.6865379433859
women,5,pct_remaining,104,4 Both,s2,59.69272916444966,59.64059556346764,49.305084517319635,70.24979619890418,52.172373017608834,67.35439281550805
women,5,pct_remaining,106,4 Both,s2,65.22705647680965,65.24151549832261,53.57963299625818,76.56471370951716,56.87777562633135,73.59767893849991
women,5,pct_remaining,108,4 Both,s2,70.199195828585,70.34485567775926,57.4351110086436,82.05394179530094,61.13829040722417,79.07590410895831
women,5,pct_remaining,110,4 Both,s2,73.49335504305255,73.7845445411368,59.973390848890965,85.39950750032048,64.03577904840076,82.55998866342532
women,5,pct_remaining,50,1 Functional,s3,73.8154041725881,73.85175746644222,72.28804539553933,75.11195675059675,72.76074217492864,74.79273973465182
women,5,pct_remaining,52,1 Functional,s3,76.6390364468907,76.67023942051753,75.35066313289589,77.73861634423756,75.75668378520595,77.4597806267318
women,5,pct_remaining,54,1 Functional,s3,76.92215291200121,76.9376723347321,76.05408396638776,77.69439555141075,76.32721705762474,77.48963917799458
women,5,pct_remaining,56,1 Functional,s3,76.60243723638591,76.60647696316411,75.94171202959085,77.23376409602035,76.13728301579867,77.06228370079057
women,5,pct_remaining,58,1 Functional,s3,76.01517768270872,76.01751408894299,75.4058218403646,76.6170406207252,75.58052735948642,76.44452282607081
women,5,pct_remaining,60,1 Functional,s3,75.23967663840908,75.24306910742047,74.61205147744207,75.8612578039967,74.79272959201614,75.68038028579653
women,5,pct_remaining,62,1 Functional,s3,74.29798651234752,74.301739899531,73.61956352483251,74.9611338147743,73.81879575667733,74.76843813629013
women,5,pct_remaining,64,1 Functional,s3,73.19237336912055,73.19571785100234,72.45006268268202,73.91939896809343,72.67061933033293,73.7038771318525
women,5,pct_remaining,66,1 Functional,s3,71.91495456478327,71.91732701507463,71.09768089674715,72.71409774876705,71.34346079684987,72.47455460886914
women,5,pct_remaining,68,1 Functional,s3,70.45108808098111,70.45420580714826,69.55702566936928,71.33194639621563,69.82147235762737,71.0683990767247
women,5,pct_remaining,70,1 Functional,s3,68.78083409985457,68.78251612272308,67.79676199851309,69.75071634119254,68.08278956400396,69.46220393063899
women,5,pct_remaining,72,1 Functional,s3,66.8796875032099,66.88069783575824,65.79158317218678,67.94470796688147,66.10699716344047,67.63901824568819
women,5,pct_remaining,74,1 Functional,s3,64.7191044490787,64.71658208058805,63.50933575679178,65.89562076510195,63.85644557883544,65.56317517368122
women,5,pct_remaining,76,1 Functional,s3,62.267191357534955,62.2663723246188,60.91633499128438,63.575989099692656,61.31166506280385,63.20824221262739
women,5,pct_remaining,78,1 Functional,s3,59.48993174171392,59.486124542000354,57.97290997968343,60.948107195641924,58.42265259415374,60.55100853843724
women,5,pct_remaining,80,1 Functional,s3,56.35341270461302,56.35080176714177,54.64996034111411,57.98625101613916,55.15857582457488,57.544800292231
women,5,pct_remaining,82,1 Functional,s3,52.82763572503983,52.8239455086722,50.9307103200861,54.6564754251769,51.49511848232042,54.15956825880718
women,5,pct_remaining,84,1 Functional,s3,48.8925829000598,48.89062181768429,46.79143451070796,50.94166142399986,47.405935747815654,50.378083369027664
women,5,pct_remaining,86,1 Functional,s3,44.54710591652345,44.54168456483487,42.22480110981795,46.83854322698594,42.90582469599794,46.19194000079672
women,5,pct_remaining,88,1 Functional,s3,39.82063309258972,39.81190051555841,37.277911476287024,42.34909136417923,38.01629322571395,41.63543013585426
women,5,pct_remaining,90,1 Functional,s3,34.7862853782011,34.77123165977438,32.058180672779606,37.52437438262216,32.84016374336337,36.76325485483315
women,5,pct_remaining,92,1 Functional,s3,29.571573692074264,29.543962223523383,26.70638945812446,32.49968050339694,27.51309868312888,31.66593128018328
women,5,pct_remaining,94,1 Functional,s3,24.360056281475,24.326643306834672,21.429824668486912,27.37972908219857,22.249109969342324,26.52794406482391
women,5,pct_remaining,96,1 Functional,s3,19.376327872512242,19.33983954200536,16.503304769864464,22.398259928183496,17.31030678024413,21.532901035785127
women,5,pct_remaining,98,1 Functional,s3,14.850713803319117,14.804007118291642,12.144346163374106,17.757487946625105,12.90267058911579,16.90204460519508
women,5,pct_remaining,100,1 Functional,s3,10.97031722156569,10.90769138750667,8.525441240741026,13.64912839717236,9.205436064384424,12.849245963051551
women,5,pct_remaining,102,1 Functional,s3,7.834846419594066,7.774782301674633,5.7214680406206515,10.194776611201705,6.293084343279178,9.503192917011656
women,5,pct_remaining,104,1 Functional,s3,5.438985452612168,5.376997011982413,3.6479992368097713,7.479889342555422,4.114439215035488,6.879973029490486
women,5,pct_remaining,106,1 Functional,s3,3.6936481551689413,3.631390314056338,2.223232480522493,5.454854398873231,2.589261377274623,4.913390020350473
women,5,pct_remaining,108,1 Functional,s3,2.495029053882533,2.429289182744813,1.3096092907767616,4.019177577827006,1.5905882669887332,3.527457016373552
women,5,pct_remaining,110,1 Functional,s3,1.864638768601583,1.7915724051716833,0.8637270265641847,3.2360844268498994,1.0921527193872198,2.7635129072133093
women,5,pct_remaining,50,2 Physical only,s3,15.366860876020736,15.319848408051456,14.481016816511552,16.557155851012652,14.684508054976327,16.144946951429205
women,5,pct_remaining,52,2 Physical only,s3,16.0481252017308,16.01403963006691,15.259603619894532,17.072168308107898,15.44724834117629,16.726533423738772
women,5,pct_remaining,54,2 Physical only,s3,16.29770838791839,16.281660865267455,15.70711883781783,16.976403285735532,15.85983829887777,16.768341703689828
women,5,pct_remaining,56,2 Physical only,s3,16.46881088777482,16.46445196351649,15.979653963304163,16.988018406349944,16.114016335900647,16.835748745833058
women,5,pct_remaining,58,2 Physical only,s3,16.69934779174163,16.697298469755104,16.23684806507666,17.16833140271589,16.366648044428853,17.045009457074954
women,5,pct_remaining,60,2 Physical only,s3,17.017518015669417,17.015256868657204,16.539600829082712,17.505670718949034,16.672087418990277,17.369165102547054
women,5,pct_remaining,62,2 Physical only,s3,17.423980340850633,17.421894437259322,16.908884500467913,17.958925914864743,17.051952067415627,17.80385351095313
women,5,pct_remaining,64,2 Physical only,s3,17.915882357702003,17.91225226789425,17.35101143928784,18.4971500184133,17.506167427124804,18.33246016138455
women,5,pct_remaining,66,2 Physical only,s3,18.492161645805034,18.489675708564445,17.86402964766978,19.134062480019946,18.039474884704482,18.95503019193055
women,5,pct_remaining,68,2 Physical only,s3,19.153965488654,19.151072097300784,18.46055207414917,19.8663783796001,18.650382775577427,19.66650338645956
women,5,pct_remaining,70,2 Physical only,s3,19.90399483578567,19.901705172275776,19.126888640333572,20.693994977344005,19.345843172194154,20.474073332808093
women,5,pct_remaining,72,2 Physical only,s3,20.745649859312618,20.741580498558136,19.880409739398033,21.626455603072806,20.123675556855673,21.38313107430541
women,5,pct_remaining,74,2 Physical only,s3,21.682059971123003,21.677727582333297,20.711325514527264,22.669392783984357,20.98714464137871,22.391339917269345
women,5,pct_remaining,76,2 Physical only,s3,22.714870192426115,22.707146477644265,21.62969772532152,23.832874517775956,21.934946860827054,23.510149976640186
women,5,pct_remaining,78,2 Physical only,s3,23.84259357935012,23.833743280866283,22.619790674840146,25.105840888011024,22.96207703988125,24.74128296770029
women,5,pct_remaining,80,2 Physical only,s3,25.05831781232484,25.045831919910334,23.681102953862588,26.48293418738264,24.057621034455785,26.074124698511962
women,5,pct_remaining,82,2 Physical only,s3,26.346569326689224,26.331623770997812,24.785780213138246,27.964993934883793,25.20445661679905,27.498840136628296
women,5,pct_remaining,84,2 Physical only,s3,27.67923827869654,27.66591424684681,25.911508410795882,29.53256428333582,26.380239340704144,28.992355094191208
women,5,pct_remaining,86,2 Physical only,s3,29.01074434019291,28.995697542074076,26.975414394715514,31.134893425050947,27.521420185509346,30.52001863157443
women,5,pct_remaining,88,2 Physical only,s3,30.27319913161916,30.25613953229881,27.91384678185946,32.73116375581992,28.56334623209994,32.02098674763708
women,5,pct_remaining,90,2 Physical only,s3,31.373272981628375,31.348956364147547,28.632086121030536,34.22779884098823,29.402416512823894,33.39804308134855
women,5,pct_remaining,92,2 Physical only,s3,32.19363537166401,32.16836908129844,28.995336856823283,35.52599358469599,29.889482250192906,34.56066828377437
women,5,pct_remaining,94,2 Physical only,s3,32.60250590044194,32.57592132440105,28.859920855780853,36.52383942706474,29.87301519363362,35.40002615794046
women,5,pct_remaining,96,2 Physical only,s3,32.47370696110646,32.429765639707384,28.071553349003537,37.06827001762393,29.23458456855166,35.76277732188437
women,5,pct_remaining,98,2 Physical only,s3,31.715482880283226,31.660020655018105,26.542345662361402,37.20315051522557,27.889635088212106,35.59931457965161
women,5,pct_remaining,100,2 Physical only,s3,30.29999001689713,30.232561266060994,24.271132130868786,36.711017684734486,25.870258574418443,34.8774429616791
women,5,pct_remaining,102,2 Physical only,s3,28.28063136173491,28.193763356769793,21.36088628241737,35.69740094067343,23.16908145814095,33.58291197601981
women,5,pct_remaining,104,2 Physical only,s3,25.78698698088693,25.653999577069044,18.021297788172575,34.313250333082316,20.03445946778153,31.8252376435152
women,5,pct_remaining,106,2 Physical only,s3,23.005950177940754,22.78870111546845,14.623711516054946,32.614466111479125,16.73211751543322,29.678373576716304
women,5,pct_remaining,108,2 Physical only,s3,20.236705779780067,19.929572182467005,11.557499937548911,30.67623011531085,13.60833866490983,27.476123152191374
women,5,pct_remaining,110,2 Physical only,s3,18.28031853236831,17.898705456197007,9.559675990444994,29.266135601573456,11.511692771256927,25.787446211902523
women,5,pct_remaining,50,3 Cognitive only,s3,6.789030207070112,6.756099298197861,6.221826686230961,7.521082336316519,6.362113824800071,7.284469963387346
women,5,pct_remaining,52,3 Cognitive only,s3,3.2008612004976973,3.1760636256324943,2.8078889109439693,3.7300465530885556,2.900179437825561,3.552187453371668
women,5,pct_remaining,54,3 Cognitive only,s3,2.679896390203576,2.6736384026969042,2.45823769276993,2.938629285284328,2.518580137645357,2.855199704072719
women,5,pct_remaining,56,3 Cognitive only,s3,2.682506492996362,2.6804619823219515,2.480010583121092,2.895433254497117,2.53653510906283,2.834020214036775
women,5,pct_remaining,58,3 Cognitive only,s3,2.8036660020296176,2.801870662940394,2.589868370544299,3.029919460052154,2.6490749107447793,2.964625823946345
women,5,pct_remaining,60,3 Cognitive only,s3,2.966664005582446,2.964173092272265,2.734537752371578,3.215165851129287,2.7984171315047734,3.1408561189138364
women,5,pct_remaining,62,3 Cognitive only,s3,3.156061286700983,3.152773434349713,2.900889714105823,3.427985204166183,2.9710872266474353,3.347273878721942
women,5,pct_remaining,64,3 Cognitive only,s3,3.3700230197030883,3.3664484820731593,3.0892569638231224,3.6699979787906067,3.1665696553864064,3.5808668706811266
women,5,pct_remaining,66,3 Cognitive only,s3,3.6104109491823744,3.6062311452064026,3.299576824522056,3.943040922799886,3.3855268464421253,3.8443161070350604
women,5,pct_remaining,68,3 Cognitive only,s3,3.8804555974526638,3.876180209322006,3.534247216237254,4.249406193096475,3.6287286245985544,4.140332753014774
women,5,pct_remaining,70,3 Cognitive only,s3,4.18414271810038,4.179315253389259,3.7962666792038977,4.595099885350443,3.903038154678743,4.4750820520743835
women,5,pct_remaining,72,3 Cognitive only,s3,4.525999890278574,4.521292863148001,4.088333594294318,4.986456961310929,4.208983348407023,4.853763082481483
women,5,pct_remaining,74,3 Cognitive only,s3,4.9109273613588265,4.9048265678507565,4.415387041950054,5.431771956425243,4.552351135726523,5.281863697044979
women,5,pct_remaining,76,3 Cognitive only,s3,5.3439260225847525,5.335697657339278,4.781718289287241,5.935530621613634,4.936745966667742,5.766184601160996
women,5,pct_remaining,78,3 Cognitive only,s3,5.829603281251412,5.820742715334289,5.186524017604854,6.504416538351561,5.363482998974812,6.311904901343237
women,5,pct_remaining,80,3 Cognitive only,s3,6.371312966374541,6.362020660870753,5.631834661885331,7.149781569311626,5.834427709176729,6.927274014647815
women,5,pct_remaining,82,3 Cognitive only,s3,6.969748448875377,6.958185924685788,6.1151298097558655,7.872111456942532,6.350564747816183,7.6137330700499195
women,5,pct_remaining,84,3 Cognitive only,s3,7.620794517521542,7.605787781973536,6.630683413031331,8.673995567949792,6.900697552854314,8.368759027989766
women,5,pct_remaining,86,3 Cognitive only,s3,8.312517228207,8.292935554376447,7.166578099426714,9.548165449626454,7.47142017619888,9.185443996929495
women,5,pct_remaining,88,3 Cognitive only,s3,9.021441258000937,8.999622375897516,7.695178351910011,10.46458057573501,8.042597198370954,10.037088975985956
women,5,pct_remaining,90,3 Cognitive only,s3,9.708864931587623,9.68096836648364,8.183149465860334,11.402836511043622,8.571611005112358,10.889401393891678
women,5,pct_remaining,92,3 Cognitive only,s3,10.31893147625211,10.285643187061329,8.559665270469896,12.307090941667907,9.006203869844182,11.69631047291575
women,5,pct_remaining,94,3 Cognitive only,s3,10.781182257036365,10.732105866950413,8.762605631282126,13.077321389169311,9.274877252169496,12.376234532668045
women,5,pct_remaining,96,3 Cognitive only,s3,11.020388106507136,10.963208614769004,8.716335526996659,13.662435459624248,9.309559372438848,12.859594061881737
women,5,pct_remaining,98,3 Cognitive only,s3,10.974209031172837,10.89796793916699,8.384723197808883,13.980849964992386,9.048784379263738,13.061766305548357
women,5,pct_remaining,100,3 Cognitive only,s3,10.61425251735753,10.515096242444022,7.7584557411679995,14.010062640638884,8.472086834267417,12.973668126586821
women,5,pct_remaining,102,3 Cognitive only,s3,9.960811718809952,9.835495017676642,6.861384904631085,13.792993960446221,7.623248203073145,12.59167422746815
women,5,pct_remaining,104,3 Cognitive only,s3,9.081300771154783,8.915192505581535,5.777859509343895,13.374616026544416,6.566870535504972,11.9680955357165
women,5,pct_remaining,106,3 Cognitive only,s3,8.073346495660182,7.858888860300481,4.601938757626808,12.801086284159716,5.4306323166060135,11.205170388650101
women,5,pct_remaining,108,3 Cognitive only,s3,7.069070037262471,6.791366058045431,3.5498003206310837,12.192490548918338,4.340116731326204,10.385651201944725
women,5,pct_remaining,110,3 Cognitive only,s3,6.361688081788873,6.035334922679047,2.8515731392887287,11.738667503631387,3.6066963066004267,9.791086533007661
women,5,pct_remaining,50,4 Both,s3,4.028704744321048,4.013591117735692,3.63185925948207,4.506814346799777,3.733537581167936,4.347585776496337
women,5,pct_remaining,52,4 Both,s3,4.111977150880796,4.102837558546653,3.7486631017961867,4.52745534163573,3.8455757426128256,4.393633695750017
women,5,pct_remaining,54,4 Both,s3,4.1002423098768235,4.096003704265149,3.778101182166031,4.447806109275816,3.866547022846021,4.341801921432357
women,5,pct_remaining,56,4 Both,s3,4.246245382842905,4.242539199480298,3.9172917819371698,4.602649750378965,4.005242281037153,4.493770568937986
women,5,pct_remaining,58,4 Both,s3,4.48180852352002,4.4766261549749515,4.129070853591294,4.864918621899409,4.222706799675332,4.7481444606214565
women,5,pct_remaining,60,4 Both,s3,4.77614134033906,4.770169324059921,4.39126584579847,5.190893247579497,4.494882600833035,5.066547632997651
women,5,pct_remaining,62,4 Both,s3,5.1219718601008655,5.115444774630161,4.6993645621421996,5.575363312876777,4.815527693002859,5.43930229204205
women,5,pct_remaining,64,4 Both,s3,5.521721253474365,5.514333586472393,5.05758569923492,6.023586161511814,5.184258469663453,5.871861405235814
women,5,pct_remaining,66,4 Both,s3,5.9824728402293195,5.974825157191253,5.468692148288198,6.536541672417903,5.609806775361794,6.369510751247775
women,5,pct_remaining,68,4 Both,s3,6.514490832912226,6.505841050527547,5.944336562906233,7.130091569579067,6.100171428994569,6.943326239208629
women,5,pct_remaining,70,4 Both,s3,7.131028346259371,7.121297834977701,6.49253206910972,7.821736428349659,6.666786369788741,7.611665447666887
women,5,pct_remaining,72,4 Both,s3,7.848662747198916,7.838231146636522,7.125535973887634,8.630506544076525,7.324229066125839,8.391469629064849
women,5,pct_remaining,74,4 Both,s3,8.687908218439466,8.673945650019743,7.865901405120959,9.576303872598595,8.093781925090349,9.30644185380779
women,5,pct_remaining,76,4 Both,s3,9.67401242745418,9.659105443552198,8.733868341024243,10.692904911133937,8.991722450384259,10.38420953809994
women,5,pct_remaining,78,4 Both,s3,10.837871397684552,10.820606677575466,9.748161242751427,12.012291823292996,10.047799826006601,11.654810261688771
women,5,pct_remaining,80,4 Both,s3,12.216956516687599,12.195946024720222,10.950206835065213,13.595793307104126,11.293484318466216,13.172424709437125
women,5,pct_remaining,82,4 Both,s3,13.856046499395564,13.831974905651332,12.363917408812096,15.478547654583108,12.768812462155495,14.982449072441502
women,5,pct_remaining,84,4 Both,s3,15.807384303722117,15.776060897730263,14.038129577681318,17.72533012188272,14.517340817055796,17.151720448585664
women,5,pct_remaining,86,4 Both,s3,18.129632515076636,18.092676134379417,16.013887008905353,20.4329788711033,16.576277837930633,19.73740991585319
women,5,pct_remaining,88,4 Both,s3,20.884726517790174,20.839926447385558,18.326812127769,23.661623354099632,18.9977729750154,22.821064570870234
women,5,pct_remaining,90,4 Both,s3,24.1315767085829,24.07074582937283,21.056244533605557,27.49055988031492,21.853881621761737,26.488579683137132
women,5,pct_remaining,92,4 Both,s3,27.915859460009617,27.839305869016997,24.189006911422997,31.975912493565332,25.149914220441467,30.774909358092387
women,5,pct_remaining,94,4 Both,s3,32.25625556104669,32.17447920619253,27.725351072178842,37.1712491756672,28.933390585434193,35.721113603618875
women,5,pct_remaining,96,4 Both,s3,37.129577059874165,37.043341875320834,31.66615328946671,43.046148890479174,33.14033377724062,41.32403627755268
women,5,pct_remaining,98,4 Both,s3,42.459594285224824,42.36283341058229,35.8939205532585,49.49235685906688,37.72217005409027,47.437244786047714
women,5,pct_remaining,100,4 Both,s3,48.11544024417965,48.006898591561,40.360624707697845,56.38471745420605,42.4692861770375,53.99103864139446
women,5,pct_remaining,102,4 Both,s3,53.92371049986107,53.8343600510225,44.81164565294788,63.38173273918757,47.34008235064267,60.68653576773077
women,5,pct_remaining,104,4 Both,s3,59.69272679534612,59.640592244535966,49.30508404542108,70.24979401109043,52.17237283111542,67.3543878238214
women,5,pct_remaining,106,4 Both,s3,65.22705517123012,65.2415140118151,53.57963257947592,76.56471268014386,56.87777556505057,73.59767771631878
women,5,pct_remaining,108,4 Both,s3,70.19919512907494,70.34485544565578,57.4351108099638,82.0539412335045,61.138289823315006,79.07590325765402
women,5,pct_remaining,110,4 Both,s3,73.49335461724124,73.7845443666049,59.973390799654126,85.39950669248458,64.03577899716174,82.5599882652298
women,5,pct_remaining,50,1 Functional,s4,68.60181965818046,68.58575929693943,66.09671159683327,71.19558002264458,66.78472508666243,70.44852813449444
women,5,pct_remaining,52,1 Functional,s4,72.51221275120851,72.5056729574443,70.40425494084175,74.64394232571873,70.97297651691586,74.04690333015097
women,5,pct_remaining,54,1 Functional,s4,74.50734994275918,74.51050513825538,73.0956611399647,75.86316539894023,73.50058110790808,75.50168453328435
women,5,pct_remaining,56,1 Functional,s4,75.2595248210106,75.26328541476191,74.30565828078997,76.16146227466213,74.57418781218735,75.9291932932876
women,5,pct_remaining,58,1 Functional,s4,75.27445546434035,75.27822321063212,74.542289328884,75.98430853846699,74.74910821903589,75.78705987944858
women,5,pct_remaining,60,1 Functional,s4,74.82955939777023,74.834793375118565,74.16036912789566,75.48438030549073,74.35233094639655,75.30029783926256
women,5,pct_remaining,62,1 Functional,s4,74.06895749649448,74.07146859556877,73.38227484837132,74.7477314465625,73.57973598088982,74.54519928278145
women,5,pct_remaining,64,1 Functional,s4,73.06305207383258,73.06492269939821,72.3261935500627,73.78943125344632,72.53866743306514,73.57333369944737
women,5,pct_remaining,66,1 Functional,s4,71.84102995176109,71.84130708930496,71.025241610087,72.63558157784925,71.26597938839464,72.39969955080176
women,5,pct_remaining,68,1 Functional,s4,70.40829467732327,70.40976778184422,69.5157891535691,71.28784609636523,69.77798203982195,71.02515473109712
women,5,pct_remaining,70,1 Functional,s4,68.75576294456074,68.7567686636433,67.77319945264713,69.72603548075189,68.05865120732601,69.43591722606497
women,5,pct_remaining,72,1 Functional,s4,66.86484339717126,66.86556654627816,65.77841092820016,67.92877489062482,66.09236436916022,67.62202459803372
women,5,pct_remaining,74,1 Functional,s4,64.71024195882283,64.70767692509227,63.50124155590097,65.8852195204809,63.84717440925808,65.55389826001642
women,5,pct_remaining,76,1 Functional,s4,62.26187102998559,62.26052896562072,60.91223228142617,63.57098969139548,61.3063377056002,63.20286346449196
women,5,pct_remaining,78,1 Functional,s4,59.48673109401346,59.48303104591417,57.96941375245876,60.945206751654204,58.419295915362135,60.547610183890136
women,5,pct_remaining,80,1 Functional,s4,56.35149040459678,56.34844384796087,54.64850568270752,57.98451533686651,55.156255976735004,57.54273904838096
women,5,pct_remaining,82,1 Functional,s4,52.82648776614388,52.8228915852562,50.929546206717504,54.655628210757726,51.49411837711532,54.15815043641393
women,5,pct_remaining,84,1 Functional,s4,48.89190418950973,48.890013422205655,46.79076901889661,50.941039994822845,47.40512720125842,50.37755440930391
women,5,pct_remaining,86,1 Functional,s4,44.5467104373503,44.54138220952882,42.22450141966958,46.83822472012,42.90550393485858,46.191690453354795
women,5,pct_remaining,88,1 Functional,s4,39.82040706701878,39.81177474963469,37.27771230790838,42.3488515646284,38.01604735698493,41.63513729777418
women,5,pct_remaining,90,1 Functional,s4,34.78615931806577,34.771082127528004,32.058060210517105,37.524236207893324,32.84006322757322,36.76308212059419
women,5,pct_remaining,92,1 Functional,s4,29.571505447200717,29.5439037118446,26.706359068152707,32.49958805712044,27.51303119358683,31.665872463750244
women,5,pct_remaining,94,1 Functional,s4,24.360020611532544,24.326611418654707,21.429795918998515,27.379709646704992,22.24909159171659,26.52789445714245
women,5,pct_remaining,96,1 Functional,s4,19.37630996057886,19.339820748394267,16.503282029349727,22.39823972298158,17.310287390806728,21.532887179521083
women,5,pct_remaining,98,1 Functional,s4,14.850705192221385,14.80400141015324,12.144334956185716,17.757478872198494,12.902662866835456,16.90203636150201
women,5,pct_remaining,100,1 Functional,s4,10.970313261713537,10.907687552339898,8.525438293189978,13.649125815818493,9.205433467305184,12.849242974331434
women,5,pct_remaining,102,1 Functional,s4,7.834844672865599,7.774780688827448,5.721465354128571,10.194774405388976,6.293080959220817,9.503191635240302
women,5,pct_remaining,104,1 Functional,s4,5.438984709523433,5.376996196660435,3.6479983064670485,7.4798885311066545,4.114438493114684,6.879972238791611
women,5,pct_remaining,106,1 Functional,s4,3.693647849342311,3.631390198898555,2.223232076705365,5.454854111193109,2.58926110313819,4.913389759627737
women,5,pct_remaining,108,1 Functional,s4,2.4950289306786906,2.429289120060643,1.3096092112006799,4.019176916045296,1.5905881863461873,3.52745693443358
women,5,pct_remaining,110,1 Functional,s4,1.8646387078645246,1.7915723702563804,0.8637269567298406,3.2360844250033916,1.0921526603949332,2.763512777565775
women,5,pct_remaining,50,2 Physical only,s4,19.680342523937114,19.67322200987681,17.713505556782618,21.686665917728156,18.225381715669883,21.130840017783985
women,5,pct_remaining,52,2 Physical only,s4,19.72110113564418,19.71660820462025,18.00809536652769,21.47356133992473,18.45696164244772,20.974559123051716
women,5,pct_remaining,54,2 Physical only,s4,18.453084140500405,18.445979650245338,17.334748945319458,19.62422872170477,17.631470889239992,19.28298447700837
women,5,pct_remaining,56,2 Physical only,s4,17.656671146624632,17.651662317539284,16.91667714021259,18.438377330229002,17.112393133154836,18.214000873929898
women,5,pct_remaining,58,2 Physical only,s4,17.34455325628311,17.342034636757646,16.783309810720805,17.931835543571047,16.935965112975165,17.767416736497175
women,5,pct_remaining,60,2 Physical only,s4,17.367443499211557,17.36542635301676,16.852600736137553,17.894519522892846,16.996067428616783,17.74495921192209
women,5,pct_remaining,62,2 Physical only,s4,17.614417630576117,17.611881529847487,17.08773073651971,18.14878406150979,17.233041297915513,18.00030728871313
women,5,pct_remaining,64,2 Physical only,s4,18.020131245639575,18.017286843612908,17.44720784763715,18.603168075004415,17.60943108963368,18.437367648659524
women,5,pct_remaining,66,2 Physical only,s4,18.549633678801392,18.546827103985624,17.9195812049761,19.1886948069034,18.098376482493887,19.01204043883323
women,5,pct_remaining,68,2 Physical only,s4,19.185885360251266,19.182979093141597,18.492296644918543,19.89855405226321,18.682452854494837,19.69738496541053
women,5,pct_remaining,70,2 Physical only,s4,19.921847557901746,19.91966011835302,19.146789210996065,20.710483966054113,19.364440872199424,20.491641879216413
women,5,pct_remaining,72,2 Physical only,s4,20.755693107748176,20.751250545010144,19.8901072151226,21.63614510426797,20.134175112949567,21.39209000757061
women,5,pct_remaining,74,2 Physical only,s4,21.68773178385912,21.683257314164393,20.71723560554396,22.67481478092289,20.99272601887109,22.396568637760705
women,5,pct_remaining,76,2 Physical only,s4,22.718076851628833,22.709941077548557,21.63359569895022,23.83727900796836,21.93830449392012,23.513325870315185
women,5,pct_remaining,78,2 Physical only,s4,23.844402013927454,23.835539995154097,22.622055437362125,25.108817205423733,22.96454887988616,24.74301556321688
women,5,pct_remaining,80,2 Physical only,s4,25.059330520297472,25.046635221412462,23.682038262316645,26.483848456587864,24.05867667271833,26.074904845487847
women,5,pct_remaining,82,2 Physical only,s4,26.347129176089247,26.33212578612073,24.786397621188755,27.965848115232202,25.205153423482372,27.499617811666482
women,5,pct_remaining,84,2 Physical only,s4,27.6795415045769,27.666224295142136,25.911939895429477,29.53293491194763,26.38069475818436,28.99278769978284
women,5,pct_remaining,86,2 Physical only,s4,29.010903568660183,28.995838171531037,26.97555627198104,31.135077004901074,27.52146617956147,30.52028580804455
women,5,pct_remaining,88,2 Physical only,s4,30.273278927727404,30.256251921082058,27.913993358044948,32.73129334000108,28.563436946031068,32.021029763356815
women,5,pct_remaining,90,2 Physical only,s4,31.373310122915957,31.348994771403035,28.632109939169542,34.22786260212209,29.402438928096778,33.398093698433094
women,5,pct_remaining,92,2 Physical only,s4,32.193650530442795,32.16837462369841,28.995338412377595,35.526028423245265,29.889499233125534,34.56070434958822
women,5,pct_remaining,94,2 Physical only,s4,32.602510435461,32.575922270249876,28.859920267997406,36.52384819617202,29.873017473091807,35.40003419335542
women,5,pct_remaining,96,2 Physical only,s4,32.473706892071846,32.42976128672446,28.071552725863953,37.06826701344202,29.234578586519152,35.76277907763873
women,5,pct_remaining,98,2 Physical only,s4,31.715481221199923,31.66001978480233,26.542347632435163,37.203156513609954,27.8896336360963,35.599316508707865
women,5,pct_remaining,100,2 Physical only,s4,30.299988142791104,30.232560470668666,24.271129683426043,36.71101736057866,25.870258988347764,34.87744435650358
women,5,pct_remaining,102,2 Physical only,s4,28.280629799690473,28.193761556903606,21.360884714023513,35.69740007962763,23.169077721497878,33.582913003461265
women,5,pct_remaining,104,2 Physical only,s4,25.786985854897317,25.65399922566688,18.021297224123327,34.31324750981168,20.034458167544667,31.82523813410876
women,5,pct_remaining,106,2 Physical only,s4,23.005949444928568,22.788700840541313,14.623710663890973,32.61446606364142,16.732116658297848,29.678372958298493
women,5,pct_remaining,108,2 Physical only,s4,20.236705337910173,19.929571661111382,11.557498362948472,30.676228760474928,13.608338356504206,27.476123402483253
women,5,pct_remaining,110,2 Physical only,s4,18.280318245156295,17.898704442999225,9.559675630479402,29.26613570843543,11.51169199626053,25.787446207895194
women,5,pct_remaining,50,3 Cognitive only,s4,2.6658569409035846,2.637251301353137,2.3237185559990867,3.154675525276813,2.400095276043334,2.985122848090504
women,5,pct_remaining,52,3 Cognitive only,s4,2.692584158382417,2.674021265390942,2.4049239523182737,3.0699051137497553,2.4756236134196454,2.9457956089055197
women,5,pct_remaining,54,3 Cognitive only,s4,2.623574657374456,2.618797441298452,2.412580416902598,2.8549693754784986,2.4700276870223434,2.786418007636743
women,5,pct_remaining,56,3 Cognitive only,s4,2.6859311122442833,2.6838815768528717,2.4843839466073425,2.9012078273388515,2.5392372340980613,2.8391963600667736
women,5,pct_remaining,58,3 Cognitive only,s4,2.8122677689054956,2.8102013506014085,2.5970690631608346,3.0400638311087183,2.6570320922264554,2.974828807530549
women,5,pct_remaining,60,3 Cognitive only,s4,2.9732178179619972,2.970551981925027,2.7401523832564605,3.221728539157254,2.804581243972531,3.1484871528312577
women,5,pct_remaining,62,3 Cognitive only,s4,3.1603609160999504,3.15737681972637,2.905186008689962,3.432398850060094,2.975542398188261,3.352108526502225
women,5,pct_remaining,64,3 Cognitive only,s4,3.3727111894907207,3.369189819142873,3.0918373784460456,3.6725640609568937,3.1692819105672934,3.583787033132638
women,5,pct_remaining,66,3 Cognitive only,s4,3.612044584315496,3.6078872062851826,3.301210393083026,3.944631214709235,3.387036461337104,3.8455798375569326
women,5,pct_remaining,68,3 Cognitive only,s4,3.881419569989707,3.877095235828692,3.5348287064675037,4.250212516621953,3.629504164202163,4.141253421657081
women,5,pct_remaining,70,3 Cognitive only,s4,4.184688687625377,4.179867001104363,3.7967412357512242,4.595500888425757,3.9036647694556414,4.475527934942963
women,5,pct_remaining,72,3 Cognitive only,s4,4.526289435587355,4.521533896603188,4.088584788347015,4.986726903127766,4.209268295647547,4.854021699835734
women,5,pct_remaining,74,3 Cognitive only,s4,4.911063272738764,4.904934355988781,4.415550489980545,5.431969348825014,4.552451247175773,5.282145676018557
women,5,pct_remaining,76,3 Cognitive only,s4,5.34397311109884,5.335728969865147,4.781853944352243,5.935613583058592,4.936780389255844,5.766148801221204
women,5,pct_remaining,78,3 Cognitive only,s4,5.829601900461257,5.820757822255867,5.1864824822062285,6.504505544876174,5.363476267201616,6.31185782152321
women,5,pct_remaining,80,3 Cognitive only,s4,6.371287758605795,6.361986375907307,5.631814705554751,7.149742464232117,5.834397166970802,6.927223572359962
women,5,pct_remaining,82,3 Cognitive only,s4,6.969714010657398,6.958143103172292,6.115094301616491,7.8721130623587134,6.350527419665202,7.613701411352685
women,5,pct_remaining,84,3 Cognitive only,s4,7.6207590797471685,7.605748147219357,6.630652133717784,8.673965618574375,6.900675708305667,8.368691866983557
women,5,pct_remaining,86,3 Cognitive only,s4,8.312485050689263,8.292908907293151,7.166542201845277,9.54813266335621,7.471396790955374,9.185390288453762
women,5,pct_remaining,88,3 Cognitive only,s4,9.021414185020774,8.999601263514485,7.695157613049,10.4645543759907,8.04256279744892,10.037077891392919
women,5,pct_remaining,90,3 Cognitive only,s4,9.70884339534801,9.680935842277323,8.183128358054159,11.402814700127642,8.571582050760892,10.889383178452285
women,5,pct_remaining,92,3 Cognitive only,s4,10.318915135079681,10.28563013491084,8.559652607715504,12.307067920347105,9.006185266083335,11.69628535280944
women,5,pct_remaining,94,3 Cognitive only,s4,10.781170392533546,10.73209213531605,8.762594097525131,13.077308988863,9.27486431764298,12.376219869828216
women,5,pct_remaining,96,3 Cognitive only,s4,11.020379864077965,10.963197800095479,8.716332995846129,13.66242801919857,9.309548603249272,12.859585737717193
women,5,pct_remaining,98,3 Cognitive only,s4,10.974203561713717,10.897960583799279,8.384717587750037,13.98084595105492,9.048779378841957,13.06176085991751
women,5,pct_remaining,100,3 Cognitive only,s4,10.61424905829622,10.515093772404754,7.758452063277336,14.010059364812438,8.472082438390842,12.973664075834986
women,5,pct_remaining,102,3 Cognitive only,s4,9.960809637206117,9.835493963065115,6.861381378209403,13.792992922476163,7.6232460842433705,12.59167225650166
women,5,pct_remaining,104,3 Cognitive only,s4,9.081299580063638,8.915191427022531,5.777855954552884,13.374615082035081,6.5668698691793415,11.96809203909043
women,5,pct_remaining,106,3 Cognitive only,s4,8.07334584816825,7.858886794729357,4.601938181331079,12.801085056331022,5.430631431409418,11.205169881478536
women,5,pct_remaining,108,3 Cognitive only,s4,7.069069698781568,6.7913657406655155,3.549799860931946,12.192490458065038,4.3401162618992295,10.385650992547827
women,5,pct_remaining,110,3 Cognitive only,s4,6.361687879691135,6.035334774733806,2.8515730783170645,11.738667302053884,3.606696215218568,9.791086213612383
women,5,pct_remaining,50,4 Both,s4,9.051980876978847,9.009202488590734,8.128975226787757,10.216878002798197,8.354589957240421,9.834004919555275
women,5,pct_remaining,52,4 Both,s4,5.074101954764899,5.04173291505675,4.442006728687024,5.890248838170342,4.5917215517490435,5.613526909332168
women,5,pct_remaining,54,4 Both,s4,4.415991259365963,4.405984344077719,4.0198768979444806,4.878801512432983,4.122097502181256,4.7306595621121375
women,5,pct_remaining,56,4 Both,s4,4.397872920120481,4.393119787579989,4.049513857524601,4.777425660701542,4.142453969129387,4.665133277738702
women,5,pct_remaining,58,4 Both,s4,4.568723510471039,4.563861893452715,4.208413028753227,4.957402748631447,4.306762848704232,4.837784226831669
women,5,pct_remaining,60,4 Both,s4,4.8297792850562145,4.823613840985473,4.442287980129635,5.247167697307383,4.5479454338547685,5.118707623723074
women,5,pct_remaining,62,4 Both,s4,5.156263956829451,5.149737308385762,4.734269025508811,5.611318452602521,4.8491383534304955,5.472834326775551
women,5,pct_remaining,64,4 Both,s4,5.544105491037124,5.537595832919622,5.079374815826806,6.04511378352218,5.206353122356671,5.892566617384386
women,5,pct_remaining,66,4 Both,s4,5.99729178512203,5.990139217803395,5.48469454997858,6.551727584425796,5.624101929581392,6.384396629938466
women,5,pct_remaining,68,4 Both,s4,6.524400392435755,6.5156640702808515,5.954103506684529,7.1398330961417935,6.109391471454088,6.9549841491520015
women,5,pct_remaining,70,4 Both,s4,7.137700809912133,7.128358598196131,6.498512945729857,7.828783131547013,6.673488392880422,7.618812470850919
women,5,pct_remaining,72,4 Both,s4,7.853174059493205,7.842624092864701,7.12975882416428,8.635356273527584,7.3284233549389235,8.395577462658537
women,5,pct_remaining,74,4 Both,s4,8.690962984579281,8.677496399247119,7.8679107343592705,9.579794893577592,8.096533745144315,9.309162927438857
women,5,pct_remaining,76,4 Both,s4,9.676079007286734,9.66108155844567,8.735664933753208,10.694976897092689,8.993867825198619,10.38652491007503
women,5,pct_remaining,78,4 Both,s4,10.83926499159783,10.822013986252013,9.749205543293689,12.014217753680986,10.0490619158934,11.656417571542885
women,5,pct_remaining,80,4 Both,s4,12.217891316499951,12.196833326454705,10.951164275051783,13.59692457205845,11.294311515708399,13.173563261699293
women,5,pct_remaining,82,4 Both,s4,13.856669047109472,13.832749724109657,12.364343930117316,15.479142218896593,12.769509824252955,14.983271780554473
women,5,pct_remaining,84,4 Both,s4,15.8077952261662,15.77645481479206,14.038460670021687,17.72571407152778,14.517734035162652,17.152048804273168
women,5,pct_remaining,86,4 Both,s4,18.129900943300257,18.09288123375763,16.014118301471836,20.43328010693538,16.576708152309987,19.73767623408868
women,5,pct_remaining,88,4 Both,s4,20.88489982023304,20.840059214907882,18.326943220518416,23.66174062354901,18.997863503804087,22.821215442518618
women,5,pct_remaining,90,4 Both,s4,24.13168716367026,24.070826263232323,21.056308158077286,27.490692671521142,21.853940926701764,26.488730173074067
women,5,pct_remaining,92,4 Both,s4,27.915928887276806,27.83937128592333,24.189076491311333,31.975973850145554,25.14999080270569,30.774988960391788
women,5,pct_remaining,94,4 Both,s4,32.256298560472906,32.17451521985685,27.725376508683624,37.17132319030071,28.93341885840347,35.72116796461802
women,5,pct_remaining,96,4 Both,s4,37.12960328327133,37.043369205622035,31.666163877779784,43.046185072945384,33.140354375815875,41.324096078566775
women,5,pct_remaining,98,4 Both,s4,42.45961002486498,42.36285039862412,35.89392725227808,49.49237353904964,37.72218733811267,47.43725255495925
women,5,pct_remaining,100,4 Both,s4,48.11544953719914,48.00690376849024,40.360630045394245,56.38472581228064,42.4692903974453,53.99105139508671
women,5,pct_remaining,102,4 Both,s4,53.923715890237816,53.83436827759222,44.811647762520025,63.38173861062102,47.34008186663637,60.68653778191631
women,5,pct_remaining,104,4 Both,s4,59.69272985551561,59.640596549200026,49.30508464735717,70.24979740887044,52.17237306027771,67.35439355836338
women,5,pct_remaining,106,4 Both,s4,65.22705685756087,65.24151567261613,53.57963305233274,76.56471390443417,56.87777565658864,73.59768076241853
women,5,pct_remaining,108,4 Both,s4,70.19919603262957,70.34485577462146,57.43511108994899,82.05394232611637,61.13829045196509,79.07590433657965
women,5,pct_remaining,110,4 Both,s4,73.49335516728804,73.78454460138548,59.97339088759088,85.39950803784679,64.03577907312525,82.55998879451836
