sex,prior_sd,quantity,age,state,radix,mean,median,lo95,hi95,lo84,hi84
men,5,expectancy,50,1 Functional,population,23.08254671717568,23.0845221421782,22.76007676421845,23.40491985822361,22.84863163707547,23.312445690757762
men,5,expectancy,52,1 Functional,population,21.710752481979654,21.711935059570635,21.42032454956863,22.0014377926739,21.50173010910589,21.91772918298309
men,5,expectancy,54,1 Functional,population,20.368806680935208,20.370223545136405,20.10611815945051,20.628818312989576,20.18140884741563,20.55511318017391
men,5,expectancy,56,1 Functional,population,19.041172194918513,19.043429555377408,18.796425716973335,19.282056729483894,18.86562357035657,19.21436084187447
men,5,expectancy,58,1 Functional,population,17.723158732121274,17.72394382394978,17.48812911188485,17.952951689999452,17.554332134335333,17.889396795234777
men,5,expectancy,60,1 Functional,population,16.415770910729155,16.41646583576486,16.184511760288146,16.64090295360513,16.250662901781908,16.580349178803434
men,5,expectancy,62,1 Functional,population,15.122949565528604,15.123368578954217,14.893031547043279,15.348864766426434,14.957325109085478,15.28760079970345
men,5,expectancy,64,1 Functional,population,13.850128823308523,13.850030624544855,13.61808340209704,14.079551060593213,13.680546929254403,14.018593818124332
men,5,expectancy,66,1 Functional,population,12.603497888787428,12.602445110850393,12.367007955349386,12.836784730637548,12.432444949993224,12.775191200206098
men,5,expectancy,68,1 Functional,population,11.389622945573919,11.388791915074833,11.150881291554544,11.628119718516297,11.217386953580673,11.563454493062903
men,5,expectancy,70,1 Functional,population,10.215237419745968,10.214730160851147,9.974740943096672,10.458248689865686,10.042489987441186,10.387841085060309
men,5,expectancy,72,1 Functional,population,9.08709558665933,9.085766224179338,8.84708233421441,9.330979889173268,8.91532479970113,9.261237792131773
men,5,expectancy,74,1 Functional,population,8.011833477237232,8.01133956072633,7.774950584961783,8.253842888897635,7.841777086911899,8.184300881929465
men,5,expectancy,76,1 Functional,population,6.995809138811123,6.995871979414497,6.760841579402021,7.234607922095692,6.8285301257351305,7.166256170406873
men,5,expectancy,78,1 Functional,population,6.0449114267273965,6.04417887654458,5.8134354448404295,6.279851381711294,5.88038261733629,6.213875745299278
men,5,expectancy,80,1 Functional,population,5.164338282434768,5.163368773227651,4.939340649935729,5.393197246656454,5.0033380501795905,5.3286671154480505
men,5,expectancy,82,1 Functional,population,4.358354899648738,4.357118151489719,4.140959451741164,4.581884300302542,4.203813453975723,4.517640140788783
men,5,expectancy,84,1 Functional,population,3.6300505512073804,3.628944948393749,3.4203121979649724,3.8456451705169523,3.481217720225224,3.7822300191940013
men,5,expectancy,86,1 Functional,population,2.9811199954164778,2.979528825962285,2.7829237243737226,3.1854749776824915,2.839734317397439,3.1255293254095777
men,5,expectancy,88,1 Functional,population,2.411699833929286,2.4096115986762636,2.2257137764817103,2.6044127783115396,2.277692413376557,2.547716994856926
men,5,expectancy,90,1 Functional,population,1.9202894631529648,1.9185170053326306,1.7473898923130564,2.101126934175451,1.7952923985831815,2.047422111539534
men,5,expectancy,92,1 Functional,population,1.503777876028033,1.501378633658712,1.344923605032171,1.6703778026417135,1.3889008176959903,1.6206624045495264
men,5,expectancy,94,1 Functional,population,1.1575811264101579,1.15471492757647,1.0138953516672178,1.3088206238866882,1.0532295707894785,1.2646988498722902
men,5,expectancy,96,1 Functional,population,0.8758748961888954,0.8735056471564682,0.7479495187476768,1.0118497620588134,0.7835158571495701,0.9714400414002177
men,5,expectancy,98,1 Functional,population,0.6518920264494055,0.649982815971435,0.5402812135299182,0.773083792939733,0.5708607682070905,0.7362366651351057
men,5,expectancy,100,1 Functional,population,0.4782589038571055,0.4767468169641436,0.3823624253095961,0.5837261586232372,0.4086631075370665,0.5519869890281672
men,5,expectancy,102,1 Functional,population,0.3473803178199754,0.34589968801455784,0.26549992142874584,0.43855862631720904,0.288246551453003,0.41169688118728076
men,5,expectancy,104,1 Functional,population,0.25198793565141664,0.24999136797325097,0.1830732443165879,0.33087023808186083,0.20155945887680343,0.30773415845654434
men,5,expectancy,106,1 Functional,population,0.18639005080220167,0.18415010655427735,0.12694700543796467,0.2602321540016403,0.14195506534232225,0.23627422625958933
men,5,expectancy,108,1 Functional,population,0.1512292608236496,0.14750692786584285,0.09431697887179129,0.23100622779545477,0.10788068771165739,0.20198730751788865
men,5,expectancy,110,1 Functional,population,0.17847536950624987,0.17258123076015291,0.10379805956103523,0.288051960409378,0.12121395193854247,0.24668985957158054
men,5,expectancy,50,2 Physical only,population,3.537047689341301,3.5366516917050754,3.4190812914412456,3.6567573743419475,3.451668305599499,3.623145829969049
men,5,expectancy,52,2 Physical only,population,3.410643824246685,3.410041763398974,3.2946389356671544,3.5270451802636287,3.3253435492722465,3.4945781250406607
men,5,expectancy,54,2 Physical only,population,3.274090615141915,3.2738129768335815,3.1629373087149717,3.3876157607168307,3.1924564946201825,3.354716610834393
men,5,expectancy,56,2 Physical only,population,3.136689969324927,3.136628747610713,3.0284393103730305,3.2482457936297227,3.0577878364672437,3.215792663316374
men,5,expectancy,58,2 Physical only,population,3.0025558702685484,3.0024903083946795,2.8951028591169337,3.1140239338789373,2.9240460693629524,3.0810501157668004
men,5,expectancy,60,2 Physical only,population,2.8731318035546924,2.872904304343707,2.762479759654806,2.9859182193774814,2.793756472465789,2.953413644043835
men,5,expectancy,62,2 Physical only,population,2.748550925925449,2.74797102593756,2.632861262324983,2.8642410191689414,2.666940627188524,2.831439422803911
men,5,expectancy,64,2 Physical only,population,2.6283624415340494,2.627593252411808,2.5084377488947083,2.7480167384883987,2.5435013821269665,2.7151839167107092
men,5,expectancy,66,2 Physical only,population,2.5119081263821674,2.5106731244931244,2.3880153222060243,2.636149276941106,2.4247226527019605,2.601027729438564
men,5,expectancy,68,2 Physical only,population,2.3985098007162704,2.397411222540235,2.2704294178349955,2.528571660839227,2.3078384372660525,2.4924271222173067
men,5,expectancy,70,2 Physical only,population,2.2875578548654008,2.2860379106988997,2.154829337065547,2.4228212376960476,2.194205821999176,2.3844786966444826
men,5,expectancy,72,2 Physical only,population,2.178549914433702,2.176956755515005,2.0416046865179758,2.319150994547291,2.082077920049022,2.2786280282264695
men,5,expectancy,74,2 Physical only,population,2.071105342917936,2.069426084550302,1.931292978255183,2.215876439385025,1.971769674875506,2.173539050098459
men,5,expectancy,76,2 Physical only,population,1.9649682748797181,1.9625157518591636,1.8242343377040628,2.113878111502841,1.863185415413111,2.069284825059631
men,5,expectancy,78,2 Physical only,population,1.8600047952568715,1.8574713933981162,1.716632410982599,2.0130555704660074,1.7558922832697188,1.967888143127983
men,5,expectancy,80,2 Physical only,population,1.7561960654709932,1.7535748579297221,1.6100644397071617,1.9146939317605265,1.650001737483061,1.865421684739582
men,5,expectancy,82,2 Physical only,population,1.6536271634557114,1.6504408866900677,1.5045105312661178,1.8156358215954935,1.5448257921323105,1.766207237421791
men,5,expectancy,84,2 Physical only,population,1.5524704881824147,1.549185863186361,1.4024677520074114,1.7186568506902613,1.4423733664950955,1.6681940711488255
men,5,expectancy,86,2 Physical only,population,1.4529627107628067,1.4501934397821552,1.3001441540074647,1.6228225315485552,1.3403750104024525,1.5717167661135205
men,5,expectancy,88,2 Physical only,population,1.3553757511783624,1.3523752981678563,1.1995700355095293,1.5285395687541592,1.2397749274210408,1.4769513400088394
men,5,expectancy,90,2 Physical only,population,1.2599854492634286,1.2567144907070111,1.1012386497943678,1.4360389047013766,1.1427230978674752,1.385890607256473
men,5,expectancy,92,2 Physical only,population,1.167046137141972,1.1627920761404038,1.0050237562379618,1.3460784451266528,1.0472677680792462,1.2942175431482437
men,5,expectancy,94,2 Physical only,population,1.0767833979529844,1.0716453547393123,0.9119491195152891,1.2623335182999174,0.9546196467498251,1.2071330389405048
men,5,expectancy,96,2 Physical only,population,0.9894177940867677,0.9852537717345999,0.8212722373467216,1.1804632360206075,0.8644106619422185,1.122322462681766
men,5,expectancy,98,2 Physical only,population,0.9052285981066089,0.9002009879005239,0.7334721772471132,1.1036699232813056,0.7766457622217923,1.0421232541064098
men,5,expectancy,100,2 Physical only,population,0.8246728285285666,0.8196132844600367,0.6498771966548302,1.0320751109126658,0.6930838369418235,0.9655505887035516
men,5,expectancy,102,2 Physical only,population,0.7486565820688793,0.743131786154343,0.5659963346831103,0.9640403099198336,0.6116006512822703,0.8949348796147586
men,5,expectancy,104,2 Physical only,population,0.6794732955492468,0.6739224277380176,0.48795130507328177,0.9058723856885399,0.5367699963307659,0.8337886542683566
men,5,expectancy,106,2 Physical only,population,0.6249137152938937,0.618716859582308,0.4183996490082122,0.8729888539748145,0.4714359371860963,0.7933318369462422
men,5,expectancy,108,2 Physical only,population,0.6186515327037578,0.6095949770174904,0.3789462106279255,0.9063205759266678,0.43967062349404096,0.8126921545726338
men,5,expectancy,110,2 Physical only,population,0.8350398601873034,0.82676956655845,0.4612750440850001,1.257186605291761,0.5568773284694678,1.125593710033919
men,5,expectancy,50,3 Cognitive only,population,0.5408719282094534,0.5400594320544063,0.4976742380276461,0.5866798440873229,0.5097877787414103,0.5743145666255098
men,5,expectancy,52,3 Cognitive only,population,0.5377267733016372,0.5367967669920706,0.4943181928608704,0.584233089164741,0.5061293243735746,0.5714770326909413
men,5,expectancy,54,3 Cognitive only,population,0.5344565824761098,0.5335039467146742,0.49053866669143015,0.5821001055909606,0.5023807958475798,0.5687245841358216
men,5,expectancy,56,3 Cognitive only,population,0.5307623792964294,0.529783399570781,0.4864780296280758,0.5796580429685899,0.4980940863714317,0.5654593763580821
men,5,expectancy,58,3 Cognitive only,population,0.5266080644407536,0.5254723007149295,0.4811879337122894,0.5766162997310214,0.49375378144018983,0.5614450309862798
men,5,expectancy,60,3 Cognitive only,population,0.5219350887688342,0.5207886152434364,0.47510206355831963,0.572983937284632,0.48802253998646244,0.557590911560297
men,5,expectancy,62,3 Cognitive only,population,0.5166591160862729,0.5156138176046372,0.46841386311389827,0.5693813172574859,0.48155519932012447,0.5534271983115846
men,5,expectancy,64,3 Cognitive only,population,0.5106830458019923,0.5094975779238066,0.4607005400531735,0.5650869791078487,0.47465482960344935,0.5486068957451229
men,5,expectancy,66,3 Cognitive only,population,0.5039058280023545,0.5027110992443958,0.45255823721776456,0.5600216819420125,0.46663839640360577,0.5431697651306521
men,5,expectancy,68,3 Cognitive only,population,0.49622819064726986,0.495186727690459,0.4433044497310913,0.5543714065389517,0.45780026888450703,0.5367251533163278
men,5,expectancy,70,3 Cognitive only,population,0.48755723250000516,0.48646035204331334,0.432926685137907,0.5476841515022365,0.44793087190428355,0.5293807618655005
men,5,expectancy,72,3 Cognitive only,population,0.4778109710534284,0.47666778039816454,0.42144078066150686,0.5399901798322487,0.43686280849872017,0.5210323883276909
men,5,expectancy,74,3 Cognitive only,population,0.4669232737860917,0.4655755052005534,0.40883506608086956,0.5311912069696109,0.42459106819522063,0.5117998925463935
men,5,expectancy,76,3 Cognitive only,population,0.45484919294318243,0.4536303857136974,0.3951389369896408,0.5214186569847478,0.4112962119064042,0.5009524202804669
men,5,expectancy,78,3 Cognitive only,population,0.44157047345034495,0.44003524546651457,0.3801847030039674,0.510598404686458,0.39636693191391376,0.48942294204065334
men,5,expectancy,80,3 Cognitive only,population,0.42710086011836607,0.4255183513088141,0.36390992656121357,0.49908189057892294,0.38058313581477315,0.47686180244826465
men,5,expectancy,82,3 Cognitive only,population,0.4114907982563829,0.40967622592198916,0.3459140660236659,0.4861408196356481,0.36331410423063276,0.4632453916116413
men,5,expectancy,84,3 Cognitive only,population,0.3948312549114309,0.3929397522099507,0.32651242931704094,0.4726969340132893,0.3448603539744168,0.4488230970872072
men,5,expectancy,86,3 Cognitive only,population,0.37725677780506556,0.3752875836040951,0.3065378329820196,0.4580563315304744,0.32528240200272895,0.43394326352508045
men,5,expectancy,88,3 Cognitive only,population,0.35894864606452803,0.3564910361957162,0.2857743244086495,0.4439619055273488,0.30545749238539954,0.41777957297646223
men,5,expectancy,90,3 Cognitive only,population,0.3401400475022384,0.3374449581090856,0.26449225473698545,0.4298732083839278,0.28432601667717494,0.40183837095701896
men,5,expectancy,92,3 Cognitive only,population,0.321126398550377,0.31755067473896714,0.24400553025679503,0.41666380574621437,0.26265372135694,0.38645401707437654
men,5,expectancy,94,3 Cognitive only,population,0.3022846242553413,0.2981407975910746,0.22209488485450724,0.4049350080141441,0.2408805474413135,0.3719982073688509
men,5,expectancy,96,3 Cognitive only,population,0.2841047887294189,0.27875443315106174,0.2002693607292426,0.397019182216821,0.21896841139184547,0.3597569756943513
men,5,expectancy,98,3 Cognitive only,population,0.26723655055197837,0.26017957925933577,0.17856526863497635,0.39344085400246487,0.19764496146372848,0.34978405600439494
men,5,expectancy,100,3 Cognitive only,population,0.25255751858957226,0.2433274575859483,0.157604151985409,0.39792038665285434,0.1773946256222259,0.34534777473506395
men,5,expectancy,102,3 Cognitive only,population,0.24130552482979353,0.22849632444313123,0.13806353999545848,0.41596027265953067,0.1585241500750461,0.34781231576677796
men,5,expectancy,104,3 Cognitive only,population,0.23548763450994867,0.21752273814018902,0.12123267909943569,0.4522074413259151,0.14152178061737816,0.36372378800508803
men,5,expectancy,106,3 Cognitive only,population,0.23961371501595224,0.21307734238317366,0.10681934777606801,0.5253621777524143,0.12827566235221072,0.40067392677690783
men,5,expectancy,108,3 Cognitive only,population,0.26925363486056536,0.2290157467771736,0.10125082378906126,0.6784539389626416,0.1250706857212955,0.48951940459938537
men,5,expectancy,110,3 Cognitive only,population,0.3979532801524039,0.33524409463288496,0.13551401091807905,1.035251333743112,0.17442537094276797,0.745310692393721
men,5,expectancy,50,4 Both,population,0.6407194867268521,0.6402219706563448,0.5907256135952772,0.6962310090765376,0.6044179887675785,0.6794616332933388
men,5,expectancy,52,4 Both,population,0.6411725902937293,0.6404615919640761,0.5902068132190992,0.6974252565427334,0.6043836340771642,0.6803501332160671
men,5,expectancy,54,4 Both,population,0.6405991057167735,0.639787757801535,0.5879241742516246,0.6978271322501222,0.603160653449531,0.6806186902674461
men,5,expectancy,56,4 Both,population,0.6392699743101427,0.6384576733450554,0.5854824218721962,0.6973382257163764,0.6011398024630675,0.6798578177317497
men,5,expectancy,58,4 Both,population,0.6373665973631013,0.6364282770693234,0.58255240879687,0.6956111455708935,0.5981584243161344,0.6790424275959565
men,5,expectancy,60,4 Both,population,0.635008354610357,0.6339853609095352,0.5788364944248215,0.6954208661332976,0.5944504720249293,0.6780992835739005
men,5,expectancy,62,4 Both,population,0.6322644924115562,0.6312116451539372,0.574215888220132,0.6943420963433453,0.5902577418619708,0.676519171143866
men,5,expectancy,64,4 Both,population,0.6291690098343887,0.6281597360221504,0.5689632005948659,0.6938529930715008,0.5854493811718902,0.6746215471229111
men,5,expectancy,66,4 Both,population,0.6257352553027389,0.6245708500918579,0.5634898156687747,0.6926371047265621,0.580459998655832,0.6725030221515974
men,5,expectancy,68,4 Both,population,0.6219690512355917,0.6208466388006612,0.5578764664141989,0.6913820655731038,0.5749527587491143,0.6705799153589675
men,5,expectancy,70,4 Both,population,0.6178804502245708,0.6165918537292645,0.5513081555754011,0.6901760299306661,0.5692065966191868,0.6682361852968904
men,5,expectancy,72,4 Both,population,0.6134944732447701,0.6121470054154283,0.544951949593799,0.6885161099094974,0.5631136934636356,0.6658884203562464
men,5,expectancy,74,4 Both,population,0.6088609673686327,0.6074605235292404,0.5379182850857067,0.6871256736902281,0.5563341753695881,0.6633389737911387
men,5,expectancy,76,4 Both,population,0.6040633271819253,0.6024753970547301,0.5307944652701828,0.6854600977442357,0.549330928618918,0.6610185711267346
men,5,expectancy,78,4 Both,population,0.599225377560391,0.5974565511119708,0.522665514261818,0.6836345856394331,0.5422218833977416,0.6587890927496846
men,5,expectancy,80,4 Both,population,0.5945152849707264,0.5927102701475473,0.5148952533312562,0.6820435862125316,0.5349213256573949,0.6575288687339963
men,5,expectancy,82,4 Both,population,0.5901450043081932,0.5879831185716478,0.507266898164149,0.6816933743294059,0.527697815656628,0.6560121155432808
men,5,expectancy,84,4 Both,population,0.5863635496908606,0.5838332035345993,0.4995584201248914,0.6829378054565338,0.521349630461335,0.6556719901975179
men,5,expectancy,86,4 Both,population,0.5834424362721056,0.5807732822898397,0.4918227627416963,0.6860237849816245,0.5149018869271196,0.6565686074137116
men,5,expectancy,88,4 Both,population,0.5816522475822027,0.5786685723405485,0.48526193928188666,0.6901515857460223,0.5102866475261791,0.658851662333894
men,5,expectancy,90,4 Both,population,0.5812309080751121,0.5782048863168758,0.4792770817227898,0.6966168951003511,0.5052428078235558,0.6633094539775413
men,5,expectancy,92,4 Both,population,0.582347487059319,0.5789990398145721,0.4738440652394157,0.7062780244479608,0.5008280829744464,0.6699619074933306
men,5,expectancy,94,4 Both,population,0.5850706106817954,0.5814211321702278,0.4696281083995914,0.7186739002993173,0.49827833763407214,0.6798500972950156
men,5,expectancy,96,4 Both,population,0.589357455056009,0.5850814304581589,0.46785469152431963,0.7328597031051285,0.4961796479147984,0.6916456066697529
men,5,expectancy,98,4 Both,population,0.5950877724539445,0.590749382337849,0.46456818225809826,0.7497454641170763,0.4949112968012781,0.7040812068313299
men,5,expectancy,100,4 Both,population,0.6021872394926855,0.5970411632748821,0.4623598241289432,0.7685447805632462,0.4948392662016864,0.7185213750215411
men,5,expectancy,102,4 Both,population,0.6109786508496691,0.6060348547492205,0.459225136527107,0.7889889261942764,0.49601994571198105,0.7361062361338678
men,5,expectancy,104,4 Both,population,0.6233781866322379,0.6182675828655259,0.45685375685172464,0.815627688159514,0.499284380129019,0.758780659948522
men,5,expectancy,106,4 Both,population,0.6479814435742834,0.6430648631154647,0.4649380595326091,0.8590752253657731,0.5107865676552285,0.7959103808132668
men,5,expectancy,108,4 Both,population,0.7253127163497923,0.7213718178069326,0.5091340451616808,0.9741826200344126,0.5611451426791034,0.8988403523108082
men,5,expectancy,110,4 Both,population,1.070525547040595,1.0675506329951028,0.726203027751585,1.4349882843062354,0.8196360725721886,1.3285272393692413
men,5,expectancy,50,1 Functional,s1,23.628437308719775,23.630398212030464,23.322064231579528,23.940128275915946,23.405390594304322,23.84426753342019
men,5,expectancy,52,1 Functional,s1,21.996016042902124,21.9974061865061,21.71664863937665,22.27859143694008,21.79559197621697,22.19356079094333
men,5,expectancy,54,1 Functional,s1,20.518120898030467,20.518777634407705,20.259996222542863,20.772669086853057,20.335938739393384,20.698712367448664
men,5,expectancy,56,1 Functional,s1,19.119391450356318,19.121661227792508,18.877091337491947,19.358249344325195,18.94730112202921,19.290488072196776
men,5,expectancy,58,1 Functional,s1,17.764157439697428,17.76530175405512,17.530037181180667,17.992958848366712,17.596688182798196,17.92905564282942
men,5,expectancy,60,1 Functional,s1,16.437265615340056,16.437872396067892,16.205936423085273,16.661510499985834,16.272221559420473,16.60197580502378
men,5,expectancy,62,1 Functional,s1,15.13421270909847,15.134921159559235,14.904001592580242,15.35918403943634,14.968360052169734,15.298962106446327
men,5,expectancy,64,1 Functional,s1,13.856019088420831,13.85598097992934,13.624806940538852,14.084686942978932,13.68642543361857,14.024582991013796
men,5,expectancy,66,1 Functional,s1,12.606565808137061,12.605414889438073,12.369910568738923,12.839981423517523,12.435545114102574,12.778217609073613
men,5,expectancy,68,1 Functional,s1,11.391210109066742,11.390375647275436,11.152493802945227,11.629416945411776,11.218913505432072,11.565048600763445
men,5,expectancy,70,1 Functional,s1,10.216050485994016,10.215485084082022,9.97542734790498,10.459094043909072,10.043385336229136,10.388592191089026
men,5,expectancy,72,1 Functional,s1,9.08750666814237,9.08619758638726,8.847440802976,9.331352253504956,8.91576824917038,9.261737039084196
men,5,expectancy,74,1 Functional,s1,8.012037934200745,8.011548892989403,7.7751610890857075,8.254084554055256,7.841992487127991,8.184478309218154
men,5,expectancy,76,1 Functional,s1,6.995908863959236,6.995980736335979,6.760921672275206,7.234702009344555,6.8285956968890975,7.166351104182883
men,5,expectancy,78,1 Functional,s1,6.044958997268505,6.044225541332782,5.813475635717208,6.279914558131815,5.880419863469161,6.213925744207176
men,5,expectancy,80,1 Functional,s1,5.164360423082973,5.16339532836646,4.939361823462905,5.393216276139463,5.003362469099059,5.328683293856344
men,5,expectancy,82,1 Functional,s1,4.358364935449033,4.357128663277546,4.140966095366132,4.581893868617569,4.20382504595975,4.517652562426075
men,5,expectancy,84,1 Functional,s1,3.630054975080202,3.6289481197387836,3.4203165977506154,3.8456496895256582,3.4812207346216657,3.7822343520713706
men,5,expectancy,86,1 Functional,s1,2.981121889787338,2.979530495397586,2.7829258356370556,3.185477010846628,2.8397358236558365,3.1255313599791763
men,5,expectancy,88,1 Functional,s1,2.411700621208201,2.409612559151408,2.225714568222062,2.6044136850309503,2.2776931067882473,2.5477178170926083
men,5,expectancy,90,1 Functional,s1,1.9202897803646735,1.9185174324714023,1.747390204714688,2.1011273212881947,1.7952927832212386,2.0474224507345054
men,5,expectancy,92,1 Functional,s1,1.5037779997764993,1.501378761887591,1.3449237368422247,1.6703779192188617,1.3889009522381621,1.620662497084169
men,5,expectancy,94,1 Functional,s1,1.1575811730635173,1.1547149820131666,1.0138953936497028,1.3088206606117048,1.0532296242885069,1.2646989022676138
men,5,expectancy,96,1 Functional,s1,0.8758749131450394,0.8735056602100841,0.7479495416180011,1.011849789208587,0.7835158839746371,0.9714400554563684
men,5,expectancy,98,1 Functional,s1,0.6518920323763013,0.6499828219363596,0.5402812223711998,0.7730838005966701,0.5708607738828899,0.736236669157163
men,5,expectancy,100,1 Functional,s1,0.47825890584892633,0.476746818106624,0.3823624252687246,0.5837261599627515,0.40866311025031316,0.5519869917449232
men,5,expectancy,102,1 Functional,s1,0.3473803184686885,0.34589968860813947,0.2654999218920134,0.4385586265546345,0.2882465521941668,0.4116968822766335
men,5,expectancy,104,1 Functional,s1,0.2519879358628636,0.24999136816672474,0.183073245224935,0.33087023817987216,0.20155945900237054,0.30773415865544385
men,5,expectancy,106,1 Functional,s1,0.18639005087748575,0.18415010657770572,0.12694700545070553,0.2602321545757456,0.14195506536920016,0.23627422657941988
men,5,expectancy,108,1 Functional,s1,0.1512292608581835,0.1475069279913908,0.09431697886977618,0.23100622814491326,0.10788068775234227,0.20198730753842348
men,5,expectancy,110,1 Functional,s1,0.1784753695303043,0.1725812307599364,0.10379805956685452,0.2880519604287554,0.12121395195073299,0.24668985960786324
men,5,expectancy,50,2 Physical only,s1,3.2968273078197057,3.2960033228177523,3.1823051832614233,3.411959908653132,3.216152669390643,3.381364492698628
men,5,expectancy,52,2 Physical only,s1,3.2880899737196514,3.287183197300973,3.175363681168599,3.400993548243909,3.206785927207259,3.370417719488871
men,5,expectancy,54,2 Physical only,s1,3.2120877216064723,3.21181089072285,3.102976133913443,3.322329353102186,3.1321633615987685,3.2922138161999177
men,5,expectancy,56,2 Physical only,s1,3.105599951009433,3.105275589805002,2.9968573193750987,3.215096481267658,3.0275230738278767,3.1839757721144317
men,5,expectancy,58,2 Physical only,s1,2.987102632243316,2.987143403912737,2.8801887641486847,3.097402654570549,2.9090244361484165,3.0661102256361388
men,5,expectancy,60,2 Physical only,s1,2.8655138877887243,2.8653037421102905,2.755066271989366,2.978262103844837,2.7863358778876215,2.9458938418872083
men,5,expectancy,62,2 Physical only,s1,2.744824062839593,2.744316765100918,2.6292940817863952,2.8609192878661083,2.663185203711084,2.827607318074213
men,5,expectancy,64,2 Physical only,s1,2.6265519851312047,2.6258377565316557,2.5065582625357905,2.7464020926344874,2.541707519146375,2.713186875052268
men,5,expectancy,66,2 Physical only,s1,2.51103442657919,2.5097652431562696,2.387129935418373,2.635219906647806,2.4238706074112017,2.600213677875505
men,5,expectancy,68,2 Physical only,s1,2.3980908068251576,2.3969934108830238,2.270142251512735,2.52824792368861,2.30735544861663,2.492100792413705
men,5,expectancy,70,2 Physical only,s1,2.287358124264931,2.285849783719349,2.1546666716075333,2.4226540261562417,2.194016740937812,2.384293143894457
men,5,expectancy,72,2 Physical only,s1,2.178455244388915,2.176859334097649,2.0415209438325927,2.3190715715406616,2.0819607069921933,2.2785654777875126
men,5,expectancy,74,2 Physical only,s1,2.071060704732881,2.069381807631344,1.9312196197461535,2.215841282720443,1.971725221490278,2.1735006847680554
men,5,expectancy,76,2 Physical only,s1,1.964947324660249,1.9624912172944158,1.8242101188814175,2.1138615152726454,1.8631625770762488,2.0692591198638253
men,5,expectancy,78,2 Physical only,s1,1.8599950011927833,1.8574617082709066,1.716619189123061,2.0130457205708914,1.75588336105124,1.9678792024275227
men,5,expectancy,80,2 Physical only,s1,1.7561915017673935,1.7535703508700389,1.6100590106743375,1.9146882070259996,1.6499974739887386,1.8654165452633356
men,5,expectancy,82,2 Physical only,s1,1.653625042846439,1.650438949160732,1.5045084950071,1.8156326848228657,1.5448242539299704,1.7662052832942756
men,5,expectancy,84,2 Physical only,s1,1.5524695052900335,1.5491850661251045,1.4024669709687898,1.7186551295147905,1.4423722927037286,1.6681926316742908
men,5,expectancy,86,2 Physical only,s1,1.4529622562422215,1.4501929455869966,1.3001434290150775,1.6228217120686312,1.3403744400472157,1.5717159368032099
men,5,expectancy,88,2 Physical only,s1,1.3553755413374347,1.352375137386631,1.199569787442619,1.5285394512891943,1.2397748039575491,1.4769510749981027
men,5,expectancy,90,2 Physical only,s1,1.2599853523754418,1.256714411298332,1.1012385592134912,1.4360388468001266,1.142722991376238,1.385890505183669
men,5,expectancy,92,2 Physical only,s1,1.167046092248885,1.1627920476989921,1.0050237186061606,1.346078423460277,1.047267668648734,1.2942175151562807
men,5,expectancy,94,2 Physical only,s1,1.076783376966073,1.0716453237493249,0.9119491058883779,1.262333475562399,0.9546196314277808,1.2071330123632453
men,5,expectancy,96,2 Physical only,s1,0.9894177841198428,0.9852537629264699,0.8212722323034716,1.1804632237647752,0.8644106561721493,1.1223224397080662
men,5,expectancy,98,2 Physical only,s1,0.9052285932636543,0.9002009837283111,0.7334721730489169,1.1036699147486309,0.7766457608363329,1.0421232382067669
men,5,expectancy,100,2 Physical only,s1,0.8246728261072445,0.8196132832224,0.6498771937981431,1.0320751033579532,0.693083832444468,0.9655505863518755
men,5,expectancy,102,2 Physical only,s1,0.7486565808196596,0.7431317853449152,0.5659963327335692,0.9640403096498055,0.6116006507363124,0.8949348771659289
men,5,expectancy,104,2 Physical only,s1,0.6794732948841382,0.6739224263747798,0.48795130485945454,0.9058723844567866,0.5367699955751787,0.8337886534421424
men,5,expectancy,106,2 Physical only,s1,0.6249137149278846,0.6187168593277594,0.41839964865922,0.8729888531576259,0.4714359366457211,0.7933318366792969
men,5,expectancy,108,2 Physical only,s1,0.6186515324845809,0.6095949768648042,0.3789462103468994,0.9063205757333882,0.4396706234559667,0.8126921542999511
men,5,expectancy,110,2 Physical only,s1,0.8350398599688175,0.8267695663694884,0.46127504321307894,1.2571866043848097,0.5568773282912592,1.1255937099892313
men,5,expectancy,50,3 Cognitive only,s1,0.5322816314045549,0.531198044432281,0.4892230659408588,0.5785674737818953,0.5011574980821869,0.5654471179528164
men,5,expectancy,52,3 Cognitive only,s1,0.5349810177241259,0.5338943793650983,0.49187241234965035,0.5818039548294075,0.5034479824480401,0.5684155557851628
men,5,expectancy,54,3 Cognitive only,s1,0.533431696926837,0.5324002190697986,0.4898917587317477,0.580990558787056,0.5013951770088872,0.5675351216528794
men,5,expectancy,56,3 Cognitive only,s1,0.5303980950855768,0.529376796070988,0.48590087050163605,0.5792327450178213,0.4977802024590583,0.5649229253806927
men,5,expectancy,58,3 Cognitive only,s1,0.5265104906269911,0.5253843418695477,0.4811096284324594,0.5768025520219485,0.49367648223926514,0.5613514936589671
men,5,expectancy,60,3 Cognitive only,s1,0.5219386604429084,0.5207609252237946,0.47513178097687736,0.5730367475321291,0.48800529427345257,0.5575959921270659
men,5,expectancy,62,3 Cognitive only,s1,0.5166937473241233,0.5156290295891134,0.4685157521942468,0.5693710268004887,0.4816066631501913,0.553490502461139
men,5,expectancy,64,3 Cognitive only,s1,0.5107208075737091,0.5095359187306636,0.4607248736993197,0.5651251937454103,0.4747070620304743,0.5486145122153641
men,5,expectancy,66,3 Cognitive only,s1,0.5039372320853024,0.502736632633574,0.45258894788421017,0.5600723207884533,0.4666605279325865,0.543201432495741
men,5,expectancy,68,3 Cognitive only,s1,0.49625140082131614,0.4952109822731723,0.4433265016382178,0.5543916608210423,0.4578153877338851,0.5367430045513912
men,5,expectancy,70,3 Cognitive only,s1,0.4875732251348326,0.4864838070667773,0.43293838430003184,0.5477086219158522,0.4479465858182386,0.5294007252373727
men,5,expectancy,72,3 Cognitive only,s1,0.47782145666192405,0.47667361682997317,0.42144499297502697,0.54000201859674,0.43687306303755186,0.5210488915399671
men,5,expectancy,74,3 Cognitive only,s1,0.4669298824917779,0.465581997415054,0.40884083379071007,0.5311983305906852,0.4245957076750225,0.511804175631011
men,5,expectancy,76,3 Cognitive only,s1,0.45485321933007794,0.45363423701017713,0.3951428896789959,0.5214225689683002,0.4112993411429879,0.5009569455112409
men,5,expectancy,78,3 Cognitive only,s1,0.4415728528287053,0.44003728619289784,0.3801874034802988,0.5106006212348947,0.39636923547352026,0.48942563000017364
men,5,expectancy,80,3 Cognitive only,s1,0.4271022271555263,0.42551992537068073,0.36391124949234616,0.4990839687006847,0.38058456396881235,0.4768630477778975
men,5,expectancy,82,3 Cognitive only,s1,0.41149156332333126,0.40967685677344035,0.3459146426014988,0.4861417609967991,0.36331472997266717,0.4632462142446494
men,5,expectancy,84,3 Cognitive only,s1,0.3948316727566059,0.39294014378290487,0.3265127491348574,0.4726974410365031,0.3448606495552477,0.4488235869420304
men,5,expectancy,86,3 Cognitive only,s1,0.3772570009399581,0.37528783795376486,0.30653811365343736,0.45805652658192597,0.32528256453554444,0.43394352732302777
men,5,expectancy,88,3 Cognitive only,s1,0.3589487628246584,0.356491146292234,0.2857744053984782,0.4439620375019422,0.3054575755391693,0.4177796763876272
men,5,expectancy,90,3 Cognitive only,s1,0.3401401075215481,0.3374450099775166,0.2644922931116434,0.42987328502924316,0.28432606527143245,0.40183842663910513
men,5,expectancy,92,3 Cognitive only,s1,0.32112642895206556,0.31755070853134376,0.24400555269773233,0.41666384158170694,0.2626537410977275,0.3864540528458191
men,5,expectancy,94,3 Cognitive only,s1,0.302284639491377,0.2981408116544883,0.22209489708489577,0.40493502953759136,0.24088056524502788,0.37199823220523714
men,5,expectancy,96,3 Cognitive only,s1,0.2841047963273261,0.2787544414038406,0.2002693686579949,0.39701919650624934,0.2189684164138155,0.359756987149847
men,5,expectancy,98,3 Cognitive only,s1,0.26723655435450044,0.26017958337269154,0.17856527046127743,0.39344086185578053,0.19764496373172738,0.3497840638728882
men,5,expectancy,100,3 Cognitive only,s1,0.252557520524371,0.2433274592883208,0.15760415307335632,0.39792038985871775,0.17739462703665612,0.3453477788782466
men,5,expectancy,102,3 Cognitive only,s1,0.24130552584961942,0.22849632540092446,0.13806354221435416,0.41596027488788395,0.15852415056147343,0.3478123186658612
men,5,expectancy,104,3 Cognitive only,s1,0.23548763508017637,0.21752273842378267,0.12123267926425989,0.45220744224746884,0.1415217808377488,0.3637237889294465
men,5,expectancy,106,3 Cognitive only,s1,0.2396137153629832,0.2130773426407,0.10681934795056842,0.5253621781771655,0.12827566259428946,0.4006739272692329
men,5,expectancy,108,3 Cognitive only,s1,0.2692536351004995,0.22901574823596302,0.10125082381734306,0.6784539411586213,0.12507068581408548,0.4895194048547593
men,5,expectancy,110,3 Cognitive only,s1,0.3979532803750324,0.3352440949530265,0.13551401108111336,1.0352513342914296,0.1744253709694025,0.7453106931202199
men,5,expectancy,50,4 Both,s1,0.6247023832337173,0.6240808123207874,0.5742191809169659,0.6799480839553136,0.5885858621907388,0.6629371006673707
men,5,expectancy,52,4 Both,s1,0.6304622736394564,0.6297715162746402,0.5794475908162136,0.6864962431444538,0.5939703873639507,0.6694817392965147
men,5,expectancy,54,4 Both,s1,0.6338137931114537,0.6330353446193505,0.5814635412290837,0.6908040152549131,0.5966390635966634,0.6736464911290527
men,5,expectancy,56,4 Both,s1,0.6350713436011345,0.6342337849278455,0.581469585860809,0.6924779112487152,0.59703977558757515,0.6757258489348912
men,5,expectancy,58,4 Both,s1,0.6348147621227154,0.6338268518996836,0.5798459741839392,0.6932360478207368,0.5956209163619471,0.6766029337528111
men,5,expectancy,60,4 Both,s1,0.6334829573238702,0.6324525527137012,0.57737222650591,0.6939928040504032,0.5929403243308226,0.676509037932461
men,5,expectancy,62,4 Both,s1,0.6313675697616795,0.6303189552626269,0.5733063812045369,0.6934801704324853,0.5892356730924881,0.6754637637184924
men,5,expectancy,64,4 Both,s1,0.6286504882635319,0.6276453566838152,0.568419062223805,0.6933949820615324,0.5849603748336641,0.6741513100521065
men,5,expectancy,66,4 Both,s1,0.6254407906274937,0.6242564183400725,0.5632169877127277,0.6923896567295945,0.5801788301015786,0.6721867280554845
men,5,expectancy,68,4 Both,s1,0.6218049828456921,0.6206742819741117,0.5577079410559188,0.6912280306360475,0.5747827889874803,0.6704258894267344
men,5,expectancy,70,4 Both,s1,0.6177908923517189,0.6165099895389525,0.5512298399934881,0.6900986083538359,0.5691072120960031,0.6681072479873601
men,5,expectancy,72,4 Both,s1,0.6134466588463209,0.6121062927758651,0.5449092086894501,0.6884624001019655,0.5630595206171438,0.6658464703087791
men,5,expectancy,74,4 Both,s1,0.608836041959822,0.6074394807606568,0.537904386655791,0.6871077000300692,0.5563098919414776,0.6633102118074194
men,5,expectancy,76,4 Both,s1,0.6040506622211427,0.602463158671235,0.5307851391033415,0.6854495516419179,0.5493224301258134,0.6610038244414753
men,5,expectancy,78,4 Both,s1,0.5992191155781932,0.5974502845926427,0.5226561271830998,0.6836298797514403,0.5422144806301281,0.6587818170463283
men,5,expectancy,80,4 Both,s1,0.5945122771361409,0.5927063843490139,0.5148929806834975,0.6820388694589266,0.5349185558339077,0.6575256551043023
men,5,expectancy,82,4 Both,s1,0.5901436031218574,0.5879815345949172,0.5072657147262766,0.6816920811944912,0.5276967178904932,0.6560106759721096
men,5,expectancy,84,4 Both,s1,0.5863629179087333,0.583832688750902,0.4995577657652394,0.6829371634597593,0.5213488428358186,0.6556713764670893
men,5,expectancy,86,4 Both,s1,0.5834421613428529,0.5807729495410272,0.4918225852842561,0.6860232230626535,0.5149016917332202,0.6565683950667429
men,5,expectancy,88,4 Both,s1,0.5816521326723838,0.5786684648163143,0.4852618611651842,0.6901514374507246,0.5102864936915754,0.6588515665619067
men,5,expectancy,90,4 Both,s1,0.5812308623599564,0.5782048404555484,0.4792770327491264,0.6966168270863107,0.5052427718709807,0.6633094202933879
men,5,expectancy,92,4 Both,s1,0.582347470061073,0.5789990335116362,0.47384407070826917,0.7062780101669395,0.5008280769160046,0.669961904486898
men,5,expectancy,94,4 Both,s1,0.5850706050160558,0.5814211280608963,0.4696281062936092,0.7186738980698629,0.4982783315145521,0.6798500854017409
men,5,expectancy,96,4 Both,s1,0.5893574535606126,0.5850814242101791,0.46785468971590516,0.7328597003578692,0.4961796473638686,0.6916456035383126
men,5,expectancy,98,4 Both,s1,0.5950877723256367,0.590749381759984,0.46456818310154224,0.7497454607845211,0.49491129691932484,0.7040812089629055
men,5,expectancy,100,4 Both,s1,0.6021872397108473,0.5970411633695226,0.4623598246710061,0.7685447805046512,0.494839265914339,0.7185213762405204
men,5,expectancy,102,4 Both,s1,0.6109786510858962,0.606034855038851,0.45922513733313236,0.7889889260481389,0.4960199457910898,0.7361062360210943
men,5,expectancy,104,4 Both,s1,0.6233781868078406,0.6182675833685883,0.4568537569510657,0.8156276885161456,0.49928438066617115,0.7587806600953076
men,5,expectancy,106,4 Both,s1,0.6479814436901912,0.6430648630356154,0.46493805965713564,0.8590752254718345,0.5107865677707781,0.7959103811499477
men,5,expectancy,108,4 Both,s1,0.7253127164251723,0.7213718177996817,0.5091340453683423,0.9741826200110149,0.5611451426953049,0.8988403523143113
men,5,expectancy,110,4 Both,s1,1.070525547080899,1.067550632814917,0.7262030277121089,1.434988284318532,0.8196360725881381,1.3285272394135117
men,5,expectancy,50,1 Functional,s2,18.285181709436404,18.291085153051455,17.45587434729445,19.076159613316715,17.711193969304837,18.852142368192453
men,5,expectancy,52,1 Functional,s2,19.064732179611557,19.065985255798022,18.433903730877468,19.660180903609504,18.61294127621703,19.49831600012308
men,5,expectancy,54,1 Functional,s2,18.94144062512622,18.945274664183735,18.46666901559115,19.3853656976605,18.609066411315467,19.26279892381754
men,5,expectancy,56,1 Functional,s2,18.280939854360987,18.28402653897554,17.92498559916958,18.61790835035993,18.029127794006648,18.524619954247232
men,5,expectancy,58,1 Functional,s2,17.321082761862353,17.323160520348992,17.033924271433367,17.592163436451788,17.12017814937625,17.51640779069897
men,5,expectancy,60,1 Functional,s2,16.20395129317286,16.204174541544525,15.953450387019796,16.443550526418296,16.02646233802025,16.37779064619741
men,5,expectancy,62,1 Functional,s2,15.011667916283937,15.011498197227583,14.774501807009464,15.242947405571629,14.842833126310948,15.178705381828468
men,5,expectancy,64,1 Functional,s2,13.7918472854397,13.792546256842014,13.559662423251313,14.02379245228764,13.62201669525879,13.958426246941611
men,5,expectancy,66,1 Functional,s2,12.573114725936104,12.572790310869179,12.336330063603182,12.80834414702647,12.402373247558723,12.74411745499776
men,5,expectancy,68,1 Functional,s2,11.373893979198678,11.373159113089294,11.135941945237981,11.611186300189896,11.201882272662406,11.547913374375291
men,5,expectancy,70,1 Functional,s2,10.207175143187433,10.206616131504138,9.968215065366241,10.449905681248476,10.034906992801302,10.379088830329806
men,5,expectancy,72,1 Functional,s2,9.083017035424705,9.081896238589891,8.842546758692539,9.326902147383542,8.911107482632392,9.256579909349576
men,5,expectancy,74,1 Functional,s2,8.00980379383948,8.009218471114405,7.772898228986782,8.25213667877582,7.839815862411756,8.182365213605868
men,5,expectancy,76,1 Functional,s2,6.994818579036023,6.994917829236352,6.759984709821198,7.23362476469945,6.827635846041191,7.165374227501046
men,5,expectancy,78,1 Functional,s2,6.044438646272461,6.0437152036140125,5.81301429024629,6.279458316876472,5.879995542432866,6.213362472054513
men,5,expectancy,80,1 Functional,s2,5.164118118521235,5.163082884043339,4.939152361625148,5.393006784503042,5.003112140758224,5.328475586319441
men,5,expectancy,82,1 Functional,s2,4.3582550550644985,4.357012242579084,4.1408947134223135,4.58179075657261,4.203705327495893,4.517509516695811
men,5,expectancy,84,1 Functional,s2,3.6300065191775204,3.6289037345311375,3.42026877716389,3.8456050717814168,3.4811877240252245,3.782190061232641
men,5,expectancy,86,1 Functional,s2,2.9811011329774066,2.9795124079356476,2.782905926767707,3.1854527209801433,2.8397176321265833,3.1255084025046203
men,5,expectancy,88,1 Functional,s2,2.411691992418196,2.4096020589023714,2.2257067049625845,2.604403593813385,2.277685540044906,2.5477086566880103
men,5,expectancy,90,1 Functional,s2,1.920286302837708,1.9185126723821981,1.7473869372865058,2.101123247056747,1.7952887660436836,2.0474184708418157
men,5,expectancy,92,1 Functional,s2,1.5037766429097197,1.5013773275065052,1.3449223925754192,1.6703767661326672,1.3888994761854205,1.6206614766856362
men,5,expectancy,94,1 Functional,s2,1.157580661457531,1.1547143677719953,1.013894930059335,1.308820289663247,1.0532289918797468,1.2646983734105504
men,5,expectancy,96,1 Functional,s2,0.8758747271850701,0.8735055139784444,0.7479492940813832,1.011849473361692,0.783515586038159,0.9714398984040882
men,5,expectancy,98,1 Functional,s2,0.651891967370397,0.6499827583806952,0.5402811309798058,0.7730837156359078,0.5708607109038516,0.7362366276223643
men,5,expectancy,100,1 Functional,s2,0.4782588840004859,0.4767468060384379,0.38236242578032276,0.583726144556854,0.4086630785389978,0.551986960475134
men,5,expectancy,102,1 Functional,s2,0.347380311351363,0.3458996820461078,0.26549991677467394,0.438558623862735,0.28824654345688877,0.4116968701257943
men,5,expectancy,104,1 Functional,s2,0.251987933541822,0.24999136602144773,0.18307323448221804,0.33087023701758655,0.2015594575123484,0.30773415654163183
men,5,expectancy,106,1 Functional,s2,0.18639005005027634,0.1841501063285724,0.12694700530599537,0.260232148171981,0.14195506504841826,0.23627422324314099
men,5,expectancy,108,1 Functional,s2,0.15122926047825172,0.14750692667004422,0.09431697889441717,0.23100622415559766,0.10788068729178518,0.20198730733466888
men,5,expectancy,110,1 Functional,s2,0.17847536926555638,0.1725812307674432,0.10379805949831421,0.2880519601989501,0.12121395181153925,0.24668985919187955
men,5,expectancy,50,2 Physical only,s2,5.925561613477073,5.919527003359142,5.616626894513785,6.260643979976232,5.6964623568318915,6.165871447166047
men,5,expectancy,52,2 Physical only,s2,4.657601212250706,4.6534334666627455,4.397773525748695,4.944008102634866,4.4639599766130065,4.863782795823572
men,5,expectancy,54,2 Physical only,s2,3.9118767409923225,3.9085599596586937,3.7167884836473917,4.127111172874557,3.767196832584919,4.06187567875987
men,5,expectancy,56,2 Physical only,s2,3.4576858653196343,3.4558816409357807,3.3084023358105292,3.616719216256217,3.3507428994930923,3.567457626956188
men,5,expectancy,58,2 Physical only,s2,3.1620759152409703,3.1623848607707385,3.038062441401573,3.289333425180519,3.0733706893488835,3.2512747710718872
men,5,expectancy,60,2 Physical only,s2,2.9516013525078106,2.95227262591665,2.8372660354150665,3.070248001887693,2.8692797952692723,3.0344042898910217
men,5,expectancy,62,2 Physical only,s2,2.78682549874718,2.7869792265936386,2.6710984938197924,2.9053634291705377,2.704221099991058,2.86952979198494
men,5,expectancy,64,2 Physical only,s2,2.6468956431758266,2.646373513931941,2.5256485005094995,2.7668587054718774,2.5628385753640863,2.7328723412735463
men,5,expectancy,66,2 Physical only,s2,2.5208236720479738,2.5198522511015926,2.396092696607945,2.6446533379022212,2.4337870907432557,2.609609316639484
men,5,expectancy,68,2 Physical only,s2,2.402772720167608,2.401714497559678,2.273903005713905,2.532511327505955,2.312471707751652,2.495761976301809
men,5,expectancy,70,2 Physical only,s2,2.2895844668772822,2.2880608365844477,2.1569426334993267,2.4249035455743546,2.196315674330885,2.386313738142593
men,5,expectancy,72,2 Physical only,s2,2.1795081640026592,2.1778517632175807,2.0424718652685065,2.3199743050832162,2.083138934191206,2.279517535842681
men,5,expectancy,74,2 Physical only,s2,2.0715561767600965,2.0698542399508866,1.9318531246257662,2.2162458903308417,1.9722272247437556,2.1740111803364996
men,5,expectancy,76,2 Physical only,s2,1.9651794458930416,1.9627402037558013,1.8244734626497348,2.114063170930557,1.8633924908548825,2.0694833389154
men,5,expectancy,78,2 Physical only,s2,1.8601033385302967,1.8575645521276014,1.7167545010164897,2.0131551435753527,1.7559876475071812,1.9679818093650976
men,5,expectancy,80,2 Physical only,s2,1.7562419090846266,1.75361818783507,1.6101204616449816,1.9147492605472647,1.6500445931921763,1.8654781009455943
men,5,expectancy,82,2 Physical only,s2,1.6536484350884015,1.6504696275310438,1.504530477638377,1.8156676785649488,1.5448414503699837,1.766227849215827
men,5,expectancy,84,2 Physical only,s2,1.5524803353622902,1.5491946858381564,1.4024761418235225,1.7186733001250014,1.4423845462882925,1.668209620262925
men,5,expectancy,86,2 Physical only,s2,1.4529672597726124,1.4501985371472395,1.3001517205047382,1.6228308372369797,1.3403807458174455,1.5717249859936266
men,5,expectancy,88,2 Physical only,s2,1.3553778496477127,1.3523769900072353,1.1995725521466833,1.5285407067815275,1.2397761041123014,1.476954096348337
men,5,expectancy,90,2 Physical only,s2,1.2599864175785287,1.256715237597723,1.1012396195304235,1.436039560531677,1.1427240570243675,1.3858915889129142
men,5,expectancy,92,2 Physical only,s2,1.1670465856119119,1.1627923797297492,1.005024148853965,1.3460786624421406,1.047268782386812,1.2942178281049153
men,5,expectancy,94,2 Physical only,s2,1.0767836075407238,1.0716456727899428,0.9119492541941593,1.2623339292333524,0.9546197957454475,1.2071333028761453
men,5,expectancy,96,2 Physical only,s2,0.9894178935999708,0.9852538581937272,0.821272285908521,1.1804633552587007,0.8644107189092438,1.1223226882743083
men,5,expectancy,98,2 Physical only,s2,0.9052286464519315,0.9002010307269696,0.7334722189406304,1.103670017185001,0.7766457757006667,1.042123404887717
men,5,expectancy,100,2 Physical only,s2,0.8246728526960321,0.8196132976737868,0.649877225713388,1.0320751829196197,0.6930838841213055,0.965550612860706
men,5,expectancy,102,2 Physical only,s2,0.7486565945356761,0.7431317949598147,0.5659963536302774,0.9640403129289244,0.6116006567541417,0.8949349034513029
men,5,expectancy,104,2 Physical only,s2,0.6794733021858452,0.6739224423961978,0.4879513071242547,0.9058723973276931,0.5367700036571681,0.8337886615310002
men,5,expectancy,106,2 Physical only,s2,0.6249137189453793,0.6187168620008878,0.4183996526414987,0.8729888623582103,0.47143594234664205,0.7933318397308918
men,5,expectancy,108,2 Physical only,s2,0.6186515348898126,0.6095949784464305,0.37894621335501116,0.9063205778222921,0.43967062385834255,0.812692157179861
men,5,expectancy,110,2 Physical only,s2,0.8350398623665127,0.8267695685385859,0.4612750532531744,1.2571866148268682,0.5568773302602351,1.1255937104642344
men,5,expectancy,50,3 Cognitive only,s2,0.5196693037049965,0.5181172118723152,0.46320333422978127,0.585456211412702,0.4780288837434883,0.5649559962402112
men,5,expectancy,52,3 Cognitive only,s2,0.5392191031687127,0.5379752273060969,0.4851813892110575,0.59881080482694,0.5007059984947592,0.5814002562157535
men,5,expectancy,54,3 Cognitive only,s2,0.5370553569575005,0.5360648948538254,0.4890859930723161,0.5883462405782635,0.5029018305723137,0.5737802908112487
men,5,expectancy,56,3 Cognitive only,s2,0.5318946810580727,0.5309378362601302,0.4861735160763862,0.5809363017274676,0.49889131527637925,0.5672707466631101
men,5,expectancy,58,3 Cognitive only,s2,0.5267042892282983,0.5257738254502041,0.4811008915278105,0.5765281360404126,0.4931858786293332,0.5619836034684328
men,5,expectancy,60,3 Cognitive only,s2,0.5215780837315309,0.520551853368173,0.4747677955259937,0.572663432559792,0.4876327641528352,0.5572626829484062
men,5,expectancy,62,3 Cognitive only,s2,0.5161924073728327,0.5151884753105108,0.4679305015152033,0.5689740851421943,0.48108064708491444,0.553022217857316
men,5,expectancy,64,3 Cognitive only,s2,0.5102598024812517,0.5091479893497582,0.4603498730169014,0.5646316521344709,0.4741910956857716,0.5480860018198778
men,5,expectancy,66,3 Cognitive only,s2,0.5035745550133565,0.5023864493942265,0.45226180811284084,0.5596676305983018,0.46641792548517064,0.5428272575574056
men,5,expectancy,68,3 Cognitive only,s2,0.49598971302842787,0.4949493707226311,0.4431296812263044,0.5541634594426477,0.45764668082107113,0.5364738318494829
men,5,expectancy,70,3 Cognitive only,s2,0.48739504945245676,0.4863015261134982,0.43275633045224954,0.5475058789901804,0.44776277779326035,0.5292157195352835
men,5,expectancy,72,3 Cognitive only,s2,0.47770538161185894,0.4765706946604233,0.4213538295700214,0.5398459860772855,0.4367664726078972,0.5209239784459836
men,5,expectancy,74,3 Cognitive only,s2,0.4668569883584474,0.46551067906521304,0.408778049293683,0.5311289213933889,0.4245221633760533,0.5117350515956595
men,5,expectancy,76,3 Cognitive only,s2,0.4548089008903268,0.4535904067684501,0.3950996116528855,0.5213782479870935,0.4112599926631685,0.5009131763268082
men,5,expectancy,78,3 Cognitive only,s2,0.441546694858899,0.44001133456904495,0.3801571503047078,0.5105747065680742,0.39634520615320923,0.48939732287955806
men,5,expectancy,80,3 Cognitive only,s2,0.42708720902966985,0.4255040501513536,0.3638967523916692,0.49905770207962374,0.3805699408140359,0.4768480510144292
men,5,expectancy,82,3 Cognitive only,s2,0.41148316170087373,0.40966956655909625,0.3459090686266554,0.4861304759186368,0.3633082650934935,0.4632367082307744
men,5,expectancy,84,3 Cognitive only,s2,0.39482708514191256,0.3929360791918542,0.32650966193214404,0.47269174255273183,0.34485753948778997,0.4488178776804206
men,5,expectancy,86,3 Cognitive only,s2,0.377254551349266,0.37528547285085717,0.3065350681973216,0.4580545414740848,0.32528087471130046,0.4339407457943436
men,5,expectancy,88,3 Cognitive only,s2,0.3589474810790971,0.35648987419984274,0.28577348391474794,0.4439605849602568,0.30545664870345834,0.41777848799467465
men,5,expectancy,90,3 Cognitive only,s2,0.3401394486595882,0.3374444376368334,0.2644919186371881,0.4298724596581986,0.2843254990793475,0.40183780551429493
men,5,expectancy,92,3 Cognitive only,s2,0.32112609521385893,0.31755033803469146,0.24400529946381302,0.41666344055795174,0.262653531747692,0.3864536554835094
men,5,expectancy,94,3 Cognitive only,s2,0.3022844722317699,0.29814066177028875,0.22209475253044153,0.40493478184108467,0.24088036737242616,0.3719979761977332
men,5,expectancy,96,3 Cognitive only,s2,0.28410471291487027,0.27875435073668536,0.20026927875842732,0.39701903693487794,0.21896836603914832,0.35975685252375733
men,5,expectancy,98,3 Cognitive only,s2,0.2672365126062743,0.2601795374398378,0.178565252207921,0.39344078010240796,0.19764493758787885,0.34978398430079277
men,5,expectancy,100,3 Cognitive only,s2,0.25255749927963234,0.24332744086719252,0.1576041402662121,0.39792035353590544,0.17739461145921862,0.3453477332424795
men,5,expectancy,102,3 Cognitive only,s2,0.24130551464953448,0.22849631422978742,0.13806351840547543,0.4159602493552404,0.15852414527979286,0.3478122882704811
men,5,expectancy,104,3 Cognitive only,s2,0.23548762881607221,0.21752273526669758,0.12123267743491906,0.4522074316546389,0.1415217783340039,0.36372377912350196
men,5,expectancy,106,3 Cognitive only,s2,0.23961371154954905,0.21307733997268774,0.10681934630728467,0.5253621733213995,0.12827565995044446,0.4006739219518391
men,5,expectancy,108,3 Cognitive only,s2,0.26925363246334455,0.22901573322009766,0.10125082351779689,0.678453916939661,0.1250706848719584,0.4895194019750145
men,5,expectancy,110,3 Cognitive only,s2,0.3979532779289219,0.3352440915805858,0.13551400919261156,1.035251328171898,0.17442537065901728,0.7453106856226529
men,5,expectancy,50,4 Both,s2,0.6701951859504655,0.668858783430702,0.6052452247937185,0.7447637639608997,0.622431832529374,0.7214491239600225
men,5,expectancy,52,4 Both,s2,0.6942945286443533,0.6929730096099083,0.6302639220718634,0.7662120986625831,0.6481345133939291,0.7429935935443358
men,5,expectancy,54,4 Both,s2,0.6865947592969112,0.6855937220558432,0.6275582004374326,0.751988755800739,0.6433851310284627,0.7317071827354951
men,5,expectancy,56,4 Both,s2,0.6723252629838338,0.6715310138654389,0.6160443460144946,0.7337349730757867,0.6316018693072104,0.7149630525923139
men,5,expectancy,58,4 Both,s2,0.6591795978257347,0.6583086143133929,0.6034732042110931,0.7200772948950991,0.6186992641824323,0.7014241114460505
men,5,expectancy,60,4 Both,s2,0.6487011141218533,0.6478356072099024,0.5922322536286486,0.7091852455208211,0.6080121677986157,0.6917677319091311
men,5,expectancy,62,4 Both,s2,0.6405670554561512,0.6394555070476663,0.5827830430303647,0.702930182793424,0.5984142565805475,0.6850843915324027
men,5,expectancy,64,4 Both,s2,0.6340666264701038,0.6328223383518456,0.5739892751894352,0.6986480662036763,0.5907325576509804,0.6798890710740798
men,5,expectancy,66,4 Both,s2,0.6285550404038535,0.6273689538610717,0.5661465521396517,0.6955368648315513,0.5832519723246798,0.6754529941724462
men,5,expectancy,68,4 Both,s2,0.6235554162705732,0.6222686851163801,0.5594069697962969,0.6930095895507192,0.5764173621836881,0.67212931245223
men,5,expectancy,70,4 Both,s2,0.6187524596100944,0.6174613973783891,0.5522083146005174,0.6909923254546037,0.5699395158040247,0.6691007558626443
men,5,expectancy,72,4 Both,s2,0.613962464472567,0.6125886684182016,0.5453787885871753,0.6890197186404818,0.5636088933259736,0.6663349055977958
men,5,expectancy,74,4 Both,s2,0.6091058992134772,0.6076966788164058,0.5380724662627995,0.6873558888206992,0.5565780656183992,0.6636054265601989
men,5,expectancy,76,4 Both,s2,0.604188165466587,0.6026080641698163,0.5309308088698973,0.6855725137176267,0.5494241880186322,0.6611471064434711
men,5,expectancy,78,4 Both,s2,0.5992872524725597,0.5975155042115952,0.5227557365515152,0.6836886618377567,0.5422920026411214,0.6588626184489277
men,5,expectancy,80,4 Both,s2,0.5945450632196637,0.5927587082705874,0.5149185695092575,0.682091278490528,0.5349498691830545,0.6575603701532838
men,5,expectancy,82,4 Both,s2,0.5901588977431921,0.5879983163079738,0.5072789535030938,0.6817061778780619,0.5277087957800357,0.656026649375313
men,5,expectancy,84,4 Both,s2,0.5863698216368255,0.5838380742720356,0.4995646435837243,0.6829441414777817,0.5213567420839867,0.65567886659508
men,5,expectancy,86,4 Both,s2,0.5834451680481231,0.5807763575781888,0.491824460934141,0.6860293720604946,0.5149038523708951,0.6565724994082436
men,5,expectancy,88,4 Both,s2,0.5816533900501937,0.5786697297903209,0.48526266649188193,0.6901531112187708,0.5102880016357668,0.6588526191624943
men,5,expectancy,90,4 Both,s2,0.5812313627253017,0.578205335639828,0.47927750954688036,0.6966175228736607,0.5052431516262328,0.6633098219721418
men,5,expectancy,92,4 Both,s2,0.5823476560991758,0.578999093170833,0.47384401428342754,0.706278173362168,0.5008281463761703,0.6699619376026051
men,5,expectancy,94,4 Both,s2,0.5850706669863077,0.5814211754255596,0.46962812855999364,0.7186739224990397,0.49827840042575977,0.6798502140986206
men,5,expectancy,96,4 Both,s2,0.5893574698811468,0.5850814896965305,0.4678547112735897,0.7328597305959962,0.49617965361038696,0.6916456390542723
men,5,expectancy,98,4 Both,s2,0.5950877736931057,0.5907493882004515,0.4645681730257711,0.7497454983363462,0.49491129555735147,0.7040811867097126
men,5,expectancy,100,4 Both,s2,0.6021872372985673,0.5970411624914941,0.4623598184227261,0.7685447812003072,0.49483926932305833,0.7185213626125077
men,5,expectancy,102,4 Both,s2,0.6109786484857312,0.6060348518896688,0.45922512861277714,0.7889889275059419,0.49601994494925933,0.7361062374231757
men,5,expectancy,104,4 Both,s2,0.6233781848776492,0.6182675778424209,0.45685375584011734,0.8156276845884199,0.49928437467349257,0.7587806584437377
men,5,expectancy,106,4 Both,s2,0.6479814424170758,0.6430648639477146,0.46493805835665275,0.8590752242597838,0.5107865664981744,0.7959103774852777
men,5,expectancy,108,4 Both,s2,0.7253127155976582,0.7213718178760505,0.5091340431866429,0.9741826202565566,0.5611451425175739,0.8988403522703954
men,5,expectancy,110,4 Both,s2,1.0705255466396837,1.0675506347925465,0.726203028148696,1.4349882841864758,0.8196360724313049,1.3285272388961316
men,5,expectancy,50,1 Functional,s3,20.29888096067257,20.32785099296946,19.086938043969514,21.33329070061222,19.46197301485219,21.090695986916995
men,5,expectancy,52,1 Functional,s3,20.314065273681486,20.33863197694987,19.34330385094648,21.11269012117413,19.655439966788567,20.91529913341848
men,5,expectancy,54,1 Functional,s3,19.640910623731447,19.657907347146324,19.012937738475564,20.162667700040505,19.214665769057486,20.02697515965012
men,5,expectancy,56,1 Functional,s3,18.657516975715552,18.666523310168543,18.247022526196663,19.01649650879967,18.378765972115907,18.91996592497694
men,5,expectancy,58,1 Functional,s3,17.520370825873442,17.524465267028717,17.225382411899446,17.795106234780153,17.31125767502657,17.72191435173091
men,5,expectancy,60,1 Functional,s3,16.308641224631284,16.30999771659417,16.056614812190272,16.551542061522774,16.130565186348747,16.484951739214623
men,5,expectancy,62,1 Functional,s3,15.066495209885277,15.066770197767465,14.826319857701131,15.300096465679667,14.894105605165027,15.234118167015646
men,5,expectancy,64,1 Functional,s3,13.820505056915186,13.820972684732805,13.585741906309893,14.053244383109035,13.650165287673568,13.988204889122908
men,5,expectancy,66,1 Functional,s3,12.588050120938368,12.588069084337578,12.352319173469954,12.82417858210972,12.415987633082691,12.758938642910262
men,5,expectancy,68,1 Functional,s3,11.381636648392059,11.381451845155734,11.14300544860031,11.61991164994891,11.209908986718627,11.554429989512519
men,5,expectancy,70,1 Functional,s3,10.211155005951694,10.210779408902276,9.970161602190823,10.454936175857043,10.038631936111871,10.383429703578223
men,5,expectancy,72,1 Functional,s3,9.085038085101901,9.084254994999792,8.844938609926407,9.329090358182698,8.91334809986817,9.258644060898515
men,5,expectancy,74,1 Functional,s3,8.010814025204159,8.01041553380302,7.773809562732418,8.252970878959625,7.840980192156573,8.183292252121152
men,5,expectancy,76,1 Functional,s3,6.995313904842714,6.995525109929914,6.760415297790208,7.234284903771962,6.8280649011731285,7.165884360569958
men,5,expectancy,78,1 Functional,s3,6.044676135572499,6.043906687322133,5.813177500349989,6.279750519010565,5.880186130542606,6.21362397652574
men,5,expectancy,80,1 Functional,s3,5.164229176253899,5.163210581305585,4.939249267304463,5.393112275718707,5.003223008110642,5.328605742702133
men,5,expectancy,82,1 Functional,s3,4.358305602915654,4.357062781390295,4.140918211413324,4.581853167934205,4.203765958369004,4.51759259312475
men,5,expectancy,84,1 Functional,s3,3.6300288764257194,3.628922823324512,3.4202877954665083,3.845620942594793,3.481187813677901,3.7821992013652967
men,5,expectancy,86,1 Functional,s3,2.9811107309117975,2.979521096090715,2.7829149739942074,3.1854660833350734,2.839724426096207,3.125521882190556
men,5,expectancy,88,1 Functional,s3,2.4116959877735202,2.409607055461967,2.22570668130342,2.604406612287487,2.2776890870442297,2.547713712863895
men,5,expectancy,90,1 Functional,s3,1.9202879139142344,1.9185154149090735,1.7473889529080546,2.1011254177538357,1.795290533456162,2.0474208677211303
men,5,expectancy,92,1 Functional,s3,1.5037772714079876,1.5013778965791795,1.3449228612676054,1.670377306550683,1.388900477338179,1.6206619054620395
men,5,expectancy,94,1 Functional,s3,1.1575808982418099,1.15471464323408,1.0138952142426092,1.3088203814636088,1.053229459363458,1.2646985151113208
men,5,expectancy,96,1 Functional,s3,0.8758748131433665,0.8735056081162893,0.7479494039343042,1.01184968014663,0.7835156569371399,0.9714399934464291
men,5,expectancy,98,1 Functional,s3,0.6518919973751756,0.6499827765558215,0.54028117392014,0.7730837368969578,0.5708607605646133,0.7362366380743323
men,5,expectancy,100,1 Functional,s3,0.47825889407390837,0.47674680930042757,0.3823624252978903,0.5837261567619112,0.40866309596673306,0.5519869788200495
men,5,expectancy,102,1 Functional,s3,0.3473803146342769,0.345899686748783,0.26549991815383905,0.43855862522071026,0.28824654646111597,0.4116968772473161
men,5,expectancy,104,1 Functional,s3,0.25198793461727026,0.24999136729924515,0.1830732414247707,0.3308702377513788,0.20155945825657887,0.30773415768329043
men,5,expectancy,106,1 Functional,s3,0.18639005043827392,0.18415010648381375,0.12694700537924034,0.26023215014458156,0.14195506522464493,0.2362742256522825
men,5,expectancy,108,1 Functional,s3,0.15122926065976913,0.14750692718352382,0.09431697887802475,0.23100622528107112,0.10788068757694337,0.2019873073971483
men,5,expectancy,110,1 Functional,s3,0.17847536939391972,0.17258123074411696,0.1037980595300934,0.2880519603448048,0.12121395189808228,0.2466898592837371
men,5,expectancy,50,2 Physical only,s3,3.559587133654594,3.5329396035325047,3.1963754286148576,4.063785469799658,3.2846059666101084,3.893604537655662
men,5,expectancy,52,2 Physical only,s3,3.5374174021083618,3.5182436040603173,3.251622932123767,3.92422324461837,3.319340234829331,3.7960516039039427
men,5,expectancy,54,2 Physical only,s3,3.383038930593566,3.375168170866563,3.1966670476682,3.622541780200632,3.2434659561988974,3.539394820910717
men,5,expectancy,56,2 Physical only,s3,3.208756736475386,3.2059012502930706,3.0726822550988415,3.358066482615204,3.1086521608507147,3.31416369109177
men,5,expectancy,58,2 Physical only,s3,3.0451355507140923,3.0447982088596204,2.9263602191259594,3.166149404489216,2.959866522105494,3.1308431640358396
men,5,expectancy,60,2 Physical only,s3,2.8967560841739846,2.897683741271034,2.782448529357544,3.0113264143056515,2.8151247405150173,2.9798548302400873
men,5,expectancy,62,2 Physical only,s3,2.7611435527801933,2.7609696542004327,2.644049840480982,2.8787405769718895,2.678609037648479,2.8451338924396423
men,5,expectancy,64,2 Physical only,s3,2.6348898183488396,2.6340864229053373,2.5131257700975707,2.756614159255039,2.549744295523288,2.7215869497182026
men,5,expectancy,66,2 Physical only,s3,2.515221763678747,2.5140685087048844,2.3901231246047727,2.6393541533082194,2.4280158335573074,2.6047876584665497
men,5,expectancy,68,2 Physical only,s3,2.400164652224331,2.3991326431123463,2.271124400571748,2.5299887437493074,2.309714663616093,2.493544519011367
men,5,expectancy,70,2 Physical only,s3,2.2883733590082334,2.286979308908786,2.155673800336252,2.4236323930193175,2.195010861863468,2.3850240877418187
men,5,expectancy,72,2 Physical only,s3,2.178947376473403,2.1772731676247945,2.042044326725361,2.3194613830308928,2.0825641745660053,2.2789818813829767
men,5,expectancy,74,2 Physical only,s3,2.071297287945362,2.0696132740929087,1.9315281368314459,2.216113003731519,1.9719509885551836,2.173708326972192
men,5,expectancy,76,2 Physical only,s3,1.9650602708533609,1.9626132055265764,1.824321481988283,2.1139293880826133,1.863274039262299,2.0693608562440193
men,5,expectancy,78,2 Physical only,s3,1.8600486142943782,1.8574990073491753,1.7166710657197688,2.0131141527286496,1.755925325971219,1.96794565426262
men,5,expectancy,80,2 Physical only,s3,1.756216829139371,1.7535957249662129,1.610071942352255,1.9147242895327068,1.6500119469555639,1.8654349981500853
men,5,expectancy,82,2 Physical only,s3,1.6536369573599639,1.6504495225160754,1.5045158956455307,1.8156467775390355,1.544829919739689,1.7662141534964926
men,5,expectancy,84,2 Physical only,s3,1.5524750878070934,1.5491892136864402,1.402472927596446,1.7186670938018183,1.4423774566661713,1.6682043806457294
men,5,expectancy,86,2 Physical only,s3,1.4529648619360274,1.450195997746355,1.3001464513979177,1.6228254624134129,1.3403774965328534,1.571718347917352
men,5,expectancy,88,2 Physical only,s3,1.355376753691888,1.3523762174237677,1.1995707085347667,1.5285401704148542,1.2397756179919188,1.4769535081870653
men,5,expectancy,90,2 Physical only,s3,1.25998591564931,1.2567147021502523,1.101239066376745,1.4360390888037788,1.1427236168330976,1.385891189651818
men,5,expectancy,92,2 Physical only,s3,1.16704635450621,1.1627922381905504,1.005023912974545,1.3460785751818185,1.047268383556143,1.2942176969408667
men,5,expectancy,94,2 Physical only,s3,1.0767835000083068,1.0716454877142088,0.911949143107971,1.2623337702127084,0.9546197262234914,1.207133212990712
men,5,expectancy,96,2 Physical only,s3,0.9894178427026085,0.9852538230332564,0.8212722487374939,1.180463271468443,0.8644107057043134,1.1223225422760916
men,5,expectancy,98,2 Physical only,s3,0.9052286217780228,0.9002010060865311,0.733472193365481,1.1036699525211662,0.7766457673932948,1.04212332218633
men,5,expectancy,100,2 Physical only,s3,0.8246728403793488,0.8196132891528572,0.6498772203213494,1.0320751593233757,0.6930838621918296,0.9655505993494305
men,5,expectancy,102,2 Physical only,s3,0.7486565881880036,0.7431317899654257,0.5659963464481734,0.9640403104480485,0.6116006540234736,0.8949348953571645
men,5,expectancy,104,2 Physical only,s3,0.6794732988085188,0.6739224320881124,0.4879513063632429,0.9058723957556225,0.5367699990424898,0.8337886607301216
men,5,expectancy,106,2 Physical only,s3,0.6249137170875029,0.6187168611348619,0.4183996512046178,0.8729888578331568,0.4714359407362831,0.7933318386675957
men,5,expectancy,108,2 Physical only,s3,0.6186515337772924,0.6095949777393967,0.37894621176181315,0.9063205766455046,0.4396706237335259,0.812692155457022
men,5,expectancy,110,2 Physical only,s3,0.8350398612548449,0.8267695673360818,0.46127504643773154,1.2571866069788935,0.5568773290310006,1.1255937102834161
men,5,expectancy,50,3 Cognitive only,s3,1.9067183981445508,1.8954004630860333,1.7365164551830636,2.136159060365058,1.7761375065870828,2.0566349955371677
men,5,expectancy,52,3 Cognitive only,s3,0.7719825674099845,0.7639821098512377,0.652208861836202,0.9322449305554323,0.67940747477507,0.877225946367854
men,5,expectancy,54,3 Cognitive only,s3,0.5887349329175637,0.5863754903774017,0.5287375812911048,0.6613846600430529,0.5434104406277092,0.6381347906098473
men,5,expectancy,56,3 Cognitive only,s3,0.5460806516798503,0.5452562473926424,0.4979737328388006,0.5982993862838554,0.5113776977579413,0.5835619566200484
men,5,expectancy,58,3 Cognitive only,s3,0.5313757397493438,0.5304871214804234,0.4853737456227019,0.5823755731648123,0.4979334439515004,0.5675876827660966
men,5,expectancy,60,3 Cognitive only,s3,0.5234085588128219,0.522310829816981,0.4763529653095611,0.5749590521985269,0.4895354524869415,0.559315534708466
men,5,expectancy,62,3 Cognitive only,s3,0.5170385290329789,0.5160746189913938,0.4687331821831364,0.5698265626254475,0.48185325784599253,0.5538805733119299
men,5,expectancy,64,3 Cognitive only,s3,0.5107076752260192,0.5095761801780697,0.46061953102621883,0.5651032015578288,0.4746928169239648,0.5485948673303379
men,5,expectancy,66,3 Cognitive only,s3,0.5038338436381347,0.5026653962031831,0.4525134359704,0.5599191338370928,0.46664764767682837,0.5430882374317634
men,5,expectancy,68,3 Cognitive only,s3,0.49614694057431113,0.4951210748286903,0.4432600467613038,0.5543506914563338,0.45772440630571604,0.5366449141968068
men,5,expectancy,70,3 Cognitive only,s3,0.4874919104880047,0.48638733941176593,0.43285162691817675,0.5475825048973473,0.44788213661143583,0.5293138274659467
men,5,expectancy,72,3 Cognitive only,s3,0.4777649009091817,0.47662580708119434,0.4214159014116215,0.5399422268313671,0.43682973864994534,0.5209769109732979
men,5,expectancy,74,3 Cognitive only,s3,0.4668930933687334,0.4655466458362325,0.40881326842783167,0.531167069074722,0.42457060287851545,0.5117783784030434
men,5,expectancy,76,3 Cognitive only,s3,0.4548304006781902,0.4536127926624383,0.3951149122568966,0.5214028347581569,0.41128055768487876,0.5009419814012269
men,5,expectancy,78,3 Cognitive only,s3,0.44155922562845756,0.44002149362458853,0.38016902908899325,0.5105913683373923,0.39635777231929686,0.4894125891743116
men,5,expectancy,80,3 Cognitive only,s3,0.42709434763256077,0.4255102483453268,0.36390450628382137,0.49907433121655614,0.38057867828041825,0.47685393294160583
men,5,expectancy,82,3 Cognitive only,s3,0.4114871355653683,0.4096733776894701,0.34591056656749997,0.4861372497847883,0.3633090916252822,0.4632391360797342
men,5,expectancy,84,3 Cognitive only,s3,0.39482924779154766,0.3929369479473809,0.32651047408717404,0.4726952309202236,0.3448588091417838,0.448820972308505
men,5,expectancy,86,3 Cognitive only,s3,0.37725570324950003,0.3752867335846931,0.30653633399815977,0.45805529361290115,0.32528117397026524,0.43394130435763295
men,5,expectancy,88,3 Cognitive only,s3,0.35894808256608135,0.3564906243853809,0.2857738263839221,0.443961312754631,0.3054571150092351,0.4177792788416334
men,5,expectancy,90,3 Cognitive only,s3,0.34013975726159174,0.3374446860548642,0.26449195999774067,0.4298729161266953,0.2843258300379064,0.40183812368550376
men,5,expectancy,92,3 Cognitive only,s3,0.3211262512493267,0.31755043633464863,0.24400542408241427,0.4166636864708863,0.2626536124280019,0.3864538458196963
men,5,expectancy,94,3 Cognitive only,s3,0.3022845502967356,0.2981407373419337,0.22209482338026904,0.40493480050879843,0.24088047118131933,0.3719981256531889
men,5,expectancy,96,3 Cognitive only,s3,0.28410475178528694,0.27875438117696066,0.20026932666852534,0.3970191508165441,0.21896838019735695,0.35975693911298584
men,5,expectancy,98,3 Cognitive only,s3,0.2672365320378668,0.26017955670506576,0.17856525737973464,0.3934408114346185,0.19764495524466014,0.34978399794648724
men,5,expectancy,100,3 Cognitive only,s3,0.25255750916276476,0.24332744397605133,0.1576041478069003,0.39792038085464065,0.1773946185569189,0.34534774664256945
men,5,expectancy,102,3 Cognitive only,s3,0.24130551986265314,0.22849632053637503,0.1380635279155716,0.41596026906015554,0.1585241473596414,0.3478122962697035
men,5,expectancy,104,3 Cognitive only,s3,0.23548763173733064,0.21752273614985676,0.12123267879498054,0.45220743365957583,0.14152177957826223,0.3637237813014715
men,5,expectancy,106,3 Cognitive only,s3,0.23961371333372108,0.21307734101592335,0.10681934661729636,0.5253621763239371,0.12827566133081614,0.400673923547635
men,5,expectancy,108,3 Cognitive only,s3,0.2692536337016282,0.22901574036236647,0.10125082362236901,0.6784539203033482,0.12507068522222672,0.4895194038398364
men,5,expectancy,110,3 Cognitive only,s3,0.39795327907836564,0.33524409269313915,0.13551400999367244,1.0352513307447242,0.17442537083792214,0.7453106876936773
men,5,expectancy,50,4 Both,s3,0.8975869317840691,0.8858727146835839,0.7401174813651461,1.1234399034915432,0.7733446352778062,1.0428188605269906
men,5,expectancy,52,4 Both,s3,0.8459479701153899,0.8373185546315189,0.7192046116303914,1.0251098795067874,0.7462181414002208,0.9614929368122263
men,5,expectancy,54,4 Both,s3,0.745402282632517,0.7415492049312759,0.6601069934344191,0.8557051482144916,0.6811139744517052,0.8165387557288634
men,5,expectancy,56,4 Both,s3,0.6906654154344526,0.6888357078769496,0.625610790858413,0.7662521668219693,0.642255354056417,0.7428423096573888
men,5,expectancy,58,4 Both,s3,0.6629434765097836,0.6621760937740538,0.6042108660213166,0.7266932900728167,0.6201240284616716,0.7077880511740181
men,5,expectancy,60,4 Both,s3,0.6480350312117444,0.647182281425691,0.5902355220186339,0.7101074807508607,0.6070916175185449,0.6919566307413151
men,5,expectancy,62,4 Both,s3,0.6390271676185222,0.6377804338097925,0.580798540071109,0.7012557908337368,0.5969813428673264,0.6837828335950603
men,5,expectancy,64,4 Both,s3,0.6327216471316008,0.631628447949827,0.572559607150067,0.6970743740258326,0.5891121728306199,0.6788909366066005
men,5,expectancy,66,4 Both,s3,0.6276098343953231,0.6264106567769697,0.565399915647111,0.6944765552777474,0.5823078666231715,0.6745481658115745
men,5,expectancy,68,4 Both,s3,0.6229559810197828,0.62177253657201,0.558409987923578,0.6924730272544924,0.5760197436547914,0.6715377436597549
men,5,expectancy,70,4 Both,s3,0.6183959464691187,0.6171205093733312,0.5518664695023064,0.6904300137327759,0.5697627299004756,0.6687322726280694
men,5,expectancy,72,4 Both,s3,0.6137603232180909,0.6124021323753006,0.54516958050936,0.6887438279149749,0.5634102462523234,0.6661627224462421
men,5,expectancy,74,4 Both,s3,0.6089957909396273,0.6075831304178398,0.537952949568717,0.6872784441228685,0.5564552683624114,0.6635224783303496
men,5,expectancy,76,4 Both,s3,0.6041303366581233,0.6025514234653004,0.5308552436196717,0.6855511975960673,0.5493657390606878,0.6610697969170053
men,5,expectancy,78,4 Both,s3,0.5992579236439695,0.5974903973121362,0.5227003483734111,0.6836632938936892,0.542275736058858,0.6588462313640494
men,5,expectancy,80,4 Both,s3,0.594530694051935,0.5927331911609992,0.5149065707691799,0.6820494081294891,0.5349369879391485,0.6575507336556113
men,5,expectancy,82,4 Both,s3,0.590152099799048,0.5879909789467914,0.5072709782589924,0.6816980830518972,0.5277018481377471,0.6560196116151189
men,5,expectancy,84,4 Both,s3,0.5863667197717833,0.5838356474073815,0.4995606872488797,0.6829395293938474,0.5213550724657032,0.6556733001375353
men,5,expectancy,86,4 Both,s3,0.5834438061163224,0.5807752565343075,0.49182379043192576,0.6860263536113781,0.5149025697596972,0.6565705738419625
men,5,expectancy,88,4 Both,s3,0.5816528172192176,0.5786690738643374,0.4852623747494827,0.6901523927342353,0.510287346254729,0.6588522667375194
men,5,expectancy,90,4 Both,s3,0.5812311339530022,0.5782051839655757,0.4792773659912483,0.6966172046302711,0.5052429508761398,0.6633096176237171
men,5,expectancy,92,4 Both,s3,0.582347570916844,0.5789990909646652,0.4738440384750456,0.7062780524415964,0.5008281227017015,0.6699619198679935
men,5,expectancy,94,4 Both,s3,0.5850706386414769,0.5814211492446393,0.4696281128366049,0.7186739131872044,0.4982783783236576,0.6798501722346643
men,5,expectancy,96,4 Both,s3,0.5893574624606132,0.5850814651123993,0.4678546999328211,0.7328597174653667,0.49617965145748927,0.6916456246577907
men,5,expectancy,98,4 Both,s3,0.595087773109995,0.5907493850679234,0.464568177392986,0.7497454819011979,0.49491129647652105,0.7040811980264502
men,5,expectancy,100,4 Both,s3,0.6021872384275707,0.5970411625845237,0.4623598225321087,0.7685447807048188,0.4948392672583985,0.7185213678707882
men,5,expectancy,102,4 Both,s3,0.6109786496856772,0.606034853428667,0.4592251337327486,0.7889889268653433,0.4960199452436473,0.7361062367068414
men,5,expectancy,104,4 Both,s3,0.6233781857619874,0.6182675799556475,0.4568537565010611,0.8156276871731688,0.4992843777279393,0.7587806594522147
men,5,expectancy,106,4 Both,s3,0.6479814429966637,0.643064863717548,0.4649380588901464,0.8590752251099811,0.5107865671021123,0.7959103796756362
men,5,expectancy,108,4 Both,s3,0.7253127159717498,0.7213718177888162,0.5091340440946682,0.9741826201808116,0.561145142553369,0.8988403522952575
men,5,expectancy,110,4 Both,s3,1.070525546831065,1.0675506337649088,0.7262030278748624,1.4349882842684667,0.8196360724657182,1.3285272393010636
men,5,expectancy,50,1 Functional,s4,15.004202691292694,15.00431430429753,12.538118383903907,17.386467929888735,13.255928222213207,16.71246943370115
men,5,expectancy,52,1 Functional,s4,17.04348107131745,17.06499779389725,15.07879741387746,18.84748238373062,15.699148039330273,18.350009616605348
men,5,expectancy,54,1 Functional,s4,17.774453289720874,17.81022222895217,16.357078840964917,18.975467654768803,16.815966737076803,18.665086584392192
men,5,expectancy,56,1 Functional,s4,17.62688262168614,17.659340414963246,16.688888455759162,18.376689348530647,16.99135121703189,18.187565404435738
men,5,expectancy,58,1 Functional,s4,16.961402300558337,16.982845912555412,16.36756107647575,17.43916805535894,16.560442688550463,17.321374492553364
men,5,expectancy,60,1 Functional,s4,16.008925498373365,16.020685564365873,15.61305762250764,16.3401095472072,15.740008149129665,16.257087902596023
men,5,expectancy,62,1 Functional,s4,14.907154904804775,14.909679191663674,14.615685757787125,15.174161579395623,14.704145706388143,15.105390878118033
men,5,expectancy,64,1 Functional,s4,13.736448051145041,13.737455328719808,13.483706653071565,13.984361307545194,13.555183704273254,13.915549849108654
men,5,expectancy,66,1 Functional,s4,12.54407708633613,12.545113569494589,12.30124673984308,12.787298427096188,12.36822915020941,12.71827825620406
men,5,expectancy,68,1 Functional,s4,11.358860594079284,11.359405652558737,11.119964764712057,11.600365121503009,11.186231965263142,11.533045964653098
men,5,expectancy,70,1 Functional,s4,10.199500581986404,10.19904445891256,9.958850753974858,10.442924598473125,10.026849703505011,10.37236669310928
men,5,expectancy,72,1 Functional,s4,9.079161713292402,9.077660671806107,8.83888577286261,9.321707044840002,8.907494144732942,9.252116613785777
men,5,expectancy,74,1 Functional,s4,8.00790217885393,8.00752909562123,7.771038319844613,8.25068064797275,7.837666843769968,8.180321517829956
men,5,expectancy,76,1 Functional,s4,6.993899612522339,6.994075419251857,6.7589594397911545,7.233087322305192,6.826724986386141,7.164325553605279
men,5,expectancy,78,1 Functional,s4,6.044004401910062,6.043201999482374,5.812464551784537,6.279174221608818,5.879608011922547,6.213007815530107
men,5,expectancy,80,1 Functional,s4,5.163917811992261,5.162790988506919,4.938899045604308,5.392778142396865,5.002910322586875,5.328431131316094
men,5,expectancy,82,1 Functional,s4,4.3581649818569295,4.356958342756178,4.140797203383711,4.581699325037774,4.203646375530141,4.51744620908895
men,5,expectancy,84,1 Functional,s4,3.629967075438098,3.6288646952973784,3.420231738360219,3.8455652885418754,3.4811483092230873,3.782143208615177
men,5,expectancy,86,1 Functional,s4,2.9810843269475473,2.9795062965157486,2.7828870639047367,3.185437719199426,2.8397081412786203,3.125503458826861
men,5,expectancy,88,1 Functional,s4,2.4116850312560305,2.4096001680708463,2.2256962135630403,2.604392511065321,2.2776842253231036,2.5476999181888753
men,5,expectancy,90,1 Functional,s4,1.9202835028321776,1.9185065084375774,1.7473822685881326,2.101118583400126,1.7952812405096827,2.0474161452621904
men,5,expectancy,92,1 Functional,s4,1.503775550875174,1.5013768385065012,1.3449202683720278,1.67037559778096,1.3888990984276532,1.6206603989942068
men,5,expectancy,94,1 Functional,s4,1.157580249366218,1.1547140469553008,1.013894653881086,1.308819806087336,1.053228588321213,1.2646974186370137
men,5,expectancy,96,1 Functional,s4,0.8758745771245798,0.8735053747009672,0.7479489419496499,1.011849344652104,0.7835153255469811,0.9714398003210271
men,5,expectancy,98,1 Functional,s4,0.6518919147802432,0.6499827014590941,0.540281093520989,0.7730836552924495,0.5708607057407132,0.736236596867346
men,5,expectancy,100,1 Functional,s4,0.4782588662719814,0.4767467899721879,0.3823624254524809,0.5837261412513405,0.4086630572383658,0.5519869681404643
men,5,expectancy,102,1 Functional,s4,0.34738030555892324,0.34589968308314256,0.2654999101313462,0.4385586216359738,0.28824653388507776,0.41169686513396836
men,5,expectancy,104,1 Functional,s4,0.2519879316495487,0.24999136533549843,0.1830732278112685,0.33087023663945897,0.20155945659132132,0.30773415493102085
men,5,expectancy,106,1 Functional,s4,0.1863900493774039,0.18415010605073054,0.1269470052192927,0.26023214142883294,0.14195506496535673,0.2362742194715581
men,5,expectancy,108,1 Functional,s4,0.1512292601716645,0.14750692532753332,0.09431697887090175,0.23100622115460795,0.10788068714570684,0.20198730718105454
men,5,expectancy,110,1 Functional,s4,0.17847536905265304,0.17258123069790623,0.10379805945976131,0.2880519601343529,0.12121395176400176,0.2466898588437505
men,5,expectancy,50,2 Physical only,s4,3.596178140689697,3.584086026972755,2.941566051843231,4.306267113117545,3.112784699768371,4.091182887079008
men,5,expectancy,52,2 Physical only,s4,3.892411080856829,3.8808844023855076,3.3736424485141123,4.4693674368065786,3.51209140220995,4.294801987223902
men,5,expectancy,54,2 Physical only,s4,3.69750685448172,3.6902214526830073,3.3648670047591955,4.0612482628650355,3.4548136022548697,3.953093507801686
men,5,expectancy,56,2 Physical only,s4,3.4180149714826644,3.413885429268116,3.2061653161208925,3.649152541430942,3.2618356591908886,3.580907236194898
men,5,expectancy,58,2 Physical only,s4,3.168821069455808,3.1672825775844604,3.018138854028259,3.3264686270400436,3.05922153562191,3.280567874426864
men,5,expectancy,60,2 Physical only,s4,2.9652981653930954,2.9654284516618192,2.839793122989398,3.0924490757059404,2.8729014298877416,3.0564201814143446
men,5,expectancy,62,2 Physical only,s4,2.79762225201699,2.797635660222854,2.6773059442693916,2.9188888991848776,2.7104570654498072,2.883199353717435
men,5,expectancy,64,2 Physical only,s4,2.6537708207823827,2.653413487726351,2.5311446054488638,2.7782225488232393,2.567672381034414,2.740562072400604
men,5,expectancy,66,2 Physical only,s4,2.524795208241479,2.523926220308722,2.3993738489873646,2.6497016673869194,2.4374544137586205,2.614105250992032
men,5,expectancy,68,2 Physical only,s4,2.4049414156394255,2.4037863908013115,2.2758913300354857,2.5349556807034905,2.3145390286976726,2.4983962039226983
men,5,expectancy,70,2 Physical only,s4,2.2907259301733323,2.2893034410588298,2.1580884605943065,2.4263166485669947,2.197330065206583,2.3874632342820012
men,5,expectancy,72,2 Physical only,s4,2.1800935956065874,2.1784609066728358,2.0431184163889506,2.3207407129509594,2.083683521471883,2.2801674208454017
men,5,expectancy,74,2 Physical only,s4,2.0718507560093835,2.0700656586742223,1.9319871089947858,2.216754212707918,1.972418125194758,2.1741703798540706
men,5,expectancy,76,2 Physical only,s4,1.9653255385287463,1.9628355954893544,1.8245617359722441,2.114165593664973,1.8634866589606487,2.069693877109356
men,5,expectancy,78,2 Physical only,s4,1.8601749703117851,1.857670162584699,1.7168202110422623,2.01323330082384,1.7560469865941948,1.9681548394182922
men,5,expectancy,80,2 Physical only,s4,1.7562767020833099,1.7536953676827647,1.6101264071086632,1.9147769285500282,1.6500805907110916,1.8655211184194722
men,5,expectancy,82,2 Physical only,s4,1.6536651938710076,1.6504863191204295,1.5045460625713596,1.8157266205672111,1.5448497853900847,1.7662342886524924
men,5,expectancy,84,2 Physical only,s4,1.5524883436740908,1.5491960949475985,1.4024803539491204,1.7187009266793494,1.4423981056714437,1.6682288986957858
men,5,expectancy,86,2 Physical only,s4,1.452971057379688,1.4502041196128104,1.3001557317462933,1.6228384384577028,1.340381068098159,1.5717297105597445
men,5,expectancy,88,2 Physical only,s4,1.355379638200142,1.352378216095566,1.1995754274659485,1.5285414482992543,1.2397770304301823,1.476956905426411
men,5,expectancy,90,2 Physical only,s4,1.2599872559100058,1.2567158365637692,1.101240258532474,1.4360398770616674,1.1427253119098664,1.385892912335196
men,5,expectancy,92,2 Physical only,s4,1.1670469782209525,1.1627926400245658,1.0050245600885197,1.346078860439884,1.0472688438469335,1.2942178951198022
men,5,expectancy,94,2 Physical only,s4,1.0767837923566566,1.0716458080667302,0.9119493147425608,1.2623343933757967,0.9546199739845725,1.2071338761590067
men,5,expectancy,96,2 Physical only,s4,0.989417981714445,0.9852539430046274,0.8212723611788068,1.1804635379769264,0.8644107565240491,1.1223228441831496
men,5,expectancy,98,2 Physical only,s4,0.9052286893375199,0.9002010655674524,0.7334722687813972,1.103670079777086,0.7766457807407585,1.0421235284402401
men,5,expectancy,100,2 Physical only,s4,0.8246728741410261,0.8196133043487813,0.6498772370713122,1.0320753191642682,0.6930839332792511,0.9655506256785413
men,5,expectancy,102,2 Physical only,s4,0.7486566055928103,0.7431318006063836,0.5659963796835432,0.9640403128613246,0.6116006620540039,0.8949349245990308
men,5,expectancy,104,2 Physical only,s4,0.6794733080676802,0.6739224472063061,0.487951309951716,0.9058724122245996,0.5367700143811774,0.8337886749942366
men,5,expectancy,106,2 Physical only,s4,0.624913722179636,0.618716864240588,0.41839965349996866,0.8729888678769415,0.47143594682596845,0.7933318419289155
men,5,expectancy,108,2 Physical only,s4,0.6186515368253868,0.6095949797507063,0.37894621478090046,0.9063205793989793,0.4396706239986969,0.8126921578990157
men,5,expectancy,110,2 Physical only,s4,0.8350398642916337,0.826769569476377,0.4612750524288582,1.257186623510419,0.5568773308929763,1.1255937109202079
men,5,expectancy,50,3 Cognitive only,s4,0.7318996428384805,0.711369579686873,0.5054499047620045,1.0897262284526885,0.5504348223313407,0.9524295471614458
men,5,expectancy,52,3 Cognitive only,s4,0.7359580489019356,0.720698774886908,0.5527917817852112,1.0174350661382796,0.5909702518465232,0.9100528040712115
men,5,expectancy,54,3 Cognitive only,s4,0.6239457002102935,0.6175734647940133,0.528445029841472,0.7567433622905194,0.5491701214542979,0.7104621528783214
men,5,expectancy,56,3 Cognitive only,s4,0.5661054415731674,0.5639386014748871,0.5065820259020554,0.6390299425078942,0.5211370722663912,0.6153732233146352
men,5,expectancy,58,3 Cognitive only,s4,0.5396273618309718,0.5388658345084654,0.49022005425189497,0.5952021470005704,0.5035418024257442,0.5784069918304613
men,5,expectancy,60,3 Cognitive only,s4,0.5262504323998077,0.5251891470897828,0.4783101525375318,0.5793456572882606,0.4919376793717687,0.5629502283210722
men,5,expectancy,62,3 Cognitive only,s4,0.517735117221179,0.5166651495623096,0.46934079481803137,0.5711467986925028,0.48250764157769843,0.5548718207772582
men,5,expectancy,64,3 Cognitive only,s4,0.5106576403811905,0.5096374425393987,0.4606919198760288,0.5650739638821299,0.47461067264162304,0.5485753388811939
men,5,expectancy,66,3 Cognitive only,s4,0.503587646460709,0.5024348730247394,0.4523269808217509,0.5597309079017947,0.4664846502493824,0.5429271802493292
men,5,expectancy,68,3 Cognitive only,s4,0.4959002005720724,0.49487898342692666,0.44308384360492997,0.554091258309553,0.457597185106353,0.5363742319019272
men,5,expectancy,70,3 Cognitive only,s4,0.4872997135408189,0.48619744764261474,0.43265815008770386,0.547510051050631,0.4477351637716825,0.529081398685078
men,5,expectancy,72,3 Cognitive only,s4,0.47763105351167123,0.47650209041882396,0.42132041444983576,0.539756276568587,0.4367055376804283,0.5208733762746831
men,5,expectancy,74,3 Cognitive only,s4,0.46680594798168273,0.4654502715506862,0.4087103862675439,0.5310614774762088,0.42448670027952967,0.5116510188607916
men,5,expectancy,76,3 Cognitive only,s4,0.45477632170038623,0.45355469329459186,0.3950681623248865,0.5213451946260843,0.4112110945813824,0.5008690594869977
men,5,expectancy,78,3 Cognitive only,s4,0.4415269234884185,0.4399996947418192,0.38014064518064,0.5105551826508155,0.3963338309410162,0.48937592656291373
men,5,expectancy,80,3 Cognitive only,s4,0.42707566945118747,0.4254943744175227,0.3638830171307559,0.49904911098237553,0.3805553997164521,0.47683102249759934
men,5,expectancy,82,3 Cognitive only,s4,0.4114766403572458,0.4096667179671639,0.3458967706106988,0.4861303717188787,0.36330092835047734,0.4632280938625959
men,5,expectancy,84,3 Cognitive only,s4,0.39482350037824565,0.3929285804699471,0.32650275573612353,0.47268852341442114,0.3448565128338964,0.448813348575564
men,5,expectancy,86,3 Cognitive only,s4,0.3772526278810763,0.3752827880427274,0.3065336581394501,0.45805148280230895,0.32527933192433606,0.43393503364746283
men,5,expectancy,88,3 Cognitive only,s4,0.3589464705831905,0.3564893690137537,0.2857729302778941,0.4439605984901371,0.30545531814600274,0.417777558377364
men,5,expectancy,90,3 Cognitive only,s4,0.3401389273462565,0.3374439502685924,0.26449115202836393,0.4298718952450822,0.2843252238067831,0.4018375834773741
men,5,expectancy,92,3 Cognitive only,s4,0.3211258302474244,0.31754972924176295,0.244005214127562,0.4166631709312107,0.2626532964932112,0.38645354392123077
men,5,expectancy,94,3 Cognitive only,s4,0.3022843390149533,0.29814056671821826,0.22209466609814696,0.4049346622875258,0.24088029600781788,0.3719978460605381
men,5,expectancy,96,3 Cognitive only,s4,0.28410464629272647,0.2787541900668686,0.20026919719327538,0.39701879478573743,0.2189682875629972,0.3597568120408273
men,5,expectancy,98,3 Cognitive only,s4,0.26723647918921667,0.26017949176380417,0.17856523214126932,0.39344074509487903,0.19764492143085038,0.34978377064213206
men,5,expectancy,100,3 Cognitive only,s4,0.25255748225444385,0.2433274261027708,0.15760413520178704,0.3979203503383682,0.1773945896081593,0.34534767096220015
men,5,expectancy,102,3 Cognitive only,s4,0.24130550567583625,0.22849631746394405,0.1380634892315679,0.4159602244411694,0.15852414097918202,0.34781221830818543
men,5,expectancy,104,3 Cognitive only,s4,0.23548762380625943,0.21752273385056542,0.1212326767740799,0.4522074199170116,0.1415217765174173,0.3637237678215568
men,5,expectancy,106,3 Cognitive only,s4,0.2396137085092821,0.21307733756226846,0.10681933933718438,0.525362170151325,0.12827565653298445,0.4006739151443226
men,5,expectancy,108,3 Cognitive only,s4,0.26925363036802624,0.2290157225433513,0.10125082319006823,0.6784538946265164,0.12507068266260182,0.48951940130659427
men,5,expectancy,110,3 Cognitive only,s4,0.39795327598725083,0.33524408980718995,0.1355140085597285,1.0352513190470245,0.17442537045670728,0.7453106791731176
men,5,expectancy,50,4 Both,s4,2.637222762656127,2.610629214037613,2.1910211767103287,3.222721223413989,2.2925442681431107,3.041663003945297
men,5,expectancy,52,4 Both,s4,1.4986379776442182,1.4736054061153006,1.1097070180420245,2.022858869894539,1.1945484148463579,1.8550530203904425
men,5,expectancy,54,4 Both,s4,1.0350094376314607,1.0139550934258446,0.8038053065159808,1.385190569695353,0.8494237228522087,1.2613798059640018
men,5,expectancy,56,4 Both,s4,0.8296226919959586,0.8165719548406724,0.6936786373356951,1.0436817364247248,0.7202803292505837,0.9626404427309603
men,5,expectancy,58,4 Both,s4,0.7326481562219977,0.7257259875530653,0.6439747852023221,0.8602304867175793,0.6640805526159805,0.8119610878765918
men,5,expectancy,60,4 Both,s4,0.6839968050351616,0.6815930509099887,0.6145177266444491,0.7697893547127821,0.6322052462381714,0.7402280390208519
men,5,expectancy,62,4 Both,s4,0.6579036567543386,0.656598974512974,0.5958977727368514,0.7265782512051638,0.6132814854821228,0.7061455304599997
men,5,expectancy,64,4 Both,s4,0.6427171036773995,0.641327986944495,0.5815059097555701,0.7083520419941937,0.5980611940760124,0.6893568409335699
men,5,expectancy,66,4 Both,s4,0.6329113705336743,0.6318699442109444,0.5699111412464714,0.699716727377891,0.5874554638408677,0.6801830031815143
men,5,expectancy,68,4 Both,s4,0.6257557053664204,0.6246142200995407,0.5608713642465731,0.6948720967419539,0.5787179327661929,0.6739961617190052
men,5,expectancy,70,4 Both,s4,0.6198606055165741,0.6185854791599501,0.5531325163693307,0.6917547945288037,0.5710808472216852,0.6701336975233384
men,5,expectancy,72,4 Both,s4,0.6145160894829621,0.6130965377162706,0.5457440700944071,0.6896338046748247,0.5641933427908737,0.6668248005825214
men,5,expectancy,74,4 Both,s4,0.6093790256002664,0.6079740922352508,0.5383016297941418,0.6876536203539667,0.5567878004726745,0.6639528493703437
men,5,expectancy,76,4 Both,s4,0.6043207062077919,0.6027388757431049,0.5310138738986834,0.6857006170605584,0.5496186580256405,0.6612522197265487
men,5,expectancy,78,4 Both,s4,0.5993503103817068,0.597588550737385,0.5228167780492298,0.6838771305082263,0.5423991394031961,0.6589479217986102
men,5,expectancy,80,4 Both,s4,0.5945743932117614,0.5927924732030018,0.5149370009275669,0.6821190008649595,0.5349782063252356,0.6575775239849009
men,5,expectancy,82,4 Both,s4,0.590172201316549,0.5880163359951769,0.5072864612116085,0.6817201233684159,0.5277248665168047,0.6560387183291828
men,5,expectancy,84,4 Both,s4,0.5863756908094123,0.5838418944032553,0.49956662926097484,0.6829509900264172,0.5213700849196137,0.6556774278889108
men,5,expectancy,86,4 Both,s4,0.5834476781471367,0.580779219428466,0.49182640929001975,0.6860325240041427,0.5149054813649356,0.6565747639275387
men,5,expectancy,88,4 Both,s4,0.5816544252831095,0.5786702384536102,0.48526431190685254,0.6901542440998691,0.5102892958784102,0.6588534123366804
men,5,expectancy,90,4 Both,s4,0.5812317706053578,0.5782055263202049,0.4792784337581443,0.69661836577743,0.505243584814787,0.6633100893241467
men,5,expectancy,92,4 Both,s4,0.5823478067854334,0.5789992392174054,0.4738439720271124,0.7062782621759972,0.5008281782320498,0.6699619675322638
men,5,expectancy,94,4 Both,s4,0.5850707170340731,0.581421201858956,0.4696281460614539,0.7186739666451926,0.49827843600305816,0.6798503312216118
men,5,expectancy,96,4 Both,s4,0.5893574830851324,0.5850815486412939,0.4678547187974002,0.7328597644251413,0.4961796619320979,0.6916456869718826
men,5,expectancy,98,4 Both,s4,0.5950877748451523,0.5907493905730188,0.4645681641684904,0.7497455455282236,0.4949112951775555,0.7040811621182064
men,5,expectancy,100,4 Both,s4,0.6021872353910168,0.597041160118198,0.4623598165950401,0.7685447811643071,0.4948392693990788,0.7185213397921776
men,5,expectancy,102,4 Both,s4,0.6109786464101825,0.6060348488891226,0.45922512313403524,0.7889889293286048,0.4960199443794181,0.7361062375339039
men,5,expectancy,104,4 Both,s4,0.6233781833297936,0.6182675695062723,0.4568537553300322,0.8156276822894137,0.4992843711348639,0.7587806571729974
men,5,expectancy,106,4 Both,s4,0.6479814413916888,0.6430648648345128,0.4649380563897965,0.8590752233832992,0.5107865650469479,0.795910377908879
men,5,expectancy,108,4 Both,s4,0.7253127149274091,0.7213718174903602,0.5091340413871264,0.9741826206012351,0.561145142323708,0.8988403522700769
men,5,expectancy,110,4 Both,s4,1.0705255462741736,1.0675506349298771,0.7262030283213661,1.4349882840452548,0.8196360723008888,1.3285272386574212
men,5,total_expectancy,50,Total,population,27.801185821453288,27.80076301776635,27.447908690887147,28.146282416828353,27.550548529913048,28.050380672890594
men,5,total_expectancy,52,Total,population,26.300295669821708,26.299723526045582,25.987269242614058,26.615808470934684,26.07651066887622,26.521938432279025
men,5,total_expectancy,54,Total,population,24.817952984270008,24.817793818500395,24.52860134679684,25.114695683156167,24.607188582273828,25.0241229889406
men,5,total_expectancy,56,Total,population,23.347894517850012,23.34751369625857,23.066103007143738,23.63267226104875,23.146217762349796,23.550332337460627
men,5,total_expectancy,58,Total,population,21.889689264193677,21.888589301088054,21.6120404653017,22.17209539601992,21.68810447266054,22.09126867332494
men,5,total_expectancy,60,Total,population,20.445846157663038,20.445504530956583,20.166675093231927,20.73082718258746,20.23956124245657,20.651764088474053
men,5,total_expectancy,62,Total,population,19.02042409995188,19.02030239214988,18.733585662929656,19.31246543433373,18.810215309693593,19.230667731011852
men,5,total_expectancy,64,Total,population,17.618343320478953,17.617607078770494,17.326595507845237,17.914497486981375,17.40264661430295,17.83157320149536
men,5,total_expectancy,66,Total,population,16.24504709847469,16.244035500143568,15.945631752778347,16.54817313886538,16.027690635832766,16.463616038249796
men,5,total_expectancy,68,Total,population,14.90632998817305,14.905195092191036,14.605753046227157,15.21719127777487,14.682268142238131,15.129439755374031
men,5,total_expectancy,70,Total,population,13.608232957335945,13.607387038711789,13.305454929323504,13.925142245141148,13.38178741676359,13.835417021903599
men,5,total_expectancy,72,Total,population,12.356950945391231,12.35482983024401,12.053551621043221,12.676752639540357,12.130942427800052,12.585468909811054
men,5,total_expectancy,74,Total,population,11.158723061309892,11.155319528877781,10.856510048042994,11.478053912816325,10.933038876136612,11.387480379388851
men,5,total_expectancy,76,Total,population,10.019689933815949,10.016578531759684,9.714580082590262,10.33648333002387,9.796062719221158,10.246952950829858
men,5,total_expectancy,78,Total,population,8.945712072995004,8.942443726140134,8.642948337865803,9.259794555602003,8.725222007246924,9.17055119504345
men,5,total_expectancy,80,Total,population,7.942150492994854,7.938721971716317,7.646294966533387,8.251235684522483,7.725867443834652,8.162540425306904
men,5,total_expectancy,82,Total,population,7.013617865669025,7.010284095120607,6.7212648174496135,7.313303829949532,6.802716169513367,7.2273693458432176
men,5,total_expectancy,84,Total,population,6.163715843992087,6.160186655602503,5.881583115509307,6.453906181409447,5.959306907910505,6.370947333481667
men,5,total_expectancy,86,Total,population,5.394781920256456,5.391717369396338,5.123372638810082,5.67354495911284,5.1971230210855,5.595020938320876
men,5,total_expectancy,88,Total,population,4.7076764787543794,4.704908651956339,4.446687363296076,4.977815170192675,4.519729480161778,4.898683669057218
men,5,total_expectancy,90,Total,population,4.101645867993744,4.099953071038107,3.853569302837401,4.360600411167371,3.9236470532454097,4.283893617527188
men,5,total_expectancy,92,Total,population,3.574297898779701,3.5725857507008048,3.34101592224873,3.8213229416441523,3.4065275365565757,3.7481616834977
men,5,total_expectancy,94,Total,population,3.1217197593002792,3.1195608060016005,2.905849990369472,3.356088781448446,2.9641673103551787,3.2876774313693455
men,5,total_expectancy,96,Total,population,2.738754934061091,2.7360552552606303,2.537401211022736,2.96433208515787,2.588553568249951,2.895760832549205
men,5,total_expectancy,98,Total,population,2.4194449475619373,2.4167038892054835,2.2326885893552286,2.6401346086665405,2.277508071418078,2.568993336303294
men,5,total_expectancy,100,Total,population,2.1576764904679298,2.1532608922088032,1.9810601398899608,2.3715323618145376,2.0228586430287634,2.3026277989515473
men,5,total_expectancy,102,Total,population,1.9483210755683174,1.9417459194628868,1.7780193453061892,2.167084731505164,1.8178239245088634,2.0901090317257727
men,5,total_expectancy,104,Total,population,1.79032705234285,1.7794677169898372,1.6207422989245415,2.0280154027161226,1.658068380557899,1.9397032452584924
men,5,total_expectancy,106,Total,population,1.698898924686331,1.6819320403955667,1.515753589251908,1.9860036358830335,1.5544680943224163,1.8693377816377432
men,5,total_expectancy,108,Total,population,1.7644471447377652,1.738725865043989,1.5487133731553047,2.142513364220418,1.5915823668281563,1.9769248970821005
men,5,total_expectancy,110,Total,population,2.481994056886552,2.451954601751547,2.307449618792446,2.8467134350807246,2.339876284878989,2.672426662981012
men,5,total_expectancy,50,Total,s1,28.082248631177755,28.081000149303584,27.74104107243973,28.41462323402099,27.83758068975316,28.321707364520122
men,5,total_expectancy,52,Total,s1,26.449549307985357,26.448575622248015,26.142823802081132,26.76211199650577,26.22822443158079,26.666207367390438
men,5,total_expectancy,54,Total,s1,24.89745410967523,24.896473091685003,24.608157947072097,25.193401403844472,24.689284096786103,25.10088482636442
men,5,total_expectancy,56,Total,s1,23.390460840052462,23.39019296298556,23.109267751141413,23.67530450353792,23.189593307100772,23.591630398781227
men,5,total_expectancy,58,Total,s1,21.91258532469045,21.91169253361044,21.635642326593953,22.194762936710386,21.710669187364456,22.1137281086448
men,5,total_expectancy,60,Total,s1,20.45820112089556,20.457846802686845,20.17946173624753,20.743054158110205,20.252401240386924,20.66410485269627
men,5,total_expectancy,62,Total,s1,19.027098089023866,19.027196037338143,18.74009541415985,19.31856841996836,18.817122613362088,19.23706434572641
men,5,total_expectancy,64,Total,s1,17.621942369389277,17.62098073278198,17.32986471551983,17.91813645215816,17.40682050869028,17.834668164130413
men,5,total_expectancy,66,Total,s1,16.246978257429046,16.245866386628915,15.947753935719774,16.549943026540003,16.029675381811668,16.46557818218522
men,5,total_expectancy,68,Total,s1,14.907357299558909,14.906242802220225,14.606705456297764,15.218256233203524,14.683228523332424,15.130419995531815
men,5,total_expectancy,70,Total,s1,13.6087727277455,13.607963074040075,13.30623222308692,13.9257933139118,13.382257341612231,13.835994754255193
men,5,total_expectancy,72,Total,s1,12.35723002803953,12.355151078648323,12.0538553999416,12.676977311115785,12.131254793032111,12.585735351715156
men,5,total_expectancy,74,Total,s1,11.158864563385224,11.155479456864091,10.856607973932798,11.478218187704769,10.93322270115775,11.38765596625134
men,5,total_expectancy,76,Total,s1,10.019760070170705,10.016665836543584,9.714664337674465,10.336542100751497,9.796126051361076,10.247003282592758
men,5,total_expectancy,78,Total,s1,8.945745966868188,8.942476051637602,8.642981978495506,9.25983372638502,8.725251515726814,9.170592104621411
men,5,total_expectancy,80,Total,s1,7.942166429142034,7.938739972069188,7.646309954798625,8.251253776530126,7.7258768614633775,8.162555805298584
men,5,total_expectancy,82,Total,s1,7.013625144740661,7.0102911560284085,6.721270795176086,7.313307726516794,6.802723608823062,7.227377686441805
men,5,total_expectancy,84,Total,s1,6.163719071035574,6.160189650861504,5.881587666963114,6.453910616555885,5.9593103383611306,6.370950145431789
men,5,total_expectancy,86,Total,s1,5.394783308312371,5.3917186926529475,5.123373820162907,5.673545962656196,5.197124147530745,5.595022552434466
men,5,total_expectancy,88,Total,s1,4.7076770580426786,4.7049093304392535,4.446687723318774,4.977815932703219,4.519730261485254,4.89868423046645
men,5,total_expectancy,90,Total,s1,4.101646102621619,4.099953391674768,3.8535695625732385,4.360600553082104,3.923647275439208,4.283893784679096
men,5,total_expectancy,92,Total,s1,3.574297991038523,3.572585819856891,3.3410160105510056,3.821323007988797,3.4065276173329724,3.7481618141196207
men,5,total_expectancy,94,Total,s1,3.121719794537023,3.119560843231563,2.9058500402437315,3.3560888112355935,2.9641673497024508,3.287677476454853
men,5,total_expectancy,96,Total,s1,2.738754947152821,2.736055273037027,2.5374012279190157,2.9643321148603756,2.58855358435586,2.895760853823894
men,5,total_expectancy,98,Total,s1,2.419444952320093,2.4167038956563243,2.232688596352917,2.6401346134342285,2.2775080756606854,2.5689933407588326
men,5,total_expectancy,100,Total,s1,2.157676492191389,2.153260893942017,1.981060140327061,2.3715323653521523,2.0228586443768806,2.3026278045114705
men,5,total_expectancy,102,Total,s1,1.9483210762238636,1.941745920023902,1.7780193460412426,2.1670847324240956,1.8178239248610273,2.0901090327941976
men,5,total_expectancy,104,Total,s1,1.7903270526350188,1.7794677172074305,1.6207422990837888,2.0280154037323346,1.6580683806578687,1.9397032469095714
men,5,total_expectancy,106,Total,s1,1.6988989248585447,1.6819320404571054,1.5157535893838212,1.986003636842647,1.5544680943633993,1.8693377820323422
men,5,total_expectancy,108,Total,s1,1.7644471448684362,1.7387258650936788,1.548713373183932,2.1425133646008914,1.5915823668652898,1.9769248979982903
men,5,total_expectancy,110,Total,s1,2.481994056955053,2.451954601796209,2.3074496188022122,2.8467134352124592,2.3398762848823074,2.672426663255157
men,5,total_expectancy,50,Total,s2,25.400607812568943,25.412933013531436,24.531358082541352,26.19115976093264,24.793443031076524,25.97658634119676
men,5,total_expectancy,52,Total,s2,24.95584702367533,24.958889506100306,24.41125746180483,25.454728318758818,24.581028218458396,25.325353368192427
men,5,total_expectancy,54,Total,s2,24.076967482372954,24.0789778921615,23.687195729647044,24.443502853409946,23.807434591659305,24.34992385388003
men,5,total_expectancy,56,Total,s2,22.94284566372253,22.943724422053535,22.623202753392956,23.250949661211585,22.714549241391747,23.17020907361472
men,5,total_expectancy,58,Total,s2,21.66904256415736,21.668976911834257,21.38080175588611,21.959936349745863,21.458222292340643,21.878817227364348
men,5,total_expectancy,60,Total,s2,20.325831843534058,20.32515447248059,20.046305931702996,20.61379549483606,20.11658222631388,20.534425856152378
men,5,total_expectancy,62,Total,s2,18.9552528778601,18.9550518650133,18.671404682256316,19.247667112679235,18.74395005759115,19.16733664441896
men,5,total_expectancy,64,Total,s2,17.58306935756688,17.58264463801654,17.293386776612106,17.87972854424789,17.367376787401117,17.79824853665089
men,5,total_expectancy,66,Total,s2,16.226067993401287,16.224926044286118,15.926717112949326,16.5299902469398,16.00833134085899,16.44539320793544
men,5,total_expectancy,68,Total,s2,14.896211828665288,14.894943391457044,14.594821829301791,15.206398152257307,14.672637860127711,15.120045874965967
men,5,total_expectancy,70,Total,s2,13.602907119127266,13.602097003017844,13.300214703259131,13.919048933010297,13.376715447336991,13.82967678434802
men,5,total_expectancy,72,Total,s2,12.35419304551179,12.35200884493333,12.05088646706897,12.67401833038435,12.128552699521132,12.58251328836462
men,5,total_expectancy,74,Total,s2,11.1573228581715,11.153856097674652,10.854928538488743,11.47644253252538,10.931630277142748,11.386155579102446
men,5,total_expectancy,76,Total,s2,10.018995091285978,10.015808455333042,9.713783244784933,10.33588749625588,9.795438620665303,10.246285606058729
men,5,total_expectancy,78,Total,s2,8.945375932134215,8.942106208863612,8.642620499268661,9.259403156823756,8.724895779018187,9.170230135197285
men,5,total_expectancy,80,Total,s2,7.941992299855195,7.938539995073009,7.646152230931256,8.251064216011907,7.725764752558425,8.162400675079446
men,5,total_expectancy,82,Total,s2,7.013545549596966,7.0102177066085,6.721205206467861,7.3132606838467975,6.802644137159364,7.227322479618
men,5,total_expectancy,84,Total,s2,6.1636837613185484,6.160158855493076,5.881536337958165,6.453861060819269,5.959276487857962,6.370916457282704
men,5,total_expectancy,86,Total,s2,5.394768112147409,5.3917059580740645,5.12335938147507,5.673534455556816,5.197112777295701,5.595005773592815
men,5,total_expectancy,88,Total,s2,4.707670713195199,4.704901393547377,4.4466839161871246,4.977807958451364,4.519721501597012,4.898677939434861
men,5,total_expectancy,90,Total,s2,4.101643531801127,4.099950143914513,3.853566656291585,4.360598793840694,3.923644882432275,4.283891732596055
men,5,total_expectancy,92,Total,s2,3.574296979834666,3.5725850746746834,3.341015129934851,3.8213223156816167,3.4065266977398054,3.7481604472782033
men,5,total_expectancy,94,Total,s2,3.1217194082163324,3.1195603763704023,2.905849538971615,3.356088507815727,2.9641669425193915,3.287677014105169
men,5,total_expectancy,96,Total,s2,2.738754803581058,2.7360550782772837,2.5374010394651525,2.9643317825775584,2.588553411594104,2.895760623298684
men,5,total_expectancy,98,Total,s2,2.4194449001217087,2.416703832724724,2.232688522390455,2.6401345565891328,2.277508031458102,2.5689932924099153
men,5,total_expectancy,100,Total,s2,2.1576764732747176,2.153260874053262,1.9810601355694135,2.371532329443872,2.022858629954701,2.3026277411539953
men,5,total_expectancy,102,Total,s2,1.948321069022305,1.9417459142932039,1.7780193380151967,2.1670847216994504,1.8178239206770541,2.0901090208188973
men,5,total_expectancy,104,Total,s2,1.7903270494213885,1.7794677149375704,1.620742297366711,2.028015392568565,1.6580683795510696,1.939703229300024
men,5,total_expectancy,106,Total,s2,1.6988989229622804,1.6819320397913433,1.5157535880397768,1.9860036258119536,1.5544680939443405,1.8693377774526434
men,5,total_expectancy,108,Total,s2,1.7644471434290672,1.738725864538197,1.5487133728671525,2.14251336070872,1.5915823664382647,1.976924887491585
men,5,total_expectancy,110,Total,s2,2.481994056200675,2.451954601318747,2.307449618697464,2.8467134337938376,2.3398762848489074,2.6724266603468814
men,5,total_expectancy,50,Total,s3,26.662773424255782,26.70092858510497,25.5800883157861,27.50418505811402,25.927899738121983,27.293763613068744
men,5,total_expectancy,52,Total,s3,25.46941321331522,25.490492288088138,24.774303056966566,26.050103177343587,24.9892276517962,25.899504385203727
men,5,total_expectancy,54,Total,s3,24.358086769875094,24.367269644825008,23.885173239290626,24.770010551683377,24.036793681462406,24.659896873040648
men,5,total_expectancy,56,Total,s3,23.103019779305242,23.107665565799962,22.751927682602687,23.431627645565477,22.858700655675975,23.337304905573195
men,5,total_expectancy,58,Total,s3,21.75982559284666,21.76113275898588,21.45464505861513,22.056201916121587,21.54372992768257,21.97221982985824
men,5,total_expectancy,60,Total,s3,20.376840898829833,20.377900538919913,20.081957457604588,20.66649055917401,20.1672882506207,20.586640369011214
men,5,total_expectancy,62,Total,s3,18.98370445931697,18.983784169075253,18.695875942594583,19.276125324986666,18.77372291445332,19.196038931550387
men,5,total_expectancy,64,Total,s3,17.598824197621646,17.598690698510495,17.307639999724163,17.897072300581115,17.38532995895986,17.81300210245639
men,5,total_expectancy,66,Total,s3,16.23471556265057,16.234183992010202,15.93584178627363,16.538354410007877,16.016379547692534,16.453622244307912
men,5,total_expectancy,68,Total,s3,14.900904222210483,14.900285703905253,14.599581529406505,15.21068593531018,14.677637716614493,15.124139099911968
men,5,total_expectancy,70,Total,s3,13.60541622191705,13.604535412366591,13.302489829070723,13.922035416563448,13.37936393127587,13.832394975891336
men,5,total_expectancy,72,Total,s3,12.355510685702578,12.353265137596185,12.052245976796678,12.675173454450697,12.129377496700318,12.584023287165786
men,5,total_expectancy,74,Total,s3,11.158000197457882,11.154581106006237,10.855470146063281,11.477226563147902,10.932279335673618,11.386836116345568
men,5,total_expectancy,76,Total,s3,10.019334913032388,10.016156504165231,9.71405009783212,10.336172053135076,9.79567288520189,10.246603652804525
men,5,total_expectancy,78,Total,s3,8.945541899139304,8.942266067178256,8.642765211672232,9.259583717863192,8.7250434333754,9.170420443922952
men,5,total_expectancy,80,Total,s3,7.942071047077765,7.938645878224108,7.646206913013015,8.251134893125688,7.7258225930751605,8.162417404689322
men,5,total_expectancy,82,Total,s3,7.013581795640034,7.010251703285888,6.7212254052334774,7.313291379901944,6.802656115191075,7.227333602844463
men,5,total_expectancy,84,Total,s3,6.163699931796144,6.160164644643229,5.881570996691328,6.453872539273464,5.959292831248103,6.3709425437773115
men,5,total_expectancy,86,Total,s3,5.394775102213647,5.391709497624909,5.123368702641656,5.673540146320548,5.1971110777801295,5.595012661386071
men,5,total_expectancy,88,Total,s3,4.7076736412507065,4.704905315838088,4.44668532868759,4.977811040767586,4.519724721904477,4.8986813459829355
men,5,total_expectancy,90,Total,s3,4.101644720778138,4.099950950488797,3.8535683770695757,4.3606001341500855,3.923645734282033,4.283893151236386
men,5,total_expectancy,92,Total,s3,3.5742974480803684,3.57258537459414,3.341015728117865,3.8213225093042196,3.4065268644682374,3.7481610774738536
men,5,total_expectancy,94,Total,s3,3.121719587188329,3.119560642424217,2.905849496221235,3.356088615264622,2.9641671276855672,3.2876771599824433
men,5,total_expectancy,96,Total,s3,2.738754870091875,2.736055182747764,2.5374011572152466,2.9643318614537213,2.588553424597068,2.8957606820802324
men,5,total_expectancy,98,Total,s3,2.41944492430106,2.416703851920671,2.232688550731895,2.6401345766409374,2.2775080488586967,2.5689933222157197
men,5,total_expectancy,100,Total,s3,2.157676482043593,2.153260883518283,1.9810601390836537,2.371532333627909,2.022858636127962,2.3026277727564644
men,5,total_expectancy,102,Total,s3,1.9483210723706108,1.9417459166706363,1.778019343435591,2.167084727387723,1.8178239217547336,2.0901090292833544
men,5,total_expectancy,104,Total,s3,1.7903270509251072,1.7794677162740462,1.6207422982644861,2.02801539579899,1.6580683800880927,1.9397032365933735
men,5,total_expectancy,106,Total,s3,1.6988989238561616,1.6819320401062168,1.5157535884564346,1.9860036300120956,1.5544680940319908,1.8693377793855834
men,5,total_expectancy,108,Total,s3,1.7644471441104397,1.7387258648379393,1.5487133730221152,2.1425133627305755,1.5915823666273972,1.9769248938436943
men,5,total_expectancy,110,Total,s3,2.4819940565581953,2.4519546014400317,2.307449618756511,2.8467134346429948,2.339876284861252,2.6724266613316163
men,5,total_expectancy,50,Total,s4,21.969503237477,22.031131624716735,19.191359126090774,24.350451080604646,19.99169855349598,23.765594040315268
men,5,total_expectancy,52,Total,s4,23.170488178720433,23.23161482272959,21.419878757789842,24.586482600562334,21.980736197840702,24.24028335525275
men,5,total_expectancy,54,Total,s4,23.13091528204435,23.17203318935526,21.99769788355906,24.00614404996605,22.39625286878033,23.795925288617386
men,5,total_expectancy,56,Total,s4,22.44062572673793,22.46636661255097,21.72770607607579,23.00344404398343,21.957753998090293,22.86388281721296
men,5,total_expectancy,58,Total,s4,21.402498888067115,21.416781952585943,20.93363471740964,21.80210947181123,21.070952142479072,21.69814096907582
men,5,total_expectancy,60,Total,s4,20.184470901201433,20.18834678957404,19.832843880729722,20.512756904802366,19.935101674796137,20.427954542538096
men,5,total_expectancy,62,Total,s4,18.880415930797284,18.88150268262705,18.571930247920104,19.1883864938719,18.65499848226428,19.104295667339805
men,5,total_expectancy,64,Total,s4,17.543593615986012,17.54278213773133,17.24578760163892,17.846239870344053,17.32625343454758,17.762976380785464
men,5,total_expectancy,66,Total,s4,16.205371311571994,16.20427033048523,15.903769172005113,16.512825747424287,15.986009429987776,16.42525623316222
men,5,total_expectancy,68,Total,s4,14.885457915657202,14.88501651430862,14.58284837731021,15.198107467813964,14.663292747772875,15.107806704093798
men,5,total_expectancy,70,Total,s4,13.59738683121713,13.596064071828666,13.293374210236486,13.913997842171646,13.370915927329667,13.823695564359829
men,5,total_expectancy,72,Total,s4,12.351402451893621,12.349135484452518,12.047711869526113,12.671010247199781,12.125902798710026,12.579735574798674
men,5,total_expectancy,74,Total,s4,11.155937908445262,11.152559720769204,10.85326013898673,11.47506900429891,10.929963328489892,11.384689638025591
men,5,total_expectancy,76,Total,s4,10.018322178959263,10.015094776266253,9.712991761026098,10.335492621859741,9.794794516126485,10.245681459023697
men,5,total_expectancy,78,Total,s4,8.945056606091972,8.94178970116114,8.642320713216902,9.259120231908948,8.724598968936947,9.170009950106047
men,5,total_expectancy,80,Total,s4,7.941844576738519,7.938419956648218,7.646063394672595,8.250856615445656,7.7257234266575106,8.162214281495583
men,5,total_expectancy,82,Total,s4,7.013479017401732,7.010177521861402,6.721131925306195,7.313251068991306,6.802576044149931,7.22726308435471
men,5,total_expectancy,84,Total,s4,6.163654610299847,6.16013361701745,5.881464878327378,6.4538131774855,5.9592509574603545,6.37088790930669
men,5,total_expectancy,86,Total,s4,5.394755690355448,5.3916882103141335,5.12335784234427,5.673528293934642,5.197093442186121,5.594995779189528
men,5,total_expectancy,88,Total,s4,4.707665565322473,4.704892540488754,4.446681845107269,4.977798052107361,4.51970828201813,4.8986741846519815
men,5,total_expectancy,90,Total,s4,4.101641456693797,4.099946865712187,3.8535645956406888,4.360598467944947,3.9236415599106453,4.283891719732763
men,5,total_expectancy,92,Total,s4,3.5742961661289843,3.572584683901444,3.3410147632173604,3.8213217721625226,3.406525922503702,3.7481597869423084
men,5,total_expectancy,94,Total,s4,3.1217190977719005,3.1195602999636107,2.9058485787631376,3.3560879237051955,2.9641665705201596,3.2876760986926015
men,5,total_expectancy,96,Total,s4,2.7387546882168836,2.73605489351372,2.5374009571430087,2.9643314674399197,2.5885531964248214,2.895760296029333
men,5,total_expectancy,98,Total,s4,2.419444858152132,2.41670371942098,2.232688406630828,2.640134467102086,2.277507975926433,2.5689932605932886
men,5,total_expectancy,100,Total,s4,2.157676458058468,2.1532608594713682,1.9810601339790637,2.3715322655448876,2.0228586175398116,2.302627724688947
men,5,total_expectancy,102,Total,s4,1.9483210632377523,1.9417459081297181,1.7780193325424056,2.1670847138379115,1.8178239179432354,2.0901090094219303
men,5,total_expectancy,104,Total,s4,1.790327046853282,1.77946771421823,1.6207422955419657,2.0280153835455543,1.6580683785918886,1.9397032162437688
men,5,total_expectancy,106,Total,s4,1.6988989214580108,1.681932039265643,1.515753585028427,1.986003619581595,1.5544680933411876,1.869337771454831
men,5,total_expectancy,108,Total,s4,1.7644471422924866,1.738725864339739,1.5487133727043239,2.142513359414012,1.5915823660900887,1.9769248828011692
men,5,total_expectancy,110,Total,s4,2.4819940556057114,2.451954600629203,2.307449618578535,2.8467134333646293,2.3398762848142978,2.672426660136816
men,5,pct_remaining,50,1 Functional,population,83.02714481447944,83.02860631075795,82.54417178688692,83.49274268643155,82.67741472618009,83.37518831770036
men,5,pct_remaining,52,1 Functional,population,82.54945484562876,82.55027349288223,82.04558962318062,83.03492813081876,82.18910620806656,82.90958133120911
men,5,pct_remaining,54,1 Functional,population,82.0729666604351,82.07102388201847,81.56352610534348,82.57153669090447,81.71167819661737,82.42963236904035
men,5,pct_remaining,56,1 Functional,population,81.55435165667238,81.55323350110221,81.03632128097632,82.06063567415933,81.1839300388262,81.91657741451203
men,5,pct_remaining,58,1 Functional,population,80.96614153069294,80.96659245281184,80.4255184508172,81.48867404495671,80.5815384816724,81.34236231854845
men,5,pct_remaining,60,1 Functional,population,80.28951974438401,80.29018360333787,79.71438496272697,80.84736633540624,79.88068832954166,80.69062623536014
men,5,pct_remaining,62,1 Functional,population,79.50963372405828,79.50923036862943,78.87217189212495,80.12319893194207,79.06218771146885,79.94358153895298
men,5,pct_remaining,64,1 Functional,population,78.61275445810816,78.61489199916113,77.91187390150499,79.29503026320315,78.11810671254877,79.09195240115767
men,5,pct_remaining,66,1 Functional,population,77.58455630073395,77.58969061553762,76.80024259807394,78.35402235791979,77.03627806110197,78.12152955280555
men,5,pct_remaining,68,1 Functional,population,76.40904391062081,76.41340879533406,75.52683939624197,77.27491098454243,75.79911927124013,77.0043727056535
men,5,pct_remaining,70,1 Functional,population,75.06785062727164,75.07064133655226,74.07716219564136,76.03888628316948,74.3779888136201,75.7394988600093
men,5,pct_remaining,72,1 Functional,population,73.53976838031555,73.54279641006565,72.42158151928982,74.63334339423885,72.76301631042935,74.29560013506908
men,5,pct_remaining,74,1 Functional,population,71.80046694697896,71.80888236854338,70.53219706654065,73.01918776374039,70.9252949197559,72.65070414866987
men,5,pct_remaining,76,1 Functional,population,69.82244106340778,69.83853514171678,68.39096836973071,71.20196870969552,68.83192641002776,70.78173322935882
men,5,pct_remaining,78,1 Functional,population,67.57530372143714,67.58482442119103,65.94511604532968,69.13679712844508,66.44604100539821,68.67877159375502
men,5,pct_remaining,80,1 Functional,population,65.0266336189999,65.03792220410006,63.18419787106664,66.7941054796333,63.72734597121364,66.28734252056198
men,5,pct_remaining,82,1 Functional,population,62.14368624043023,62.1534816334882,60.0465468352115,64.16682683600483,60.66122386904524,63.585702797078135
men,5,pct_remaining,84,1 Functional,population,58.8963767768616,58.90150954528113,56.53215640657455,61.21727010231849,57.21303480277139,60.53571904189831
men,5,pct_remaining,86,1 Functional,population,55.26199277485473,55.25695551246538,52.57071753047947,57.89414319032234,53.33863373192973,57.13778903621702
men,5,pct_remaining,88,1 Functional,population,51.23199752844146,51.226663924179064,48.137109592492884,54.2077866516605,49.036642274691665,53.3680862319511
men,5,pct_remaining,90,1 Functional,population,46.82088395139213,46.82385106861741,43.343251473387824,50.20497843575479,44.34762516077398,49.19958178410062
men,5,pct_remaining,92,1 Functional,population,42.076155791506224,42.057325209284414,38.25429292284211,45.831955021487865,39.34583947326071,44.756801809014505
men,5,pct_remaining,94,1 Functional,population,37.08710306840911,37.07182472291389,32.94904175416717,41.197314841740734,34.1458505183539,40.02356377622303
men,5,pct_remaining,96,1 Functional,population,31.988463368684656,31.981370245453256,27.631619499293333,36.37671602241162,28.863655755560515,35.12212625127175
men,5,pct_remaining,98,1 Functional,population,26.95431395841338,26.927200773520376,22.475476762253823,31.5428150195026,23.731884328850587,30.176405705462887
men,5,pct_remaining,100,1 Functional,population,22.178986332234874,22.129358798865162,17.755308020242616,26.863656051822765,18.982756111272924,25.420800076691457
men,5,pct_remaining,102,1 Functional,population,17.846117506490724,17.7963922378687,13.643933169115833,22.394091270677933,14.780193071390066,21.016355433737537
men,5,pct_remaining,104,1 Functional,population,14.093205797295001,14.027985492672446,10.21965112131163,18.391977797151085,11.255757906116614,17.12086294754556
men,5,pct_remaining,106,1 Functional,population,10.988392380151103,10.892821199092435,7.466954990888244,15.053245527000081,8.356091152386549,13.812822770145024
men,5,pct_remaining,108,1 Functional,population,8.578696832935035,8.446163247257815,5.376305813550032,12.583474817647776,6.178147363028358,11.274901609122196
men,5,pct_remaining,110,1 Functional,population,7.187819021333051,7.007907948948233,4.170758962154762,11.274179699962275,4.885499264451859,9.828938886897731
men,5,pct_remaining,50,2 Physical only,population,12.722731916959384,12.721818651453725,12.31543643694563,13.132100261985471,12.42773118356116,13.019134957140421
men,5,pct_remaining,52,2 Physical only,population,12.96813207046201,12.966336714485111,12.552680878239919,13.388170931544845,12.661998588403135,13.272785717545297
men,5,pct_remaining,54,2 Physical only,population,13.19240517771201,13.191695380070925,12.779825585703072,13.609586571331187,12.883572144389763,13.49477696170361
men,5,pct_remaining,56,2 Physical only,population,13.434458030434575,13.434261702139485,13.020048369344785,13.861634649688849,13.126941805899182,13.737256556407583
men,5,pct_remaining,58,2 Physical only,population,13.716547107626706,13.717604568594993,13.278019383086361,14.165456471720333,13.398303162654651,14.028879759521432
men,5,pct_remaining,60,2 Physical only,population,14.052090786816475,14.052844227539332,13.581574522521603,14.534632800731533,13.711759905694768,14.38912535706191
men,5,pct_remaining,62,2 Physical only,population,14.45011927046511,14.44965036847872,13.93039911341504,14.982416891120307,14.07625567138418,14.823155192090054
men,5,pct_remaining,64,2 Physical only,population,14.917823721979689,14.913079422061976,14.330087030668528,15.511508284682273,14.500914825427834,15.336179013068593
men,5,pct_remaining,66,2 Physical only,population,15.46199468177858,15.455688714991808,14.806137343325478,16.126459475682783,14.996739999106623,15.936448164242481
men,5,pct_remaining,68,2 Physical only,population,16.089809621472224,16.08843526748603,15.351775846699622,16.839604551128108,15.56452886929582,16.623205179747387
men,5,pct_remaining,70,2 Physical only,population,16.80922830046609,16.805381680298638,15.973413104110948,17.65815230824904,16.21211357576872,17.419150712424102
men,5,pct_remaining,72,2 Physical only,population,17.629125000390104,17.625162671945564,16.683778299066695,18.594309663617338,16.95424466856219,18.322456960261707
men,5,pct_remaining,74,2 Physical only,population,18.5591986747023,18.554769842702314,17.498582417489015,19.652548304247368,17.795232692956272,19.3408666038534
men,5,pct_remaining,76,2 Physical only,population,19.60963623414597,19.603804235477988,18.407058271764072,20.851790626140655,18.740633084284376,20.505671631884706
men,5,pct_remaining,78,2 Physical only,population,20.79044822759921,20.784387643994343,19.41882651272163,22.202119433229473,19.793122452360453,21.815406967462266
men,5,pct_remaining,80,2 Physical only,population,22.11034415844043,22.102958058184573,20.54871526609635,23.73074587106993,20.961200470473404,23.291597866389974
men,5,pct_remaining,82,2 Physical only,population,23.574969018800793,23.56094643320205,21.787998246951656,25.47005611136776,22.25068085048808,24.937693347911168
men,5,pct_remaining,84,2 Physical only,population,25.1842988920066,25.162005110587184,23.104441673475655,27.399718941123947,23.647550261028133,26.770249885163715
men,5,pct_remaining,86,2 Physical only,population,26.929028054965936,26.90749092122074,24.512889801788322,29.49974093743221,25.150208503657147,28.753178544862436
men,5,pct_remaining,88,2 Physical only,population,28.785937081184162,28.768278255114325,25.952660813065528,31.801116559717023,26.707990489302254,30.921636104187396
men,5,pct_remaining,90,2 Physical only,population,30.712596872002656,30.693803427390012,27.40743328631454,34.24804159713948,28.275202227605483,33.21674672078591
men,5,pct_remaining,92,2 Physical only,population,32.64240041406274,32.61964898386371,28.7439173444053,36.80813475088164,29.756437605720826,35.56869337916806
men,5,pct_remaining,94,2 Physical only,population,34.4817526545418,34.4660644065263,29.910001973994582,39.366369969196576,31.10859536275158,37.94136767496224
men,5,pct_remaining,96,2 Physical only,population,36.11193320381019,36.076477172907936,30.69053801282945,41.740358420744215,32.128324348825906,40.157467451742875
men,5,pct_remaining,98,2 Physical only,population,37.39799042943661,37.33584493272393,30.97989765430369,44.09273543252064,32.68401297599147,42.1194564223329
men,5,pct_remaining,100,2 Physical only,population,38.205345440517114,38.136048993826435,30.596023195966115,46.13856541965188,32.61210974044912,43.75622313175683
men,5,pct_remaining,102,2 Physical only,population,38.421692486977705,38.36870471233439,29.25413934487913,47.81007780535511,31.826472905625252,45.149343425647054
men,5,pct_remaining,104,2 Physical only,population,37.979131563219404,37.92672945213572,26.95109519968875,49.06134008030428,30.104104612380414,45.91352601376263
men,5,pct_remaining,106,2 Physical only,population,36.876260669032675,36.8423062498896,23.799572871825042,50.004195685905344,27.569027134968582,46.15983541599823
men,5,pct_remaining,108,2 Physical only,population,35.256336570699865,35.260235027350376,20.19653047077149,50.62983704195824,24.509368224888316,46.085003325088245
men,5,pct_remaining,110,2 Physical only,population,33.82192248672716,33.765479275900226,17.40424642359095,50.854598097767834,21.887509456206807,45.873348768710414
men,5,pct_remaining,50,3 Cognitive only,population,1.9454696017712763,1.94252088593946,1.7933504935582993,2.1084515782679145,1.835099191607341,2.062400087285619
men,5,pct_remaining,52,3 Cognitive only,population,2.0445275472065276,2.041312690197573,1.8816086669489775,2.218734786228526,1.9268194699882235,2.169715905167208
men,5,pct_remaining,54,3 Cognitive only,population,2.153459850129909,2.1495738324046147,1.9778379711312137,2.3406202203452113,2.0264241828267333,2.286225307919242
men,5,pct_remaining,56,3 Cognitive only,population,2.273216968201526,2.2691976931356628,2.0840380850098494,2.4766201272880104,2.137466965941278,2.4152146944875663
men,5,pct_remaining,58,3 Cognitive only,population,2.405661615766571,2.401299013333932,2.201898513618331,2.6283152126030664,2.2574602480315042,2.561540469341653
men,5,pct_remaining,60,3 Cognitive only,population,2.5526793933535106,2.547024346893135,2.329070132472201,2.797298888090894,2.39062386511283,2.723893721370479
men,5,pct_remaining,62,3 Cognitive only,population,2.7162338273449866,2.71093525052747,2.469215320802728,2.9895746712780893,2.5353849600613305,2.9050362738351665
men,5,pct_remaining,64,3 Cognitive only,population,2.898465954996992,2.8930080477331153,2.6244789810185374,3.2019512325784767,2.696741262681781,3.1075618651221326
men,5,pct_remaining,66,3 Cognitive only,population,3.101766113609358,3.095363281043131,2.795910318682729,3.4429521264891876,2.8771601266980142,3.3354177935446496
men,5,pct_remaining,68,3 Cognitive only,population,3.328820805057772,3.322693708818532,2.987117029148734,3.712866268281322,3.076272526097941,3.5905854424754198
men,5,pct_remaining,70,3 Cognitive only,population,3.5826383182238444,3.574853442309971,3.1970594910654064,4.015648837547776,3.2972631297693407,3.8773650602201593
men,5,pct_remaining,72,3 Cognitive only,population,3.8665500187353135,3.857516617286713,3.4278687122466174,4.354478417175398,3.541594728103036,4.202883745037971
men,5,pct_remaining,74,3 Cognitive only,population,4.184176612699842,4.172740308510534,3.6813502996551017,4.74187620005888,3.8117548035009747,4.570241670524429
men,5,pct_remaining,76,3 Cognitive only,population,4.539340214001694,4.527939033954889,3.9618291786164814,5.178293653387443,4.112290562473187,4.9842366482324625
men,5,pct_remaining,78,3 Cognitive only,population,4.935893377713346,4.923093246290615,4.2852868558967545,5.678559885428687,4.443204028305143,5.45393494777101
men,5,pct_remaining,80,3 Cognitive only,population,5.377426288831351,5.362859889425477,4.616801471709596,6.246089688066423,4.807984354180682,5.980805783065429
men,5,pct_remaining,82,3 Cognitive only,population,5.866806515777149,5.850146976719008,4.977387481012881,6.888101733246184,5.197585899915803,6.574267881810343
men,5,pct_remaining,84,3 Cognitive only,population,6.405510463264029,6.385725393532954,5.360187563330254,7.6156048691444225,5.617215844365049,7.237930597229743
men,5,pct_remaining,86,3 Cognitive only,population,6.99273771104369,6.962922344006064,5.758314942293498,8.446281655172697,6.0601140940918885,7.990845677560875
men,5,pct_remaining,88,3 Cognitive only,population,7.6243832619697045,7.589628975815023,6.155662222915495,9.364952363503594,6.522231579015855,8.828654585741006
men,5,pct_remaining,90,3 Cognitive only,population,8.292105439271845,8.247510494301796,6.545652927702948,10.4088141748569,6.976366847698596,9.733611135816867
men,5,pct_remaining,92,3 Cognitive only,population,8.982975997208213,8.915260799324768,6.893227295060306,11.562284048502455,7.400675466922663,10.73273334252404
men,5,pct_remaining,94,3 Cognitive only,population,9.680475866786372,9.578630437963032,7.195112022309501,12.857279071153929,7.783160921357849,11.8166001174757
men,5,pct_remaining,96,3 Cognitive only,population,10.36772978049827,10.213808029748886,7.359266261628684,14.310863937909424,8.104182987219572,12.981316168643533
men,5,pct_remaining,98,3 Cognitive only,population,11.033566777444731,10.80220668484078,7.420153333063319,15.945363625344926,8.303454331491505,14.248322832643714
men,5,pct_remaining,100,3 Cognitive only,population,11.680977431504937,11.350285735686526,7.376677232290199,17.885391022365884,8.381578914898606,15.67319162942182
men,5,pct_remaining,102,3 Cognitive only,population,12.335742589920393,11.838137624530992,7.191194889268146,20.379528352369018,8.317248178223425,17.367439138337538
men,5,pct_remaining,104,3 Cognitive only,population,13.050361799526234,12.296293013700986,6.879343968910332,23.512030046565254,8.111020453900109,19.589264459650774
men,5,pct_remaining,106,3 Cognitive only,population,13.892242749722119,12.767772429074103,6.474802623224625,27.794961885241374,7.8262260218790995,22.342430308129256
men,5,pct_remaining,108,3 Cognitive only,population,14.874132538605176,13.299262382754618,5.9877384263427444,32.93296527169842,7.500724211334896,25.600356737765377
men,5,pct_remaining,110,3 Cognitive only,population,15.698148738442548,13.715812189655265,5.606123631224026,37.306637268630546,7.247644490095821,28.2220030654732
men,5,pct_remaining,50,4 Both,population,2.3046536667899025,2.302774504191066,2.1256175377961215,2.5034897777882983,2.1770128114919043,2.439491985703727
men,5,pct_remaining,52,4 Both,population,2.4378855367026975,2.4355482846190566,2.2454915437920926,2.6512277983058485,2.3003660778539583,2.5824768223604804
men,5,pct_remaining,54,4 Both,population,2.5811683117229762,2.5780159484234355,2.37396159499959,2.806843211008536,2.4335206413242148,2.7364354133752915
men,5,pct_remaining,56,4 Both,population,2.737973344691511,2.7343943462892253,2.512166170910705,2.9823201122523124,2.57785603188363,2.90645179176642
men,5,pct_remaining,58,4 Both,population,2.91164974591378,2.9076541963548532,2.6660539879039327,3.17827876624702,2.73750724272702,3.0952324374606275
men,5,pct_remaining,60,4 Both,population,3.1057100754459994,3.1013716582589486,2.836566855766821,3.398208608061045,2.9141891520244205,3.3078780666946708
men,5,pct_remaining,62,4 Both,population,3.3240131781316316,3.3190852354287244,3.0281231657159813,3.6497953938680197,3.1117757456036887,3.5476428060922256
men,5,pct_remaining,64,4 Both,population,3.5709558649151676,3.5656314977377175,3.242388829320635,3.9359472913483438,3.3346772351160427,3.8198712681502847
men,5,pct_remaining,66,4 Both,population,3.8516829038781117,3.844515024232745,3.483939976541006,4.262361159158629,3.586023789615971,4.129715508485492
men,5,pct_remaining,68,4 Both,population,4.172325662849196,4.164949751345918,3.7587498219575712,4.635087744118428,3.8717003412081734,4.487133197047003
men,5,pct_remaining,70,4 Both,population,4.5402827540384285,4.532334728362638,4.072953607226156,5.0672232817437575,4.1987760559396925,4.897969932657487
men,5,pct_remaining,72,4 Both,population,4.964556600559035,4.955577274720486,4.428111195928387,5.565740576614819,4.57671559271494,5.373163996667965
men,5,pct_remaining,74,4 Both,population,5.456157765618894,5.445643644150636,4.8375861412553,6.150230778470968,5.008831832818893,5.9263764974688264
men,5,pct_remaining,76,4 Both,population,6.028582488444556,6.017457813340579,5.314749846527797,6.838441936400922,5.504844366838535,6.5753367180135225
men,5,pct_remaining,78,4 Both,population,6.698354673250309,6.680806085865283,5.865217656604533,7.638888943460923,6.087334841677356,7.335207044488378
men,5,pct_remaining,80,4 Both,population,7.48559593372832,7.463726818658278,6.524608502214063,8.59640654618003,6.773439398705045,8.23884946346551
men,5,pct_remaining,82,4 Both,population,8.414538224991832,8.387019754233297,7.280370555142985,9.737758448161198,7.565527541712214,9.312404359268578
men,5,pct_remaining,84,4 Both,population,9.513813867867773,9.47538877497741,8.15638717921036,11.090671985108012,8.491580187890104,10.589611343646848
men,5,pct_remaining,86,4 Both,population,10.816241459135641,10.768910939036473,9.171857946832219,12.712859833689746,9.574850401058612,12.115819676506176
men,5,pct_remaining,88,4 Both,population,12.357682128404672,12.302547959960012,10.349819571960305,14.65169966630659,10.84808516048917,13.934241318115143
men,5,pct_remaining,90,4 Both,population,14.174413737333367,14.107801107708958,11.726990847715246,16.9848041106603,12.32909962039613,16.111992431447064
men,5,pct_remaining,92,4 Both,population,16.298467797222823,16.21710352144689,13.2927784145863,19.748945804677746,14.07374221326358,18.668125732076156
men,5,pct_remaining,94,4 Both,population,18.75066841026272,18.659451988027605,15.104458511119319,23.02801583659102,16.01621018250503,21.666782287288804
men,5,pct_remaining,96,4 Both,population,21.531873647006883,21.44455829382452,17.016733827524863,26.72857601067376,18.177963622631786,25.09965302893763
men,5,pct_remaining,98,4 Both,population,24.61412883470528,24.49493092867172,19.13941046964468,30.95961469507059,20.508670221028897,28.949383030532026
men,5,pct_remaining,100,4 Both,population,27.934690795743073,27.78280347176171,21.298127557372826,35.52698254705011,22.98201099922804,33.166281797131596
men,5,pct_remaining,102,4 Both,population,31.39644741661118,31.228788620765847,23.481316402514636,40.369028725558685,25.443045382198044,37.65700656204947
men,5,pct_remaining,104,4 Both,population,34.87730083995936,34.69557815426637,25.470950631664742,45.324904529890446,27.850003301719813,42.16886194374563
men,5,pct_remaining,106,4 Both,population,38.2431042010941,38.06099807101813,27.034196388900885,50.38514307481603,29.921889572598715,46.74017866661067
men,5,pct_remaining,108,4 Both,population,41.29083405775992,41.194129044411675,27.805384968725537,55.196909747058,31.616955506479073,51.10887997477757
men,5,pct_remaining,110,4 Both,population,43.29210975349724,43.19192880276063,28.205185098152754,58.57970973532348,32.48464222829496,54.17969650763727
men,5,pct_remaining,50,1 Functional,s1,84.14016192272261,84.1401834636655,83.67900339936932,84.58536401601755,83.80730575339713,84.46992010297852
men,5,pct_remaining,52,1 Functional,s1,83.16221747914759,83.16196540560486,82.67680764899166,83.6302354848394,82.81385363403231,83.5077660117984
men,5,pct_remaining,54,1 Functional,s1,82.41065755619027,82.40995008057567,81.91058349483461,82.89787534845061,82.05678619218342,82.75984725521894
men,5,pct_remaining,56,1 Functional,s1,81.7403725261451,81.74018261861546,81.2239712745217,82.23924540351064,81.3748240858397,82.09749679661454
men,5,pct_remaining,58,1 Functional,s1,81.06865878886208,81.0692837766937,80.52671712858566,81.58701899652061,80.68513475607159,81.4443852816221
men,5,pct_remaining,60,1 Functional,s1,80.34610688553143,80.34641357583666,79.77121503080282,80.90641685440389,79.93825764854508,80.74604432252035
men,5,pct_remaining,62,1 Functional,s1,79.54094422478755,79.54061864160833,78.90294782213596,80.15419845878985,79.09323420438032,79.97637061131152
men,5,pct_remaining,64,1 Functional,s1,78.63012649408498,78.6325213797271,77.92853997417755,79.31296000042188,78.13601927045269,79.11005616960315
men,5,pct_remaining,66,1 Functional,s1,77.5942181818838,77.59986457992063,76.80904768196386,78.36439092183252,77.04532694923752,78.13089596801026
men,5,pct_remaining,68,1 Functional,s1,76.41442542767597,76.41839701306814,75.53243952831865,77.27975395233973,75.80443084164608,77.01052931973263
men,5,pct_remaining,70,1 Functional,s1,75.07084778969943,75.07377854637056,74.0796226510256,76.04331674110612,74.38044416391618,75.74285223171591
men,5,pct_remaining,72,1 Functional,s1,73.54143412856413,73.5444577018755,72.42270325308162,74.63474976780111,72.76482226999495,74.29712963054696
men,5,pct_remaining,74,1 Functional,s1,71.8013886596137,71.80969668520412,70.53353646999344,73.0200800067397,70.9260442374433,72.65179332904196
men,5,pct_remaining,76,1 Functional,s1,69.82294756905024,69.83908235642053,68.39142314027396,71.2024030311102,68.83247340409727,70.78212660634462
men,5,pct_remaining,78,1 Functional,s1,67.5755794356219,67.58509279726883,65.94532287697076,69.137015065060055,66.44627901766012,68.67911988556872
men,5,pct_remaining,80,1 Functional,s1,65.02678190390397,65.03806760190571,63.18435881174248,66.79430531483948,63.72748943452154,66.28748735628389
men,5,pct_remaining,82,1 Functional,s1,62.14376483063079,62.153542779450355,60.046627596880406,64.16687616781049,60.66131166003817,63.58578299508469
men,5,pct_remaining,84,1 Functional,s1,58.89641771340022,58.901558165957354,56.532193688974665,61.21732508906573,57.21307452513933,60.53575955001582
men,5,pct_remaining,86,1 Functional,s1,55.26201367152812,55.25697649852401,52.57073475397031,57.894164343235815,53.338656840455364,57.137806644064945
men,5,pct_remaining,88,1 Functional,s1,51.232007948221394,51.226672864315695,48.13711608850101,54.20779833198718,49.03665330052189,53.368099600782955
men,5,pct_remaining,90,1 Functional,s1,46.8208890072972,46.82385552516287,43.34325896326181,50.204983998200234,44.34763073918926,49.19958449947323
men,5,pct_remaining,92,1 Functional,s1,42.07615816781892,42.057326610306674,38.254294808386206,45.83195605006793,39.345841960698046,44.75680415247209
men,5,pct_remaining,94,1 Functional,s1,37.087104144302565,37.071825847841865,32.94904312759812,41.197316057640215,34.145851437669805,40.023564549105394
men,5,pct_remaining,96,1 Functional,s1,31.98846383488762,31.98137076410472,27.631619955149045,36.376716420922115,28.863656348644337,35.12212662160813
men,5,pct_remaining,98,1 Functional,s1,26.954314150384707,26.927200983628897,22.47547693423503,31.54281517622321,23.731884570653264,30.17640590021659
men,5,pct_remaining,100,1 Functional,s1,22.178986406878355,22.129358878037003,17.75530823060037,26.863656176536324,18.982756257332415,25.420800088597474
men,5,pct_remaining,102,1 Functional,s1,17.846117533852112,17.796392264184313,13.643933183203272,22.394091278759344,14.780193121702656,21.01635545400809
men,5,pct_remaining,104,1 Functional,s1,14.093205806879167,14.027985496558346,10.21965111868742,18.391977818061182,11.255757905059587,17.12086295810296
men,5,pct_remaining,106,1 Functional,s1,10.988392383525145,10.892821200560117,7.466954999382712,15.053245527741732,8.356091155193585,13.812822771488564
men,5,pct_remaining,108,1 Functional,s1,8.578696834280228,8.446163249050395,5.376305814019178,12.583474818572887,6.178147362875188,11.274901609529199
men,5,pct_remaining,110,1 Functional,s1,7.187819022105417,7.00790794876009,4.170758961956153,11.274179700003394,4.885499263477579,9.828938887152972
men,5,pct_remaining,50,2 Physical only,s1,11.739897170208346,11.7417645323665,11.359662589347222,12.126273590227132,11.462059492930015,12.019541717084678
men,5,pct_remaining,52,2 Physical only,s1,12.431550742902965,12.432745326374317,12.03408129586395,12.834513359971597,12.1397031231119,12.722086770962896
men,5,pct_remaining,54,2 Physical only,s1,12.90121109783307,12.902102733825535,12.497667495099114,13.311128797605134,12.605445874146454,13.195639998970702
men,5,pct_remaining,56,2 Physical only,s1,13.2770701596451,13.276678013182961,12.869795220818434,13.699878361821488,12.971622383494699,13.576799884318536
men,5,pct_remaining,58,2 Physical only,s1,13.631680313509348,13.631090441457467,13.198203467253036,14.078188273670298,13.315868338047665,13.942721816760624
men,5,pct_remaining,60,2 Physical only,s1,14.00636168501306,14.006043186574013,13.53774625526905,14.488905188192781,13.664740306386635,14.342496657194145
men,5,pct_remaining,62,2 Physical only,s1,14.425460586824055,14.424237705802025,13.90514107517669,14.957515370144133,14.052514965131651,14.798766819739015
men,5,pct_remaining,64,2 Physical only,s1,14.90450183394082,14.899800991307236,14.317154284760743,15.499372370206283,14.487642849501157,15.323300522672284
men,5,pct_remaining,66,2 Physical only,s1,15.454778805181267,15.448705250935928,14.79885017709815,16.118792905285805,14.989730244994615,15.92871212737773
men,5,pct_remaining,68,2 Physical only,s1,16.08589012542576,16.084595831357472,15.347427362412224,16.83535052069434,15.559855043334439,16.6197384200422
men,5,pct_remaining,70,2 Physical only,s1,16.807094013765557,16.80316642258441,15.971344195793582,17.65615558232978,16.21000916124682,17.417163040258878
men,5,pct_remaining,72,2 Physical only,s1,17.627960857384867,17.624093082065727,16.68264544878164,18.593287166679897,16.953111021682346,18.321455009233162
men,5,pct_remaining,74,2 Physical only,s1,18.55856340797022,18.554116783960215,17.49791406412031,19.652063798067708,17.79447583402029,19.34036254009053
men,5,pct_remaining,76,2 Physical only,s1,19.609289958492916,19.603495815902672,18.406743018064486,20.851489696633944,18.74022426550607,20.50544334410063
men,5,pct_remaining,78,2 Physical only,s1,20.790260026965115,20.78422863198691,19.418742526835413,22.201914402044654,19.792952077648586,21.815167169909603
men,5,pct_remaining,80,2 Physical only,s1,22.11024236713901,22.10285721062364,20.54861458108034,23.730631632651832,20.961066148701974,23.29151759392739
men,5,pct_remaining,82,2 Physical only,s1,23.5749143384373,23.560874808830487,21.787961195795926,25.469998411031764,22.25062996363165,24.937628137696812
men,5,pct_remaining,84,2 Physical only,s1,25.18426977422595,25.16197018114123,23.10441866179904,27.399688208460088,23.647522793269424,26.770213718799436
men,5,pct_remaining,86,2 Physical only,s1,26.929012709829724,26.907475487436297,24.51287533956657,29.4997267437821,25.15019523086522,28.753162862359815
men,5,pct_remaining,88,2 Physical only,s1,28.785929087266794,28.76826916835325,25.95265280731013,31.801107107346493,26.707982434552445,30.921625818089897
men,5,pct_remaining,90,2 Physical only,s1,30.71259275678465,30.693799530989956,27.407429326733727,34.24803759021077,28.27519907584637,33.21674183811607
men,5,pct_remaining,92,2 Physical only,s1,32.64239831821117,32.61964735907483,28.74391597596778,36.80813214863518,29.75643534104201,35.56869162089163
men,5,pct_remaining,94,2 Physical only,s1,34.48175159503742,34.46606365851349,29.910001548823587,39.36636883031116,31.10859466370316,37.94136690535885
men,5,pct_remaining,96,2 Physical only,s1,36.111932668802595,36.07647686437379,30.69053750501046,41.740357754903414,32.128323952097105,40.15746695261399
men,5,pct_remaining,98,2 Physical only,s1,37.397990156946776,37.335844780111735,30.97989740233298,44.09273520072549,32.68401276870083,42.11945614200373
men,5,pct_remaining,100,2 Physical only,s1,38.205345298810315,38.13604883690985,30.596023091781312,46.13856531650038,32.61210969409645,43.756223082745905
men,5,pct_remaining,102,2 Physical only,s1,38.42169241085453,38.36870462578385,29.254139258342892,47.810077718527644,31.826472850627056,45.149343391890454
men,5,pct_remaining,104,2 Physical only,s1,37.979131520760234,37.926729428341694,26.951095166422544,49.06134003004493,30.104104570173664,45.91352598021963
men,5,pct_remaining,106,2 Physical only,s1,36.87626064464252,36.84230617126103,23.799572864764947,50.00419567093799,27.56902712170705,46.1598354017368
men,5,pct_remaining,108,2 Physical only,s1,35.25633655648135,35.26023498741907,20.19653045367406,50.62983700192441,24.50936820401498,46.08500332191061
men,5,pct_remaining,110,2 Physical only,s1,33.82192247735352,33.765479275348994,17.40424642240678,50.85459807460607,21.88750944369306,45.87334874755927
men,5,pct_remaining,50,3 Cognitive only,s1,1.8954076367754606,1.8922792039477463,1.7455329618224646,2.055524468529486,1.7859984301793974,2.010628663195342
men,5,pct_remaining,52,3 Cognitive only,s1,2.0226092148992016,2.0187771263244008,1.8618246686822548,2.1950114026238916,1.9052852576956392,2.146249189603981
men,5,pct_remaining,54,3 Cognitive only,s1,2.142466805601539,2.1383066593436175,1.9689117951148682,2.32845568726823,2.01652704133518,2.2744307971524322
men,5,pct_remaining,56,3 Cognitive only,s1,2.2675223627651526,2.263153043891908,2.079442200958254,2.470836718231339,2.131715925112165,2.4096156262843236
men,5,pct_remaining,58,3 Cognitive only,s1,2.4027024122143574,2.398140175512042,2.1992757837603065,2.624935004424123,2.254459027284974,2.5581258654685177
men,5,pct_remaining,60,3 Cognitive only,s1,2.5511550678011634,2.5454807789641163,2.327858681962045,2.795585139280406,2.389089167796987,2.721909080233712
men,5,pct_remaining,62,3 Cognitive only,s1,2.715462968868138,2.7103912676332635,2.4683963066272625,2.988276986447524,2.5345210359573107,2.904203253747354
men,5,pct_remaining,64,3 Cognitive only,s1,2.8980882013568467,2.8927548189038097,2.624116762819476,3.2015967059216113,2.6964605046458385,3.1070292005909135
men,5,pct_remaining,66,3 Cognitive only,s1,3.101590681716874,3.0951939447731096,2.7956575760882103,3.442862928582698,2.876909874109169,3.3351868459685186
men,5,pct_remaining,68,3 Cognitive only,s1,3.3287470797546312,3.3226379881499897,2.987023511148137,3.7128022456568575,3.076221943505569,3.5905023520582224
men,5,pct_remaining,70,3 Cognitive only,s1,3.5826137236662086,3.5748439552935394,3.1970265513163914,4.015637150913964,3.2972391768925142,3.8773330076647694
men,5,pct_remaining,72,3 Cognitive only,s1,3.86654754240003,3.857500320475779,3.427861710587434,4.35448207737674,3.541613058111803,4.202886239895365
men,5,pct_remaining,74,3 Cognitive only,s1,4.184182775629312,4.172776365865989,3.681361667699924,4.741873257169005,3.8117533610673804,4.570239408992741
men,5,pct_remaining,76,3 Cognitive only,s1,4.539348623151547,4.527943815310275,3.9618496234325264,5.178294860426159,4.112290532059928,4.984233319884083
men,5,pct_remaining,78,3 Cognitive only,s1,4.935901274442256,4.923096790458705,4.285295516489949,5.678567339396282,4.443205475094908,5.4539381984930975
men,5,pct_remaining,80,3 Cognitive only,s1,5.377432711773357,5.362865451180831,4.6168082630758205,6.246091634594526,4.807994446232659,5.980814534470484
men,5,pct_remaining,82,3 Cognitive only,s1,5.866811335784048,5.850152315382029,4.977391160793353,6.888106930826553,5.1975903987128405,6.574271062737505
men,5,pct_remaining,84,3 Cognitive only,s1,6.405513889202897,6.385728549812778,5.360191188047186,7.6156101138762,5.617219367496357,7.237935596996039
men,5,pct_remaining,86,3 Cognitive only,s1,6.9927400482388355,6.962925065126358,5.758316525476859,8.446284913985705,6.060116161972778,7.99084831148757
men,5,pct_remaining,88,3 Cognitive only,s1,7.624384804026373,7.5896302031857825,6.155663126115549,9.364953728659623,6.522233662258664,8.828656137968533
men,5,pct_remaining,90,3 Cognitive only,s1,8.292106428047273,8.247511658553112,6.54565337136155,10.4088155141221,6.9763677828662605,9.733612395653097
men,5,pct_remaining,92,3 Cognitive only,s1,8.982976615517545,8.915261287514747,6.8932277608994825,11.562284877528375,7.4006759214007305,10.732734890105213
men,5,pct_remaining,94,3 Cognitive only,s1,9.680476245036523,9.578630685837632,7.195112258262477,12.857279464702556,7.783161221677278,11.816600658596483
men,5,pct_remaining,96,3 Cognitive only,s1,10.367730007703251,10.21380819006033,7.359266436037101,14.310864571932486,8.10418315711966,12.981316381220864
men,5,pct_remaining,98,3 Cognitive only,s1,11.033566912176058,10.802206814053616,7.420153391855235,15.945363722851082,8.303454456120036,14.248322951257407
men,5,pct_remaining,100,3 Cognitive only,s1,11.680977511043997,11.3502858102392,7.376677289116258,17.88539108976635,8.381578974889138,15.673191734613551
men,5,pct_remaining,102,3 Cognitive only,s1,12.33574263722734,11.838137683384351,7.191194909744353,20.37952838673098,8.31724820173359,17.367439214636374
men,5,pct_remaining,104,3 Cognitive only,s1,13.050361828231532,12.296293033521373,6.879343982621852,23.512030091777806,8.111020460154734,19.589264478966918
men,5,pct_remaining,106,3 Cognitive only,s1,13.892242767566387,12.7677724581655,6.474802626726388,27.79496195383821,7.82622602675193,22.342430334505195
men,5,pct_remaining,108,3 Cognitive only,s1,14.874132549900663,13.299262388129593,5.987738435583516,32.932965291718865,7.500724221218465,25.600356833693482
men,5,pct_remaining,110,3 Cognitive only,s1,15.698148746394699,13.715812193764378,5.6061236362705,37.30663730401779,7.247644494450867,28.222003089611285
men,5,pct_remaining,50,4 Both,s1,2.2245332702935876,2.2219431276452593,2.0461809917067475,2.422149661351478,2.0984682435947484,2.358748439000034
men,5,pct_remaining,52,4 Both,s1,2.3836225630502446,2.3806448633976762,2.1905784089677134,2.59480100817208,2.24838098404187,2.527862853551793
men,5,pct_remaining,54,4 Both,s1,2.5456645403751237,2.5425947921561285,2.3377920964803045,2.7707672030059993,2.398884685003315,2.7014048476979005
men,5,pct_remaining,56,4 Both,s1,2.7150349514446477,2.7111942593156666,2.489269758389056,2.959320790599049,2.5557814899687727,2.8840644176316133
men,5,pct_remaining,58,4 Both,s1,2.896958485414209,2.89301299987835,2.6512546180309915,3.1626237054084934,2.722864488884835,3.0807819371017016
men,5,pct_remaining,60,4 Both,s1,3.096376361654354,3.091857128523148,2.827515970000014,3.389346804453645,2.904848368266719,3.298395894746298
men,5,pct_remaining,62,4 Both,s1,3.3181322195202587,3.313236632707862,3.022673843866621,3.64352820913367,3.1060710973706445,3.541557613434773
men,5,pct_remaining,64,4 Both,s1,3.5672834706173506,3.5620982124470615,3.2384850463167023,3.9324585553873748,3.33090914979887,3.8163034890875536
men,5,pct_remaining,66,4 Both,s1,3.84941233121806,3.8422431132883017,3.4817702669747264,4.260307256271951,3.5834235996600787,4.127286966402007
men,5,pct_remaining,68,4 Both,s1,4.170937367143649,4.163577207743648,3.757474772912316,4.63348162472213,3.87028665704083,4.485540153000141
men,5,pct_remaining,70,4 Both,s1,4.53944447286881,4.531528160539663,4.072019702983621,5.066529017613692,4.197863638115639,4.8969437137163645
men,5,pct_remaining,72,4 Both,s1,4.9640574716509756,4.955101620543765,4.427663388336205,5.565252292619929,4.57611479588772,5.372702760916452
men,5,pct_remaining,74,4 Both,s1,5.455865156786766,5.4452450878058505,4.837275501501853,6.149907425260197,5.0083472361579275,5.926077961962574
men,5,pct_remaining,76,4 Both,s1,6.02841384930529,6.017307558837878,5.314569885163058,6.838239885550731,5.504652350445379,6.575094243444622
men,5,pct_remaining,78,4 Both,s1,6.698259262970728,6.680708486360283,5.865124061125112,7.638775124879129,6.087254314672542,7.335136705730744
men,5,pct_remaining,80,4 Both,s1,7.485543017183662,7.463677343378889,6.524551806312652,8.596351837028639,6.77338990992036,8.238798989672578
men,5,pct_remaining,82,4 Both,s1,8.414509495147858,8.387001028956124,7.280344689357423,9.7377361403222,7.565499685530885,9.3123770048435
men,5,pct_remaining,84,4 Both,s1,9.513798623170937,9.47537604136907,8.156369881065546,11.090646326282588,8.491564636748818,10.589597149394802
men,5,pct_remaining,86,4 Both,s1,10.816233570403318,10.768902669145135,9.171849314837347,12.712850039365751,9.574840687994273,12.115806764528198
men,5,pct_remaining,88,4 Both,s1,12.357678160485438,12.30254473565374,10.349816083214149,14.651693929076222,10.848081555865752,13.934236499127572
men,5,pct_remaining,90,4 Both,s1,14.174411807870877,14.107799252947235,11.726989185191051,16.98480115839988,12.329097426810334,16.111990827611386
men,5,pct_remaining,92,4 Both,s1,16.298466898452364,16.217102685266262,13.292777175725243,19.748944447972256,14.073741669990667,18.6681246410617
men,5,pct_remaining,94,4 Both,s1,18.75066801562349,18.659451586977525,15.104458257724978,23.028015290581166,16.016209851667373,21.66678185696177
men,5,pct_remaining,96,4 Both,s1,21.531873488606532,21.444558229517433,17.01673362522466,26.72857587559724,18.177963300786097,25.09965295640185
men,5,pct_remaining,98,4 Both,s1,24.61412878049246,24.494930900821878,19.139410432133566,30.959614346379478,20.50867021231262,28.949382960656553
men,5,pct_remaining,100,4 Both,s1,27.934690783267328,27.78280343169378,21.298127521683995,35.526982576364865,22.98201101329738,33.16628174513681
men,5,pct_remaining,102,4 Both,s1,31.396447418066018,31.228788611471437,23.481316441094066,40.36902872648642,25.44304537154015,37.65700656552535
men,5,pct_remaining,104,4 Both,s1,34.87730084412907,34.695578164993435,25.470950639928763,45.32490452446783,27.85000331654247,42.16886192593427
men,5,pct_remaining,106,4 Both,s1,38.24310420426595,38.0609980824025,27.034196374887546,50.385143068458646,29.92188956991855,46.740178657537136
men,5,pct_remaining,108,4 Both,s1,41.290834059337755,41.19412904352782,27.805384992145743,55.19690974585183,31.6169555126183,51.108879974109996
men,5,pct_remaining,110,4 Both,s1,43.29210975414637,43.19192880813732,28.205185102891523,58.579709741270214,32.48464222545646,54.179696508394095
men,5,pct_remaining,50,1 Functional,s2,71.98278910418144,72.00374076197001,70.56300855162335,73.33467498935602,70.95002648621863,72.97898046656553
men,5,pct_remaining,52,1 Functional,s2,76.39070153797633,76.41648082498571,75.07061743963072,77.63089498230565,75.43118422094238,77.3034175032597
men,5,pct_remaining,54,1 Functional,s2,78.66864997702318,78.6889997720451,77.61881445697864,79.65409728680466,77.90859133596736,79.39320568703728
men,5,pct_remaining,56,1 Functional,s2,79.67966484799084,79.68988239414114,78.85151606588754,80.4539415132177,79.09933778852995,80.23649038642458
men,5,pct_remaining,58,1 Functional,s2,79.93463627555485,79.94170484024475,79.26012818512815,80.58580397665266,79.46553115463568,80.3947012137201
men,5,pct_remaining,60,1 Functional,s2,79.72128995885618,79.72277046848288,79.09652313604276,80.3231540686737,79.27513893856762,80.15289344257549
men,5,pct_remaining,62,1 Functional,s2,79.19585064308633,79.19498180750634,78.5524320075152,79.82117951940089,78.73939129509988,79.64065754429163
men,5,pct_remaining,64,1 Functional,s2,78.43896923645731,78.44063045771392,77.73599823097003,79.12888560774911,77.94392773452395,78.91649963779577
men,5,pct_remaining,66,1 Functional,s2,77.48804544778451,77.49371646681848,76.70615792282238,78.25772306009094,76.93830521100075,78.0209054892909
men,5,pct_remaining,68,1 Functional,s2,76.35535141709349,76.35951222541729,75.47695032602819,77.21877744925256,75.74661189252815,76.95116073390878
men,5,pct_remaining,70,1 Functional,s2,75.03797269047881,75.04206435048049,74.04874850782419,76.01166804896015,74.34878884281699,75.70822298913237
men,5,pct_remaining,72,1 Functional,s2,73.523172395331855,73.52620091129418,72.4032495872439,74.61665484829605,72.74644829272215,74.27725893267213
men,5,pct_remaining,74,1 Functional,s2,71.7912869193682,71.79964107391827,70.52313470052742,73.00988555642309,70.91663414377103,72.640714154942
men,5,pct_remaining,76,1 Functional,s2,69.8173971587842,69.8338440639887,68.386507480662,71.19775859795273,68.82585744754182,70.77672221702908
men,5,pct_remaining,78,1 Functional,s2,67.57255814307831,67.581731998025,65.94287287942656,69.13365871728098,66.44303659025022,68.67574402098904
men,5,pct_remaining,80,1 Functional,s2,65.02515688343388,65.03648010397629,63.182641837450845,66.79268818783515,63.725949060656625,66.28581877413997
men,5,pct_remaining,82,1 Functional,s2,62.142903481525735,62.15284476726445,60.045748644416555,64.16639836302411,60.66036123759713,63.584898632828114
men,5,pct_remaining,84,1 Functional,s2,58.89596898885216,58.90103185062259,56.53179657824871,61.2166383888824,57.212619596734285,60.5352936718521
men,5,pct_remaining,86,1 Functional,s2,55.26178458265604,55.25673249631045,52.57053532229765,57.89391352282406,53.33839663803124,57.137600201703485
men,5,pct_remaining,88,1 Functional,s2,51.231893703090584,51.22657558269866,48.13703468866125,54.207671570433874,49.03654910848583,53.367963491084204
men,5,pct_remaining,90,1 Functional,s2,46.82083356759528,46.82380974881601,43.34317484261636,50.204922155290696,44.347567986614536,49.199555080630084
men,5,pct_remaining,92,1 Functional,s2,42.07613210885032,42.057312035057414,38.25427383566608,45.83194346568784,39.34581321985001,44.75678049158783
men,5,pct_remaining,94,1 Functional,s2,37.08709234534857,37.07181305854298,32.94902864122311,41.19730376207611,34.14584104318202,40.023555841774034
men,5,pct_remaining,96,1 Functional,s2,31.988458722062493,31.981364597756695,27.63161496873185,36.37671224743167,28.863650206082614,35.12212266079187
men,5,pct_remaining,98,1 Functional,s2,26.954312045005903,26.927198821135306,22.47547477621903,31.54281336809995,23.73188201027265,30.176403737292574
men,5,pct_remaining,100,1 Functional,s2,22.17898558822201,22.129358056765586,17.755305809294118,26.863654940891188,18.98275467657376,25.420799957973756
men,5,pct_remaining,102,1 Functional,s2,17.846117233730318,17.796391968926446,13.643933022820098,22.394091186907197,14.780192597244671,21.016355239510297
men,5,pct_remaining,104,1 Functional,s2,14.093205701718357,14.027985456182673,10.219651148853263,18.391977596110287,11.255757916068527,17.120862847981236
men,5,pct_remaining,106,1 Functional,s2,10.988392346476095,10.892821184768131,7.466954904452717,15.053245519036984,8.356091124859594,13.812822757359614
men,5,pct_remaining,108,1 Functional,s2,8.57869681949121,8.446163229826993,5.376305808316753,12.583474809239585,6.178147364587273,11.274901605587743
men,5,pct_remaining,110,1 Functional,s2,7.187819013607332,7.007907950906082,4.170758963999289,11.274179699530675,4.885499274134194,9.828938884367087
men,5,pct_remaining,50,2 Physical only,s2,23.332460969138427,23.310153340358266,22.067855284310284,24.699805536898822,22.399946289556592,24.310626682618526
men,5,pct_remaining,52,2 Physical only,s2,18.666173856384507,18.643283177750718,17.50991503114994,19.914326174635722,17.82133405811648,19.55235036352513
men,5,pct_remaining,54,2 Physical only,s2,16.248917681872815,16.233137424278215,15.381308119970509,17.21768579096819,15.603346555584348,16.93395240079727
men,5,pct_remaining,56,2 Physical only,s2,15.071509427109895,15.059553586882531,14.4105187540993,15.781194559616607,14.582790480224547,15.582795798243183
men,5,pct_remaining,58,2 Physical only,s2,14.592719108003509,14.588033365242243,14.03743750628797,15.154383651357408,14.199700807760996,14.990298565070464
men,5,pct_remaining,60,2 Physical only,s2,14.521259765128619,14.522294319166328,14.011873014543413,15.03681339136296,14.154461483506253,14.883909610162227
men,5,pct_remaining,62,2 Physical only,s2,14.701776252196307,14.699250200687175,14.170136678222347,15.241569412148122,14.320236281151955,15.077341407132147
men,5,pct_remaining,64,2 Physical only,s2,15.05317360663181,15.049867590842968,14.469942576562891,15.645582114445569,14.636994149552347,15.468922512112634
men,5,pct_remaining,66,2 Physical only,s2,15.535030987703125,15.527805166947807,14.880474631670051,16.19945335044906,15.070065341443941,16.004797606161457
men,5,pct_remaining,68,2 Physical only,s2,16.12935600594212,16.12718334793381,15.391804858006052,16.87752417412499,15.604737073185719,16.660666040476382
men,5,pct_remaining,70,2 Physical only,s2,16.830706360579512,16.82694467171771,15.995794080910198,17.68092546527813,16.232920163277235,17.439819524470515
men,5,pct_remaining,72,2 Physical only,s2,17.640815280452237,17.63721134028475,16.69401405049048,18.60534975715499,16.966825783431084,18.334046861415217
men,5,pct_remaining,74,2 Physical only,s2,18.565567130186743,18.561173378601495,17.50555681403238,19.65760467007154,17.801663128980383,19.347062004235504
men,5,pct_remaining,76,2 Physical only,s2,19.61310293259648,19.60701561850903,18.410272843968485,20.855098879237865,18.744237966695692,20.50926971440935
men,5,pct_remaining,78,2 Physical only,s2,20.79233041578388,20.78617956870275,19.420839974760366,22.204199919449174,19.79486316763762,21.81727563202904
men,5,pct_remaining,80,2 Physical only,s2,22.11136136574436,22.10387337670499,20.549696707160027,23.731921795112786,20.962341373257107,23.292599326728023
men,5,pct_remaining,82,2 Physical only,s2,23.575515123552048,23.561699570867535,21.788377389921347,25.470648714672876,22.25122165799605,24.93833596302275
men,5,pct_remaining,84,2 Physical only,s2,25.184589575478523,25.162352615623774,23.104684526193704,27.400001527050712,23.647845843034894,26.770615231228224
men,5,pct_remaining,86,2 Physical only,s2,26.92918120170794,26.907648714873552,24.513025003344868,29.499879233623872,25.150347965181357,28.75334661027547
men,5,pct_remaining,88,2 Physical only,s2,28.786016847101184,28.76836041717131,25.952736313780765,31.80121742813695,26.708070337026527,30.921740950729482
men,5,pct_remaining,90,2 Physical only,s2,30.712637930926686,30.693841898261386,27.4074738557558,34.248083767022464,28.275234157861373,33.21679584455664
men,5,pct_remaining,92,2 Physical only,s2,32.64242132439647,32.61966542613706,28.743931037184662,36.80816006055132,29.756459913166843,35.56871288151042
men,5,pct_remaining,94,2 Physical only,s2,34.48176322542618,34.466072585045985,29.910006462022263,39.36638253794522,31.108601758746484,37.941374877961984
men,5,pct_remaining,96,2 Physical only,s2,36.1119385419905,36.07648020834593,30.690542657263514,41.74036530020922,32.12832822929482,40.15747261191888
men,5,pct_remaining,98,2 Physical only,s2,37.39799314849606,37.33584648205899,30.97989995879068,44.09273762940952,32.68401496851835,42.11945924680303
men,5,pct_remaining,100,2 Physical only,s2,38.20534685467318,38.136050543295624,30.596024209691986,46.138566505403894,32.612110193682966,43.756223604430886
men,5,pct_remaining,102,2 Physical only,s2,38.421693246704194,38.36870558158665,29.25414017101225,47.81007868027354,31.826473431673662,45.14934377231115
men,5,pct_remaining,104,2 Physical only,s2,37.979131986992215,37.926729680739776,26.95109549922095,49.06134058495292,30.104104978718652,45.91352635774484
men,5,pct_remaining,106,2 Physical only,s2,36.87626091246049,36.842306994065844,23.799572938998033,50.00419583898539,27.56902725672304,46.1598355718496
men,5,pct_remaining,108,2 Physical only,s2,35.256336712586375,35.260235428363245,20.196530652481158,50.6298374135405,24.509368414794483,46.08500335697045
men,5,pct_remaining,110,2 Physical only,s2,33.821922580239416,33.76547928141663,17.404246434999273,50.85459834675299,21.887509581294566,45.873348955383676
men,5,pct_remaining,50,3 Cognitive only,s2,2.0458648243381545,2.038352184542795,1.8386200087285671,2.294520629768507,1.8914420959753233,2.2154554489519125
men,5,pct_remaining,52,3 Cognitive only,s2,2.160691072358715,2.155494449209223,1.9511787046753626,2.3973920786808374,2.0104847262538463,2.322155644504413
men,5,pct_remaining,54,3 Cognitive only,s2,2.230560129886653,2.2266683751393224,2.0336145497903177,2.442139868819527,2.09095058546088,2.3786180668174346
men,5,pct_remaining,56,3 Cognitive only,s2,2.3183040428843684,2.3142113450500474,2.122807716241688,2.526761833025136,2.176640270021959,2.466727892183007
men,5,pct_remaining,58,3 Cognitive only,s2,2.4306111256037095,2.4265143052649525,2.2236149642443483,2.6548981603118906,2.280668227995665,2.5890760786972407
men,5,pct_remaining,60,3 Cognitive only,s2,2.5660000863410053,2.5606395985501456,2.339206406730849,2.812564733407663,2.4027352557613457,2.7371393955813286
men,5,pct_remaining,62,3 Cognitive only,s2,2.7231129215162992,2.717694623039975,2.475693865233683,2.997068633577765,2.5426458167820303,2.91284267869079
men,5,pct_remaining,64,3 Cognitive only,s2,2.9018748339754508,2.896173336903498,2.6270264900217417,3.205723549012397,2.700365484284876,3.111710754416913
men,5,pct_remaining,66,3 Cognitive only,s2,3.1033532601821436,3.0969580569241293,2.797298717395868,3.4446429653868966,2.8786047378707327,3.3376325367460464
men,5,pct_remaining,68,3 Cognitive only,s2,3.329481381634433,3.3234754098170503,2.9878987241424295,3.7137740140884574,3.076683360992638,3.5911371946246797
men,5,pct_remaining,70,3 Cognitive only,s2,3.582848986179953,3.5748322154607193,3.1973492961187557,4.016209978905015,3.2974701153212598,3.877710938518545
men,5,pct_remaining,72,3 Cognitive only,s2,3.866558637881503,3.8575490738761253,3.4279354388265344,4.354426302223317,3.541542956681708,4.202943390720185
men,5,pct_remaining,74,3 Cognitive only,s2,4.184107701847959,4.172689522941007,3.681205408843568,4.741895601205071,3.811760649673854,4.570256878660862
men,5,pct_remaining,76,3 Cognitive only,s2,4.539252921533383,4.527881545311784,3.9616335981466655,5.178226805003926,4.112293429951717,4.984194603103723
men,5,pct_remaining,78,3 Cognitive only,s2,4.935813060197591,4.923017117207806,4.285200855821548,5.678480947319234,4.443178231253046,5.453896015162306
men,5,pct_remaining,80,3 Cognitive only,s2,5.377361527075768,5.362794243819832,4.616728853585992,6.246068908382415,4.807872279849605,5.980712822433409
men,5,pct_remaining,82,3 Cognitive only,s2,5.866758130273371,5.85009274536853,4.977350728388817,6.88804493151089,5.19754343182217,6.5742377774400875
men,5,pct_remaining,84,3 Cognitive only,s2,6.4054761561541795,6.385697277399051,5.360145381946531,7.615553588817639,5.617181094173904,7.237882158343658
men,5,pct_remaining,86,3 Cognitive only,s2,6.992714339908683,6.96289581758095,5.758300076591047,8.446251570689265,6.060093519281882,7.990821027420705
men,5,pct_remaining,88,3 Cognitive only,s2,7.624367855130686,7.589616589437095,6.155652743480896,9.364939358541946,6.522212512888258,8.828639553738459
men,5,pct_remaining,90,3 Cognitive only,s2,8.292095565460688,8.247499851340802,6.5456489042119035,10.408800080914755,6.976357555839495,9.73359788022067
men,5,pct_remaining,92,3 Cognitive only,s2,8.982969824789622,8.91525487180777,6.893222175123639,11.562276443264292,7.400670439463377,10.732718177494633
men,5,pct_remaining,94,3 Cognitive only,s2,9.680472091523145,9.578627900176098,7.195109591843435,12.85727528946551,7.783158016482277,11.816594371891593
men,5,pct_remaining,96,3 Cognitive only,s2,10.367727513019025,10.213806578337262,7.359264642076106,14.31085701574445,8.104181395443279,12.981314241700781
men,5,pct_remaining,98,3 Cognitive only,s2,11.033565432876285,10.802205414160978,7.420152697499551,15.945362681582402,8.303453089187803,14.24832163444335
men,5,pct_remaining,100,3 Cognitive only,s2,11.680976637698157,11.350284958223702,7.3766766666615675,17.885390316691648,8.381578347838115,15.673190643331969
men,5,pct_remaining,102,3 Cognitive only,s2,12.33574211773488,11.838137048220561,7.191194695946242,20.3795279985485,8.317247959865558,17.36743834761878
men,5,pct_remaining,104,3 Cognitive only,s2,13.05036151295543,12.296292811952945,6.8793438353619045,23.51202960514378,8.11102038928133,19.589264268465566
men,5,pct_remaining,106,3 Cognitive only,s2,13.892242571545836,12.767772148815107,6.474802591281438,27.794961234801704,7.826225976073374,22.342430073705415
men,5,pct_remaining,108,3 Cognitive only,s2,14.874132425816915,13.299262329591683,5.987738339779055,32.93296506157416,7.500724111690726,25.60035579678126
men,5,pct_remaining,110,3 Cognitive only,s2,15.69814865905665,13.715812150100264,5.606123574474199,37.306636928452406,7.247644449790147,28.222002840502896
men,5,pct_remaining,50,4 Both,s2,2.6388851023419795,2.6315666762266554,2.3799304869572078,2.932662543285258,2.4526298486777742,2.837641809317088
men,5,pct_remaining,52,4 Both,s2,2.7824335332804595,2.775418885253738,2.5165474515904753,3.0774100291413826,2.5933983514081325,2.9844277826882957
men,5,pct_remaining,54,4 Both,s2,2.8518722112173607,2.8477684032040793,2.602217414582389,3.1276461915521963,2.6723278109511455,3.0420591667836576
men,5,pct_remaining,56,4 Both,s2,2.9305216820149074,2.9265122375362282,2.6832434682367925,3.1989797784017613,2.7524486754142456,3.115370799583345
men,5,pct_remaining,58,4 Both,s2,3.0420334908379245,3.03725679813762,2.7882251100786672,3.322134266206337,2.8582120467959515,3.232305960074571
men,5,pct_remaining,60,4 Both,s2,3.191450189674201,3.1872043309468987,2.918751948266441,3.4907688803554136,2.995680850940715,3.396020098956365
men,5,pct_remaining,62,4 Both,s2,3.379260183201056,3.3739557365654784,3.0799805994192866,3.7047322549961006,3.167616633385342,3.603164120001248
men,5,pct_remaining,64,4 Both,s2,3.6059823229354326,3.600438733430093,3.2767548323886753,3.968557278454978,3.367641309799109,3.8543737617100993
men,5,pct_remaining,66,4 Both,s2,3.873570304330218,3.866569740536257,3.505061170982708,4.283589861626694,3.6066618354697266,4.153425363645316
men,5,pct_remaining,68,4 Both,s2,4.185811195329963,4.177935120090176,3.7724380033688276,4.65106226049029,3.8852716966873797,4.500454739743172
men,5,pct_remaining,70,4 Both,s2,4.548471962761718,4.540273136884065,4.080467795560251,5.076799345124442,4.206977234682581,4.90594345475755
men,5,pct_remaining,72,4 Both,s2,4.969453686334409,4.960341629993,4.431502277683051,5.570438045193953,4.582157803108944,5.378653973526613
men,5,pct_remaining,74,4 Both,s2,5.45903824859709,5.448417396506612,4.840645754499151,6.153757575164514,5.011389053903594,5.929391417409741
men,5,pct_remaining,76,4 Both,s2,6.030246987085939,6.019048422798755,5.316383693175812,6.840348076620123,5.506773673330307,6.577471743719972
men,5,pct_remaining,78,4 Both,s2,6.699298380940214,6.681682857528026,5.86607956889871,7.640003705932127,6.088279001908353,7.336303541413521
men,5,pct_remaining,80,4 Both,s2,7.486120223745984,7.464201234028339,6.525095440329689,8.596906321332023,6.773925048786835,8.239384401904529
men,5,pct_remaining,82,4 Both,s2,8.414823264648847,8.387231280917629,7.2806423014909045,9.738063258214037,7.56579438378605,9.312698239227162
men,5,pct_remaining,84,4 Both,s2,9.513965279515139,9.475531419701825,8.156571835157482,11.09093186130307,8.49172071732531,10.58977050429754
men,5,pct_remaining,86,4 Both,s2,10.816319875727334,10.769001885770518,9.171943875607116,12.712950838272839,9.57493727354124,12.115945236794383
men,5,pct_remaining,88,4 Both,s2,12.357721594677548,12.302586328417593,10.349855088781878,14.651756243517964,10.848124252914278,13.934288283870943
men,5,pct_remaining,90,4 Both,s2,14.174432936017343,14.107819536959688,11.727007016087352,16.984834009322135,12.329119524651402,16.112008477183647
men,5,pct_remaining,92,4 Both,s2,16.298476741963583,16.21711119569803,13.292791675329703,19.748960999757685,14.07374761262392,18.66813719329388
men,5,pct_remaining,94,4 Both,s2,18.7506723377021,18.659456035597035,15.104461105781315,23.028020883824666,16.016213599677727,21.666786916343582
men,5,pct_remaining,96,4 Both,s2,21.531875222927987,21.444558902410225,17.01673581852314,26.728577376517272,18.177966652807573,25.099653801473966
men,5,pct_remaining,98,4 Both,s2,24.61412937362175,24.494931197960955,19.139410844109538,30.959618260826705,20.50867030840504,28.949383685991656
men,5,pct_remaining,100,4 Both,s2,27.934690919406655,27.782803851902095,21.298127908791724,35.52698222560092,22.98201086002954,33.16628232459975
men,5,pct_remaining,102,4 Both,s2,31.396447401830603,31.228788704982836,23.481316071428473,40.36902871576125,25.443045477907113,37.657006528534374
men,5,pct_remaining,104,4 Both,s2,34.877300798334,34.695578047409676,25.4709505469357,45.3249045852271,27.85000314871661,42.16886212774375
men,5,pct_remaining,106,4 Both,s2,38.243104169517586,38.06099794660903,27.034196520277586,50.38514314082468,29.921889600288047,46.74017875600303
men,5,pct_remaining,108,4 Both,s2,41.290834042105494,41.19412905432465,27.80538475134596,55.196909758873296,31.616955450365715,51.108879982233034
men,5,pct_remaining,110,4 Both,s2,43.292109747096596,43.191928749453275,28.20518505162663,58.57970967292457,32.48464225568222,54.17969649997125
men,5,pct_remaining,50,1 Functional,s3,76.12177391750147,76.19166512766853,73.78143476244236,78.09016529683288,74.4970044377308,77.58564653070768
men,5,pct_remaining,52,1 Functional,s3,79.7507950861903,79.81516696031524,77.7390191910427,81.39283347320334,78.37767109680927,80.98298931034806
men,5,pct_remaining,54,1 Functional,s3,80.63083584431976,80.67660545600852,79.28970799350438,81.69919101882836,79.72982955605063,81.44025832056647
men,5,pct_remaining,56,1 Functional,s3,80.75687531442287,80.78137185319883,79.84291548203694,81.52237938173437,80.13667315049764,81.32194211122433
men,5,pct_remaining,58,1 Functional,s3,80.51693723795545,80.52318252108756,79.83082141892885,81.14115608124126,80.0323906879155,80.97983079335005
men,5,pct_remaining,60,1 Functional,s3,80.03549391722768,80.03858947775949,79.4057687218274,80.63499455126315,79.5905557409389,80.46748572435406
men,5,pct_remaining,62,1 Functional,s3,79.36597582394093,79.36168884061206,78.71476864761487,79.99415507694269,78.9054976455843,79.81530466864804
men,5,pct_remaining,64,1 Functional,s3,78.5315921210293,78.53162477825937,77.82741351533181,79.21978646966426,78.03457439717994,79.0151369648894
men,5,pct_remaining,66,1 Functional,s3,77.53876897059098,77.54293428328435,76.75269684431873,78.31127622318344,76.989103023912,78.07235771336497
men,5,pct_remaining,68,1 Functional,s3,76.38326803270641,76.38722063253749,75.50236767142205,77.24948608635329,75.7728225128752,76.98059894138635
men,5,pct_remaining,70,1 Functional,s3,75.05338617054879,75.05704733780541,74.06331765807025,76.0242689245551,74.36297163599146,75.72412615204804
men,5,pct_remaining,72,1 Functional,s3,73.53168886623021,73.53474138566595,72.41091334059041,74.62325930830534,72.75497390100885,74.28660251854527
men,5,pct_remaining,74,1 Functional,s3,71.79598258259016,71.80481953356406,70.52700728821186,73.01335148743422,70.92100082527402,72.64638004301682
men,5,pct_remaining,76,1 Functional,s3,69.81997278844091,69.83616645488979,68.38963079410539,71.19851644226205,68.8301017151833,70.7797351371225
men,5,pct_remaining,78,1 Functional,s3,67.57395925409193,67.5837531547607,65.94399823944089,69.13551003850876,66.44450217963843,68.67713699099298
men,5,pct_remaining,80,1 Functional,s3,65.02591048073926,65.03736048581061,63.18322847345673,66.79356194191513,63.72670581222575,66.2867580282012
men,5,pct_remaining,82,1 Functional,s3,62.14330304621582,62.153146374683175,60.04617418035168,64.16652836181103,60.66075072248701,63.585536021426805
men,5,pct_remaining,84,1 Functional,s3,58.89617720892377,58.901219211886854,56.53196340223663,61.21701475125458,57.21284785545856,60.53554571258479
men,5,pct_remaining,86,1 Functional,s3,55.26189089955169,55.2569010509681,52.57062765419302,57.89406875499968,53.33854426349175,57.13771552383613
men,5,pct_remaining,88,1 Functional,s3,51.231946712763815,51.22662570262675,48.13709780889294,54.20771162582929,49.03655657303772,53.36803476692973
men,5,pct_remaining,90,1 Functional,s3,46.820859276891426,46.82382273638024,43.34319712704367,50.20496649089229,44.347591328068916,49.19956991607784
men,5,pct_remaining,92,1 Functional,s3,42.07614418150533,42.05732279233377,38.25428432189591,45.83195303157583,39.345824963223734,44.75677730019427
men,5,pct_remaining,94,1 Functional,s3,37.08709780420829,37.0718195836689,32.94903289499974,41.19730914537628,34.14584718360258,40.023561217850286
men,5,pct_remaining,96,1 Functional,s3,31.988461083657306,31.98136792891281,27.63161632676427,36.37671355904103,28.863651293008484,35.12212446730367
men,5,pct_remaining,98,1 Functional,s3,26.95431301577146,26.927200228448093,22.475476432520935,31.542814401767767,23.731883542016313,30.176404873166636
men,5,pct_remaining,100,1 Functional,s3,22.17898596515465,22.129358276444112,17.755307003064818,26.863655371936527,18.982755852958665,25.420800001740563
men,5,pct_remaining,102,1 Functional,s3,17.84611737190437,17.796392066410746,13.643933121463867,22.394091222544503,14.780192801507194,21.016355341670792
men,5,pct_remaining,104,1 Functional,s3,14.093205750315047,14.027985473737782,10.219651131365989,18.391977690560097,11.25575791073767,17.12086290276218
men,5,pct_remaining,106,1 Functional,s3,10.98839236380433,10.89282119395684,7.466954959748081,15.053245522998923,8.356091131098047,13.812822764227551
men,5,pct_remaining,108,1 Functional,s3,8.57869682656204,8.446163235753632,5.376305812503328,12.583474814322958,6.178147363385325,11.27490160588793
men,5,pct_remaining,110,1 Functional,s3,7.187819017740629,7.007907949869038,4.170758962918163,11.274179700415038,4.885499271887778,9.828938885796894
men,5,pct_remaining,50,2 Physical only,s3,13.354429827759136,13.245623112584752,11.960562589553891,15.32561027389881,12.268220449822865,14.655123635662562
men,5,pct_remaining,52,2 Physical only,s3,13.893156768778312,13.802640781650021,12.673587745707732,15.602134092946686,12.953729024707133,14.991541204895608
men,5,pct_remaining,54,2 Physical only,s3,13.890651444339236,13.846323413010026,13.067196273819762,14.954756307701794,13.263943340497065,14.600908108653075
men,5,pct_remaining,56,2 Physical only,s3,13.889548002012582,13.873287063181763,13.28782645197594,14.571164285635616,13.447220983904963,14.380460919225538
men,5,pct_remaining,58,2 Physical only,s3,13.994382950409852,13.991080472496744,13.483477882493746,14.528110945427295,13.624990605713382,14.379340077293229
men,5,pct_remaining,60,2 Physical only,s3,14.215729593816246,14.216821531597112,13.721749615793918,14.721296607789682,13.853817768274133,14.575414943977435
men,5,pct_remaining,62,2 Physical only,s3,14.544449387165251,14.544609619957516,14.012273572421837,15.084319473501962,14.164487865558407,14.924570884965062
men,5,pct_remaining,64,2 Physical only,s3,14.971477729272644,14.96680713685764,14.383629128140909,15.565295603641403,14.551841607488694,15.387311906483886
men,5,pct_remaining,66,2 Physical only,s3,15.492252917720068,15.485994331543978,14.837471693541302,16.15854577230181,15.02441388191213,15.964483535588316
men,5,pct_remaining,68,2 Physical only,s3,16.10677713396259,16.104980417341814,15.369290711728315,16.855470011895072,15.576974203375618,16.639927415073867
men,5,pct_remaining,70,2 Physical only,s3,16.81870352562955,16.814295776915408,15.981661262556973,17.6682967703195,16.220491654166896,17.428237153330954
men,5,pct_remaining,72,2 Physical only,s3,17.6343973221916,17.630499164661362,16.690489504392072,18.59968979338758,16.960010869445085,18.327794544534225
men,5,pct_remaining,74,2 Physical only,s3,18.5621213922206,18.557715942282062,17.501789904204912,19.655326139234017,17.79757231054898,19.343822323632562
men,5,pct_remaining,76,2 Physical only,s3,19.611249265666125,19.605532040202306,18.40850004404197,20.85434244506789,18.742138297601077,20.50810763334138
men,5,pct_remaining,78,2 Physical only,s3,20.791333545360438,20.785416119642093,19.419554952085747,22.20284543285126,19.794056274226516,21.816683422844996
men,5,pct_remaining,80,2 Physical only,s3,22.110826739024432,22.103411503618325,20.54918000238602,23.73127799031696,20.961591906219656,23.29194211653886
men,5,pct_remaining,82,2 Physical only,s3,23.5752298769289,23.561344492914404,21.788238740107577,25.47039945422933,22.25090086784932,24.938078879197782
men,5,pct_remaining,84,2 Physical only,s3,25.18443851085042,25.16223500316736,23.104562837213454,27.39990325985971,23.647659965317217,26.77039384794474
men,5,pct_remaining,86,2 Physical only,s3,26.929101946858783,26.907535800890336,24.51296095121435,29.499823938932025,25.150303392442908,28.753263559381015
men,5,pct_remaining,88,2 Physical only,s3,28.785975713304918,28.76833512936797,25.952713240544043,31.80116650682211,26.708017555717838,30.921696447418647
men,5,pct_remaining,90,2 Physical only,s3,30.712616821521337,30.69382770432173,27.4074399924586,34.24805669434085,28.275210781401167,33.2167731218379
men,5,pct_remaining,92,2 Physical only,s3,32.64241060177316,32.6196546028639,28.74392349173326,36.808147972934044,29.75644660361432,35.56869809581209
men,5,pct_remaining,94,2 Physical only,s3,34.48175781672758,34.46606753227889,29.910003580591717,39.36637454092312,31.108601745470494,37.941373310849485
men,5,pct_remaining,96,2 Physical only,s3,36.111935815570995,36.07647985223717,30.69054132686003,41.74036130539619,32.12832792740637,40.157470706122076
men,5,pct_remaining,98,2 Physical only,s3,37.3979917616286,37.335845962686015,30.979899298657532,44.09273665068894,32.68401403551846,42.11945790526574
men,5,pct_remaining,100,2 Physical only,s3,38.20534613397438,38.13604958257553,30.596023844508363,46.13856578116896,32.612109951262845,43.756223330040804
men,5,pct_remaining,102,2 Physical only,s3,38.42169285963549,38.368705159825865,29.254139596206556,47.8100780908139,31.82647319934219,45.149343657504076
men,5,pct_remaining,104,2 Physical only,s3,37.97913177103978,37.926729587117016,26.951095383131825,49.061340542530665,30.10410470887778,45.91352621615465
men,5,pct_remaining,106,2 Physical only,s3,36.876260788334726,36.84230662473757,23.799572911959867,50.004195756304306,27.5690272286239,46.15983548158183
men,5,pct_remaining,108,2 Physical only,s3,35.25633664017732,35.26023510252627,20.196530510412774,50.62983730621609,24.509368358932353,46.0850033421425
men,5,pct_remaining,110,2 Physical only,s3,33.82192253248163,33.765479278372375,17.404246431932904,50.85459815032548,21.887509538998668,45.87334883916491
men,5,pct_remaining,50,3 Cognitive only,s3,7.154115861649891,7.111483966775115,6.479008085166211,8.071557962878424,6.616149428712915,7.7498216841024075
men,5,pct_remaining,52,3 Cognitive only,s3,3.031956035152243,3.00047664579815,2.545898745774419,3.6836067876771432,2.662695615213885,3.454316345752584
men,5,pct_remaining,54,3 Cognitive only,s3,2.4172721520310656,2.4055723939558034,2.1669147567643727,2.7262727530097486,2.230842947737015,2.6249581061048373
men,5,pct_remaining,56,3 Cognitive only,s3,2.363710455009365,2.358903769663982,2.1566353465135975,2.591882478632543,2.213825359313889,2.523213068701803
men,5,pct_remaining,58,3 Cognitive only,s3,2.4419573579849487,2.437324711594306,2.2299659398474314,2.66924731026803,2.2913220541877366,2.602713805405644
men,5,pct_remaining,60,3 Cognitive only,s3,2.5685632831386007,2.5630663346934788,2.3436703331243627,2.8152552739551022,2.4052598429724745,2.740958482104743
men,5,pct_remaining,62,3 Cognitive only,s3,2.723488521143427,2.7178391037486804,2.476255945271031,2.996469426251942,2.542731292636693,2.912699747932449
men,5,pct_remaining,64,3 Cognitive only,s3,2.901820920293516,2.8958460143882254,2.6274194436648806,3.2056891525433,2.700319385897405,3.111651372167229
men,5,pct_remaining,66,3 Cognitive only,s3,3.103296420180509,3.0971168273934553,2.7971857245583647,3.444572641665713,2.879026603103805,3.337279322155372
men,5,pct_remaining,68,3 Cognitive only,s3,3.3294873495850537,3.323395152598544,2.987823966724186,3.7136792088671164,3.0767397292634846,3.5909736285700933
men,5,pct_remaining,70,3 Cognitive only,s3,3.5828996758808334,3.5750036147385327,3.1973836181283395,4.0162011310775885,3.2976557969688853,3.8777481776190967
men,5,pct_remaining,72,3 Cognitive only,s3,3.8666276923745393,3.8575898596937415,3.4279831521459343,4.354526833208817,3.541599265635878,4.202951637249317
men,5,pct_remaining,74,3 Cognitive only,s3,4.1841770861457315,4.1727253571938014,3.6813229300890575,4.741934842063261,3.811805432933045,4.57030305266652
men,5,pct_remaining,76,3 Cognitive only,s3,4.539313428400587,4.527923233047568,3.9617104504499565,5.178292128959066,4.1123133758182,4.984257723617498
men,5,pct_remaining,78,3 Cognitive only,s3,4.935861496157396,4.923076186553448,4.2852161085147165,5.678515596601521,4.443199842827919,5.453917706623214
men,5,pct_remaining,80,3 Cognitive only,s3,5.377398056312751,5.362836575303481,4.616786359654713,6.246086331661488,4.80794614203972,5.980791520081878
men,5,pct_remaining,82,3 Cognitive only,s3,5.866784452053352,5.850125644770594,4.977367978949372,6.888084571451133,5.197576452858099,6.574255978416232
men,5,pct_remaining,84,3 Cognitive only,s3,6.405494429349572,6.38570233799406,5.360181419418546,7.615579077830646,5.6172020281315085,7.237901757319105
men,5,pct_remaining,86,3 Cognitive only,s3,6.992726627185764,6.962901790085593,5.758306044806834,8.44626166561897,6.060105529735896,7.990832314315788
men,5,pct_remaining,88,3 Cognitive only,s3,7.62437588711584,7.589622494298124,6.155659979261371,9.364945624390552,6.522220897086534,8.828642340464667
men,5,pct_remaining,90,3 Cognitive only,s3,8.292100683362383,8.247503380736294,6.545650022776586,10.408810601114718,6.976362175445246,9.73360703181421
men,5,pct_remaining,92,3 Cognitive only,s3,8.98297301092584,8.915258177077662,6.893225240793454,11.562279716138777,7.4006718810225545,10.732722139446011
men,5,pct_remaining,94,3 Cognitive only,s3,9.68047403423483,9.578629147827282,7.195109944549492,12.85727684052029,7.783160009732612,11.816598020730202
men,5,pct_remaining,96,3 Cognitive only,s3,10.367728677100722,10.21380717830727,7.359265796640776,14.310859454039113,8.10418273814255,12.981315554404814
men,5,pct_remaining,98,3 Cognitive only,s3,11.033566122003643,10.802206140678228,7.420153169627206,15.94536296731739,8.303453717080963,14.248322404389214
men,5,pct_remaining,100,3 Cognitive only,s3,11.680977044188788,11.350285412937172,7.376676880712107,17.885390615024118,8.381578584944567,15.673191129225476
men,5,pct_remaining,102,3 Cognitive only,s3,12.335742359561563,11.838137338342957,7.19119481764282,20.37952823045473,8.317248051078252,17.367438700622177
men,5,pct_remaining,104,3 Cognitive only,s3,13.050361659911799,12.29629290604625,6.879343862727898,23.512029858707372,8.111020420575345,19.589264354168616
men,5,pct_remaining,106,3 Cognitive only,s3,13.892242663124298,12.767772252790522,6.474802598643981,27.794961330240373,7.826226005214343,22.34243013610899
men,5,pct_remaining,108,3 Cognitive only,s3,14.874132483928213,13.299262339682677,5.987738375348836,32.932965105237,7.500724165002376,25.600356143252668
men,5,pct_remaining,110,3 Cognitive only,s3,15.698148700014764,13.715812170219063,5.6061236186076355,37.30663716348775,7.247644447531636,28.222002909313236
men,5,pct_remaining,50,4 Both,s3,3.3696803930895007,3.3210398207020337,2.7450840410561015,4.26819343190002,2.8705497090437184,3.9539210558532076
men,5,pct_remaining,52,4 Both,s3,3.3240921098791585,3.285807529973942,2.7925003940767463,4.077378317666337,2.8998527407879964,3.826240395251572
men,5,pct_remaining,54,4 Both,s3,3.06124055930994,3.042242820345974,2.692816071231205,3.550458076194743,2.783651520203064,3.378047105992567
men,5,pct_remaining,56,4 Both,s3,2.989866228555189,2.9823818143675576,2.6985703245719397,3.335613183988365,2.7734379817876107,3.2228031327615376
men,5,pct_remaining,58,4 Both,s3,3.046722453649757,3.041667457040308,2.7769652818204387,3.3407734672809317,2.850028122425084,3.2563306113248873
men,5,pct_remaining,60,4 Both,s3,3.180213205817471,3.175575797304832,2.901140292260009,3.480895013117232,2.9815057566689602,3.3891232209944158
men,5,pct_remaining,62,4 Both,s3,3.3660862677503967,3.360556333635119,3.0644452966142035,3.694389446361796,3.1554222247479347,3.591173863654821
men,5,pct_remaining,64,4 Both,s3,3.5951092294045353,3.5898710578367825,3.2627143019409033,3.95942114727601,3.361771748433739,3.8433509909626533
men,5,pct_remaining,66,4 Both,s3,3.8656816915084375,3.859083051421824,3.4968588618971843,4.277969438134799,3.5999227083885734,4.144844129251136
men,5,pct_remaining,68,4 Both,s3,4.18046748374595,4.172533771562652,3.7680021898166647,4.645713597537455,3.880235582429794,4.495319363341891
men,5,pct_remaining,70,4 Both,s3,4.54501062794082,4.536917455891439,4.077468682489198,5.073626326046436,4.203116612751083,4.902855568097155
men,5,pct_remaining,72,4 Both,s3,4.96728611920365,4.958188887606729,4.430303292253706,5.567629689365281,4.580492548602892,5.375916207690326
men,5,pct_remaining,74,4 Both,s3,5.457718939043509,5.447286781891311,4.840053080875772,6.151754743154117,5.010602569646212,5.9274995537817405
men,5,pct_remaining,76,4 Both,s3,6.0294645174923795,6.0184539754428545,5.315436091559632,6.839406322985697,5.505709611152502,6.576489609799413
men,5,pct_remaining,78,4 Both,s3,6.69884570439023,6.681349006075054,5.865667997079,7.639475480623862,6.087884315013243,7.335985114317407
men,5,pct_remaining,80,4 Both,s3,7.485864723923561,7.4640097470463225,6.524773425100854,8.596644298643044,6.773624509610186,8.23926361545302
men,5,pct_remaining,82,4 Both,s3,8.414682624801927,8.387123854934472,7.280585089506165,9.738105766912224,7.56564526689934,9.312530825362021
men,5,pct_remaining,84,4 Both,s3,9.51388985087624,9.475425736069832,8.156465248206803,11.09070249203317,8.49168072184562,10.589660176545895
men,5,pct_remaining,86,4 Both,s3,10.81628052640377,10.768971576159835,9.17192303637069,12.712888160095693,9.57489797772467,12.11584650098273
men,5,pct_remaining,88,4 Both,s3,12.357701686815425,12.302574125736633,10.349840067501196,14.651723269945164,10.848093293875609,13.93425535187856
men,5,pct_remaining,90,4 Both,s3,14.174423218224858,14.107811518270942,11.726999984171172,16.984819081148615,12.329113693010614,16.11199776128001
men,5,pct_remaining,92,4 Both,s3,16.29847220579568,16.217108995842743,13.292786677568426,19.748949347766874,14.073745568809501,18.66812876643239
men,5,pct_remaining,94,4 Both,s3,18.750670344829295,18.6594540711937,15.104459998592544,23.02801781395799,16.01621144621779,21.666784055449952
men,5,pct_remaining,96,4 Both,s3,21.531874423670978,21.444558529263105,17.016734504418775,26.72857693478196,18.17796542631003,25.09965329585204
men,5,pct_remaining,98,4 Both,s3,24.61412910059629,24.49493107937778,19.139410690423748,30.959617278971336,20.508670268994386,28.949383690977708
men,5,pct_remaining,100,4 Both,s3,27.934690856682177,27.78280366656474,21.298127676328512,35.52698245630318,22.982010963530882,33.16628220163239
men,5,pct_remaining,102,4 Both,s3,31.396447408898574,31.228788700431643,23.48131621821704,40.3690287222044,25.44304545014482,37.657006555680596
men,5,pct_remaining,104,4 Both,s3,34.877300818733374,34.69557808009105,25.470950596622977,45.324904544293275,27.85000326650312,42.16886208114317
men,5,pct_remaining,106,4 Both,s3,38.24310418473665,38.060998019828546,27.034196443878656,50.38514309483805,29.921889579563377,46.74017871947372
men,5,pct_remaining,108,4 Both,s3,41.29083404933243,41.19412905058938,27.805384814132683,55.19690975233683,31.616955456860683,51.10887998036882
men,5,pct_remaining,110,4 Both,s3,43.29210974976298,43.191928777915,28.205185081711075,58.57970970017522,32.484642239957324,54.17969650429424
men,5,pct_remaining,50,1 Functional,s4,68.2251791067498,68.25058087684116,64.15450855966887,72.41449808945303,65.2394132880814,71.23020034837849
men,5,pct_remaining,52,1 Functional,s4,73.5098464228399,73.5372249013073,69.86182767119048,77.10258123219373,70.83322502282653,76.08676229885944
men,5,pct_remaining,54,1 Functional,s4,76.81935137196074,76.88155166124311,74.08117083518731,79.26059089863817,74.88728383215388,78.61554719527392
men,5,pct_remaining,56,1 Functional,s4,78.53891742895277,78.59963530611178,76.66749456366212,80.11821151525982,77.22784677227308,79.72001622678737
men,5,pct_remaining,58,1 Functional,s4,79.24581248190957,79.27972087607247,77.99027317217187,80.31270362736117,78.36130489193073,80.04444501344118
men,5,pct_remaining,60,1 Functional,s4,79.3119382073216,79.33021273037971,78.40581878697068,80.1214573323195,78.66305134731563,79.90538533215813
men,5,pct_remaining,62,1 Functional,s4,78.95565492282284,78.9611410957202,78.19297817452225,79.66792841032547,78.42494545263233,79.47257494625973
men,5,pct_remaining,64,1 Functional,s4,78.29947921638211,78.30397403285059,77.55596159149312,79.01851565410854,77.78246786724601,78.80933615054883
men,5,pct_remaining,66,1 Functional,s4,77.40774504219087,77.41472396612326,76.61607516758757,78.18270863748967,76.85227459832144,77.94327907971679
men,5,pct_remaining,68,1 Functional,s4,76.3094900912768,76.31481418781144,75.42588258346848,77.17910373142034,75.6987582957172,76.90478695862544
men,5,pct_remaining,70,1 Functional,s4,75.01198367449673,75.01675127455661,74.02243168777679,75.98373366666017,74.32646051756473,75.68627778321091
men,5,pct_remaining,72,1 Functional,s4,73.50856549667117,73.51131544262526,72.39048502335025,74.59791385233329,72.73027314879712,74.26583530256558
men,5,pct_remaining,74,1 Functional,s4,71.78315176174642,71.78999603152553,70.51650401541373,73.00203546661294,70.90836746107915,72.63196377353304
men,5,pct_remaining,76,1 Functional,s4,69.81291297394577,69.82879569528808,68.38206988955353,71.19329202243622,68.82352323213033,70.77320276007802
men,5,pct_remaining,78,1 Functional,s4,67.5701154146608,67.57895409624177,65.93968202516271,69.13320555335974,66.44042921713559,68.67245629420314
men,5,pct_remaining,80,1 Functional,s4,65.02384401130287,65.0353613126994,63.18021621647966,66.79201021387176,63.72491003408051,66.28420867661549
men,5,pct_remaining,82,1 Functional,s4,62.142208580512374,62.15182162075189,60.04519767104045,64.16581196654097,60.659486271578764,63.58339834730643
men,5,pct_remaining,84,1 Functional,s4,58.895607524793675,58.900457988066904,56.53153523413728,61.21603986293399,57.21237780528082,60.53503451044155
men,5,pct_remaining,86,1 Functional,s4,55.261600260124865,55.25663704157107,52.570508041430145,57.89393052731725,53.338274346210525,57.137476606551154
men,5,pct_remaining,88,1 Functional,s4,51.231801834995096,51.22650920133965,48.1370219588563,54.20739612240782,49.036134348198,53.36784309328385
men,5,pct_remaining,90,1 Functional,s4,46.82078897947026,46.823708116876105,43.343137452269474,50.20490093946175,44.34746462527143,49.19955032544234
men,5,pct_remaining,92,1 Functional,s4,42.07611113133192,42.05730851572031,38.25425910038349,45.83194188667209,39.34579253688819,44.75673664744339
men,5,pct_remaining,94,1 Functional,s4,37.08708283174557,37.07180409841151,32.94902078224105,41.19729948998853,34.145834839443964,40.023549271353545
men,5,pct_remaining,96,1 Functional,s4,31.988454590249447,31.981359865581258,27.631611509384765,36.3767057115148,28.863645020234145,35.122118775377636
men,5,pct_remaining,98,1 Functional,s4,26.95431033878781,26.927196882671957,22.475474495622944,31.542811896098673,23.73187840287842,30.176402877903584
men,5,pct_remaining,100,1 Functional,s4,22.178984922549336,22.12935678687427,17.755304797952597,26.863651936232902,18.982753523414267,25.420799836634945
men,5,pct_remaining,102,1 Functional,s4,17.846116988768536,17.796391749495456,13.64393296279658,22.394091140470287,14.780192127482755,21.016355196565524
men,5,pct_remaining,104,1 Functional,s4,14.093205615574654,14.027985429826126,10.219651188707111,18.391977572148516,11.25575792258448,17.120862822771972
men,5,pct_remaining,106,1 Functional,s4,10.988392316091055,10.892821161850046,7.4669549394577235,15.05324550709212,8.356091101940878,13.81282275170502
men,5,pct_remaining,108,1 Functional,s4,8.578696807427955,8.446163205394628,5.376305807143023,12.583474805490475,6.178147364925716,11.274901598031924
men,5,pct_remaining,110,1 Functional,s4,7.187819006733917,7.007907951977073,4.170758965493782,11.274179700182708,4.885499281831301,9.828938881401774
men,5,pct_remaining,50,2 Physical only,s4,16.37798301914566,16.316761414913675,13.894113827786096,19.178241854694715,14.535200756208447,18.327104360162817
men,5,pct_remaining,52,2 Physical only,s4,16.811396969796434,16.757955621888975,14.539368006913733,19.33007335585764,15.127250386862345,18.588400740449032
men,5,pct_remaining,54,2 Physical only,s4,15.993457254667266,15.962950307864155,14.411775938943014,17.73468401560016,14.806521890402804,17.234542809769568
men,5,pct_remaining,56,2 Physical only,s4,15.235609428087958,15.21055360059983,14.160723791684934,16.418172888596967,14.442924067522409,16.074933909610216
men,5,pct_remaining,58,2 Physical only,s4,14.807625043883304,14.79176531373481,14.057376215643574,15.620927570127163,14.251568387355452,15.393782056121296
men,5,pct_remaining,60,2 Physical only,s4,14.691528095796286,14.685898320927768,14.077306370186065,15.316806184817862,14.242981707746162,15.146247187000931
men,5,pct_remaining,62,2 Physical only,s4,14.817531883072421,14.8162338907564,14.241878196138302,15.384712819932263,14.399679669998983,15.233462229789293
men,5,pct_remaining,64,2 Physical only,s4,15.126358789633844,15.124119304543072,14.522771441018305,15.733925641581859,14.694094452160488,15.55646443817502
men,5,pct_remaining,66,2 Physical only,s4,15.57943265874468,15.575362946128164,14.92256859450952,16.2535969808487,15.108074913498564,16.050834644424864
men,5,pct_remaining,68,2 Physical only,s4,16.155602192379778,16.15286861240574,15.411242840442197,16.907303310963165,15.627391219691237,16.69085469819481
men,5,pct_remaining,70,2 Physical only,s4,16.845945899202913,16.843328321906647,16.009832218404522,17.696243464511205,16.249522950674322,17.456093305112304
men,5,pct_remaining,72,2 Physical only,s4,17.649546846113296,17.6466242112151,16.710571524489655,18.61319070817802,16.97345008579768,18.342274952450328
men,5,pct_remaining,74,2 Physical only,s4,18.570515804611333,18.56639482005265,17.50968525400248,19.663882825193518,17.80559721467487,19.352267565446372
men,5,pct_remaining,76,2 Physical only,s4,19.615880383375167,19.60968678472329,18.413231504579215,20.860289562045363,18.746908057048422,20.512902605716846
men,5,pct_remaining,78,2 Physical only,s4,20.793874477891404,20.788019709546653,19.42159675290141,22.206919725559185,19.795574386574973,21.819637590600205
men,5,pct_remaining,80,2 Physical only,s4,22.11221129728694,22.104682768675282,20.549788027366557,23.73227177559139,20.96336847078543,23.29346146241129
men,5,pct_remaining,82,2 Physical only,s4,23.57597800983157,23.562172918882098,21.78895396293856,25.471693437620136,22.251580661937727,24.93867952229519
men,5,pct_remaining,84,2 Physical only,s4,25.18483875822706,25.162505927494074,23.104815070011202,27.400699441490843,23.64840821195263,26.770929728103383
men,5,pct_remaining,86,2 Physical only,s4,26.929313666543322,26.907768067634123,24.51311708703665,29.499997873207132,25.150584024959734,28.753432031619642
men,5,pct_remaining,88,2 Physical only,s4,28.78608633912651,28.768491067098264,25.952794506928687,31.80125018932798,26.7081249626006,30.921794995555558
men,5,pct_remaining,90,2 Physical only,s4,30.71267390913762,30.69388092759528,27.407485172417243,34.248089495893424,28.275248967975582,33.21684325874738
men,5,pct_remaining,92,2 Physical only,s4,32.642439731867455,32.61967686759132,28.743930898619897,36.80818946436353,29.756464169404193,35.56871382030978
men,5,pct_remaining,94,2 Physical only,s4,34.48177256390868,34.46607538580151,29.91000839436534,39.36638749285998,31.108617085405506,37.94138710027912
men,5,pct_remaining,96,2 Physical only,s4,36.111943269411846,36.07648495271411,30.690547696762984,41.74037067818387,32.128331255728725,40.15747891841162
men,5,pct_remaining,98,2 Physical only,s4,37.397995559712726,37.33584895728894,30.97990245926997,44.09273962732368,32.68401608146415,42.11946206040186
men,5,pct_remaining,100,2 Physical only,s4,38.20534810904651,38.13605155039709,30.59602541251153,46.13856619588441,32.612110319181255,43.75622416456832
men,5,pct_remaining,102,2 Physical only,s4,38.42169392012674,38.3687062840849,29.254141041511623,47.81007907223947,31.826473707174685,45.149344336411325
men,5,pct_remaining,104,2 Physical only,s4,37.979132362129995,37.926729926523784,26.95109629283806,49.06134077952664,30.104105373784964,45.91352697540535
men,5,pct_remaining,106,2 Physical only,s4,36.87626112762542,36.84230849068047,23.79957304111017,50.00419597461687,27.56902752916273,46.1598356297154
men,5,pct_remaining,108,2 Physical only,s4,35.256336837839655,35.260235413611206,20.196530862874653,50.62983810441275,24.50936877875204,46.085003393674114
men,5,pct_remaining,110,2 Physical only,s4,33.82192266273317,33.765479281352825,17.40424644202592,50.85459839320527,21.887509713484974,45.87334904477626
men,5,pct_remaining,50,3 Cognitive only,s4,3.33255434190289,3.240670092793079,2.3512090510114927,4.875162196597371,2.5408612858582535,4.292404810275263
men,5,pct_remaining,52,3 Cognitive only,s4,3.1780052332583,3.108132222369213,2.3874530698011283,4.373073910710232,2.552932948910834,3.9423218134894595
men,5,pct_remaining,54,3 Cognitive only,s4,2.6988764925220106,2.6684739576034646,2.272482416269344,3.287118254439748,2.3696232099885783,3.0881929235257655
men,5,pct_remaining,56,3 Cognitive only,s4,2.5232825864812343,2.510272816611507,2.2492326079369023,2.866345118676933,2.317312937219783,2.7526506488839675
men,5,pct_remaining,58,3 Cognitive only,s4,2.5214980773403353,2.5160768214580993,2.288227340605989,2.7856252300616546,2.35261320552798,2.7041239445356475
men,5,pct_remaining,60,3 Cognitive only,s4,2.607196188131263,2.6028024485667136,2.3734676109634583,2.8649234052609365,2.440158705104672,2.787385605488255
men,5,pct_remaining,62,3 Cognitive only,s4,2.7421003166321154,2.7365624531804693,2.4911514440278593,3.0182317830952887,2.559801288519332,2.9331443895987803
men,5,pct_remaining,64,3 Cognitive only,s4,2.910677782371873,2.904682948994805,2.6353787938923854,3.215077631697403,2.708560664616001,3.121950022639211
men,5,pct_remaining,66,3 Cognitive only,s4,3.1073981327316016,3.1009254982766468,2.8005361258781725,3.4481743533312765,2.882794189134178,3.3417567614962693
men,5,pct_remaining,68,3 Cognitive only,s4,3.3312848815314977,3.324995937352973,2.9891689625954068,3.7156773188777343,3.0780106335143196,3.5932191181114534
men,5,pct_remaining,70,3 Cognitive only,s4,3.5836017946007876,3.575552755993952,3.198763663567863,4.017216973582354,3.298045043447951,3.878753423315832
men,5,pct_remaining,72,3 Cognitive only,s4,3.8668299503611228,3.857758918350196,3.428233182304604,4.354652978112699,3.5417006365512824,4.203330702945008
men,5,pct_remaining,74,3 Cognitive only,s4,4.184169274635032,4.1727538519046545,3.681189866162051,4.742077605312104,3.8119381311488323,4.570384392449025
men,5,pct_remaining,76,3 Cognitive only,s4,4.539232390179185,4.527834047613734,3.9614723519935438,5.178262756607013,4.112370800744435,4.984157231561874
men,5,pct_remaining,78,3 Cognitive only,s4,4.93576808254522,4.923043766641322,4.285134333706605,5.678461619855408,4.443134212621494,5.453855825929253
men,5,pct_remaining,80,3 Cognitive only,s4,5.37731615410714,5.362700053614276,4.61671032537973,6.246079287075293,4.807816397284776,5.98069683937129
men,5,pct_remaining,82,3 Cognitive only,s4,5.866720742566402,5.850084526417813,4.97732535414725,6.888023417626887,5.197512088465247,6.574091812275562
men,5,pct_remaining,84,3 Cognitive only,s4,6.405448255648905,6.3856291137413175,5.3601442997229185,7.615505386436301,5.617143796408886,7.23784795483475
men,5,pct_remaining,86,3 Cognitive only,s4,6.992694766449433,6.96286924197498,5.758282104174575,8.446212295154945,6.060064979868052,7.990797328163154
men,5,pct_remaining,88,3 Cognitive only,s4,7.624354717384587,7.589605686923922,6.155646788155588,9.36492833661782,6.522188952995394,8.828617874144097
men,5,pct_remaining,90,3 Cognitive only,s4,8.292087047280681,8.247484712065749,6.545638362243849,10.408801498240877,6.976355201646916,9.733591843030249
men,5,pct_remaining,92,3 Cognitive only,s4,8.982964457628714,8.915248901473822,6.893217382316092,11.56226239654563,7.400666514170135,10.732708953755662
men,5,pct_remaining,94,3 Cognitive only,s4,9.680468790503625,9.578626106641511,7.195105957551336,12.8572712348532,7.783156224104831,11.816593760372742
men,5,pct_remaining,96,3 Cognitive only,s4,10.367725522546817,10.213805281106254,7.359263571618247,14.310852626821118,8.104178778347507,12.981311583452523
men,5,pct_remaining,98,3 Cognitive only,s4,11.033564249449324,10.802204713817193,7.420152456844463,15.945360678306788,8.303452166335855,14.248321230721833
men,5,pct_remaining,100,3 Cognitive only,s4,11.680975938068313,11.350284374996999,7.376675838150603,17.885389410840972,8.381577874013526,15.673189580689147
men,5,pct_remaining,102,3 Cognitive only,s4,12.33574170156987,11.838136645759572,7.191194657284504,20.3795276976521,8.317247731893335,17.367437781715495
men,5,pct_remaining,104,3 Cognitive only,s4,13.050361260738532,12.296292551969149,6.879343648191175,23.512029316075672,8.111020320318763,19.5892641440435
men,5,pct_remaining,106,3 Cognitive only,s4,13.892242415114826,12.767771960071665,6.474802556286418,27.7949602046476,7.826225939731249,22.34242991044691
men,5,pct_remaining,108,3 Cognitive only,s4,14.874132327048873,13.299262264054313,5.987738236792381,32.93296480701935,7.500724083812863,25.60035440865885
men,5,pct_remaining,110,3 Cognitive only,s4,15.698148589635753,13.715812067695513,5.606123550360662,37.306636676300215,7.247644365502368,28.222002626216135
men,5,pct_remaining,50,4 Both,s4,12.064283532201648,11.912760108070914,9.469199570193206,15.511254515474906,10.062505445435779,14.362416538318016
men,5,pct_remaining,52,4 Both,s4,6.5007513741053655,6.3504895438286555,4.578562561072753,9.237426109292048,4.984251726826089,8.331185077323996
men,5,pct_remaining,54,4 Both,s4,4.488314880849985,4.375487296589268,3.3832672667297627,6.223912032165197,3.5905917601363706,5.619480694685993
men,5,pct_remaining,56,4 Both,s4,3.7021905564780364,3.6299289487115867,3.0493719874464023,4.770018340278905,3.1692055776389414,4.366636337571977
men,5,pct_remaining,58,4 Both,s4,3.4250643968667873,3.385446322812535,2.986914977433623,4.08176529542665,3.0806546781587025,3.836358282845313
men,5,pct_remaining,60,4 Both,s4,3.3893375087508457,3.373434245232377,3.036350841768539,3.833271866077864,3.1252044593951105,3.6832464536235987
men,5,pct_remaining,62,4 Both,s4,3.4847128774726155,3.4770077206357852,3.1548807895439293,3.848405599333708,3.246321367573716,3.740123560553135
men,5,pct_remaining,64,4 Both,s4,3.6634842116121673,3.6570051753828214,3.3189174591056965,4.037382178803684,3.4201638681978923,3.920280469569281
men,5,pct_remaining,66,4 Both,s4,3.905424166332854,3.8986214989524908,3.5313347349824444,4.316605141117407,3.6404706698560343,4.184354229248526
men,5,pct_remaining,68,4 Both,s4,4.203622834811927,4.196384901377731,3.7864443943266415,4.6670317072982925,3.9027627404949734,4.51822138462279
men,5,pct_remaining,70,4 Both,s4,4.558468631699571,4.550094505875983,4.090682682045442,5.085936434313057,4.216429540029565,4.914707553482249
men,5,pct_remaining,72,4 Both,s4,4.975057706854423,4.965533367694968,4.436800215239172,5.575960488642483,4.588469579324015,5.38319957870236
men,5,pct_remaining,74,4 Both,s4,5.462163159007204,5.451603221810316,4.843887823425273,6.15715376221765,5.014005298860762,5.9330542983314025
men,5,pct_remaining,76,4 Both,s4,6.031974252499869,6.020616099726986,5.31829208040766,6.842051624094076,5.509237082079356,6.578857255451855
men,5,pct_remaining,78,4 Both,s4,6.700242024902571,6.682912594300117,5.867300911059443,7.64128380996354,6.089964555302536,7.337563681597715
men,5,pct_remaining,80,4 Both,s4,7.486628537303053,7.464717093030432,6.525192645683381,8.597348383360368,6.774467426306748,8.240139137052061
men,5,pct_remaining,82,4 Both,s4,8.415092667089654,8.387420157167211,7.280943205196774,9.739067198296963,7.566048979319239,9.31292599563326
men,5,pct_remaining,84,4 Both,s4,9.514105461330356,9.475656696757202,8.156571023174987,11.091074664193174,8.49202408729925,10.589871602866863
men,5,pct_remaining,86,4 Both,s4,10.81639130688238,10.769126688993131,9.17203381432534,12.71297116239519,9.574955529751863,12.116101838982624
men,5,pct_remaining,88,4 Both,s4,12.357757108493807,12.302609441612152,10.349858459884592,14.651836918116151,10.848124750425987,13.934305621643169
men,5,pct_remaining,90,4 Both,s4,14.17445006411144,14.107842486425714,11.727026681686482,16.98486036436663,12.329160474775675,16.112015952125102
men,5,pct_remaining,92,4 Both,s4,16.298484679171914,16.217123995361767,13.29280859181414,19.74896038439843,14.07375209468598,18.668139470474344
men,5,pct_remaining,94,4 Both,s4,18.750675813842133,18.659456890827855,15.104463434772619,23.028027200236995,16.016216386325564,21.66679067765708
men,5,pct_remaining,96,4 Both,s4,21.53187661779189,21.444559542790728,17.016738646306894,26.72857847883613,18.17797005869162,25.099654101779535
men,5,pct_remaining,98,4 Both,s4,24.614129852050144,24.49493141615778,19.139411152966648,30.959620064077697,20.508670399136403,28.94938433013783
men,5,pct_remaining,100,4 Both,s4,27.93469103033584,27.782804028236406,21.298128404504638,35.52698210191832,22.982010784648615,33.16628319274808
men,5,pct_remaining,102,4 Both,s4,31.396447389534853,31.228788792857138,23.48131576009573,40.369028707267475,25.443045612250643,37.65700649922057
men,5,pct_remaining,104,4 Both,s4,34.87730076155682,34.6955777695941,25.470950495492684,45.32490461317693,27.85000312839352,42.16886229310885
men,5,pct_remaining,106,4 Both,s4,38.2431041411687,38.06099787301751,27.034196627898005,50.38514313518354,29.92188960579402,46.74017877990346
men,5,pct_remaining,108,4 Both,s4,41.290834027683516,41.19412905312579,27.805384347181395,55.19690976954403,31.61695532598853,51.10887999145581
men,5,pct_remaining,110,4 Both,s4,43.29210974089715,43.1919286995251,28.205185019353056,58.579709561511784,32.48464230309489,54.179696486218106
