sex,prior_sd,quantity,age,state,radix,mean,median,lo95,hi95,lo84,hi84
women,10,expectancy,50,1 Functional,population,24.74239124611151,24.743962020373218,24.473578905648406,25.00497768222594,24.55044106579333,24.933334879506702
women,10,expectancy,52,1 Functional,population,23.318367512904487,23.319265358623987,23.07105133385019,23.559899136088656,23.140827462944895,23.494215827312924
women,10,expectancy,54,1 Functional,population,21.896525957196108,21.896261651198,21.66618465916972,22.12233215437621,21.7321933345174,22.061010173334154
women,10,expectancy,56,1 Functional,population,20.47238104856717,20.471699360672968,20.25442069820586,20.688611703320696,20.317000684360785,20.62996433391982
women,10,expectancy,58,1 Functional,population,19.047292082262594,19.046367172207596,18.836329858682156,19.258226310738728,18.895824847412175,19.200835635648914
women,10,expectancy,60,1 Functional,population,17.625610071692734,17.625422083000323,17.417654706645607,17.836967091782835,17.47397782477815,17.77815096713357
women,10,expectancy,62,1 Functional,population,16.213191421902135,16.213136651136605,16.002416019410575,16.42696639952349,16.060514333154547,16.367338912876907
women,10,expectancy,64,1 Functional,population,14.816696547167561,14.817029039507883,14.603417768947844,15.034876639436408,14.661837275717394,14.971584363747153
women,10,expectancy,66,1 Functional,population,13.443290226625814,13.443857531323985,13.227502744780374,13.665339375948664,13.286542030127798,13.601167051426032
women,10,expectancy,68,1 Functional,population,12.100529427079296,12.100777384564214,11.883385909100422,12.324001415385267,11.941749143351553,12.25982004428932
women,10,expectancy,70,1 Functional,population,10.796320344651646,10.796454695190656,10.579471388829427,11.019702130735727,10.637544080640987,10.956294049171548
women,10,expectancy,72,1 Functional,population,9.538877046075001,9.53904485777413,9.32249142957102,9.763310048595862,9.38095142349997,9.698164074267627
women,10,expectancy,74,1 Functional,population,8.336640186413865,8.336344571181062,8.12288410496481,8.558999807782962,8.180968060158886,8.49387408674256
women,10,expectancy,76,1 Functional,population,7.198128518450577,7.197516150105288,6.988570525013921,7.415871908902014,7.044969345682213,7.3521643580244636
women,10,expectancy,78,1 Functional,population,6.131705968629953,6.130745381329751,5.92814029136267,6.342411939853503,5.982759499565777,6.281044387039771
women,10,expectancy,80,1 Functional,population,5.1452576989833245,5.144730325653061,4.949433153679487,5.347682930357104,5.001189886565139,5.289475259971979
women,10,expectancy,82,1 Functional,population,4.245782502600145,4.244949974259967,4.057661608062513,4.439590564904417,4.108046330207501,4.383689688766558
women,10,expectancy,84,1 Functional,population,3.438926644760465,3.438010620806752,3.2612920669415195,3.622230580119929,3.3096562862059766,3.569219406148472
women,10,expectancy,86,1 Functional,population,2.7285037017361606,2.727607989578774,2.5636651089754277,2.899906417841986,2.608114335171073,2.8504272820702488
women,10,expectancy,88,1 Functional,population,2.1160609444360805,2.115147892633119,1.965482037645778,2.2748370281801025,2.0057115556988228,2.2284831014235644
women,10,expectancy,90,1 Functional,population,1.6005585734214711,1.5992756444423826,1.4659496286782618,1.7434839622326932,1.5018568998179413,1.7019021480437855
women,10,expectancy,92,1 Functional,population,1.1782189828024412,1.1767989463592223,1.0593276505099851,1.3050897532516537,1.0917983204955934,1.2675351329745674
women,10,expectancy,94,1 Functional,population,0.8425821321555745,0.8411056196131694,0.7402571239076415,0.9534590062428487,0.7684270824306041,0.9191860849545967
women,10,expectancy,96,1 Functional,population,0.5847826691202068,0.5832944108995275,0.499720574359555,0.677694706261789,0.5229935010246408,0.6493638087526256
women,10,expectancy,98,1 Functional,population,0.39405781118886285,0.39261621211508396,0.3255766369702688,0.4702540346410317,0.34382741550203966,0.44677152670285125
women,10,expectancy,100,1 Functional,population,0.2584948355048866,0.25720417394064043,0.20457084147717666,0.31910089688500887,0.21901741072707792,0.30086674714626105
women,10,expectancy,102,1 Functional,population,0.1659981454978232,0.16475587681140244,0.12439690109655875,0.21347477209309784,0.13537907462677135,0.1991315212952212
women,10,expectancy,104,1 Functional,population,0.10538352338459182,0.10428827392481353,0.07333460494886687,0.14308052722381376,0.0818231396896059,0.1311897179536624
women,10,expectancy,106,1 Functional,population,0.067506978384758,0.06640212913371886,0.04278041130277433,0.09808929275794905,0.049016806988663696,0.0881345393336549
women,10,expectancy,108,1 Functional,population,0.04687506677903512,0.0455555935469369,0.02619009518312377,0.0745882129242775,0.031093244658011807,0.06484715057886045
women,10,expectancy,110,1 Functional,population,0.047367986651458756,0.045562260241979076,0.022989868394321565,0.08119609159014612,0.028486562947694,0.06937273086812969
women,10,expectancy,50,2 Physical only,population,4.917053228784792,4.916472870037431,4.786909207318289,5.049706328348298,4.822448022761449,5.013099868905881
women,10,expectancy,52,2 Physical only,population,4.7187969529877005,4.7181870399166135,4.590560507655644,4.849138781557586,4.626088756456953,4.813349339858651
women,10,expectancy,54,2 Physical only,population,4.521005695177538,4.520317042398862,4.395854721293515,4.649310673636543,4.430166259607829,4.612968578929034
women,10,expectancy,56,2 Physical only,population,4.328681507213957,4.3282311886978135,4.2039382960349565,4.457376915122626,4.238626954739347,4.419658521318099
women,10,expectancy,58,2 Physical only,population,4.1430937556790814,4.142824095400086,4.016930454856784,4.27245011471718,4.052379558611469,4.235049957257063
women,10,expectancy,60,2 Physical only,population,3.963887849237048,3.9634955367519464,3.8350005295355616,4.096466012580862,3.8717429507357437,4.058352607202334
women,10,expectancy,62,2 Physical only,population,3.790025029801143,3.789232933990188,3.657941625778519,3.9264999779738914,3.6957629649376984,3.8867223780269917
women,10,expectancy,64,2 Physical only,population,3.6202409893912697,3.6197052742414417,3.4841729001789283,3.760984757179868,3.5232934024136,3.7198346950277132
women,10,expectancy,66,2 Physical only,population,3.453268567110949,3.452472613127278,3.3135160882203407,3.5975803503835393,3.353829290270058,3.55518361217158
women,10,expectancy,68,2 Physical only,population,3.2879439530924315,3.287094569909841,3.1458908041374154,3.435832634760608,3.1864677084804236,3.3925186295659286
women,10,expectancy,70,2 Physical only,population,3.123258322699639,3.122303263803751,2.978633905925131,3.2740669963165456,3.0192411409444455,3.230755851936379
women,10,expectancy,72,2 Physical only,population,2.958386645141635,2.9572280064424263,2.811517521415416,3.1118983799575535,2.8524340640662595,3.0673054024975572
women,10,expectancy,74,2 Physical only,population,2.7927090474342826,2.79143240905666,2.643890217359849,2.948143170793843,2.685182733676217,2.9031031113810815
women,10,expectancy,76,2 Physical only,population,2.625830981581946,2.6244087385407155,2.475495743383117,2.7835849583916783,2.51745560498883,2.737000425655488
women,10,expectancy,78,2 Physical only,population,2.457602999942092,2.4558467492610174,2.307087575160781,2.617670948217424,2.349119734616985,2.570353243311595
women,10,expectancy,80,2 Physical only,population,2.2881373974125356,2.2863438454698963,2.1372321828250147,2.4494267516835784,2.178931513173314,2.40167101362755
women,10,expectancy,82,2 Physical only,population,2.1178167062083566,2.115834206658392,1.9667453570488824,2.2798342411610713,2.0079501998549683,2.2315052590258424
women,10,expectancy,84,2 Physical only,population,1.9472883003525425,1.9454586124765276,1.7950228940768547,2.109760690769494,1.8379920942316126,2.0613816418625657
women,10,expectancy,86,2 Physical only,population,1.7774410844604753,1.7755517735905362,1.6253987920379676,1.9397433424173562,1.6680837179970998,1.8920508054798515
women,10,expectancy,88,2 Physical only,population,1.6093653302319835,1.6072895091742625,1.4582010880483376,1.7713449071593976,1.4998569141638534,1.7243289824186308
women,10,expectancy,90,2 Physical only,population,1.4443048120647606,1.4423378776643048,1.2934131073241264,1.6071044429887555,1.335623323835821,1.5590446282778272
women,10,expectancy,92,2 Physical only,population,1.2836178736019914,1.2814236140262973,1.1344409138883411,1.4458568517250254,1.1752031417401207,1.3978916301575015
women,10,expectancy,94,2 Physical only,population,1.128763218391108,1.1262815124744083,0.9813120629242721,1.2911799270700188,1.021145789015582,1.2437225056418773
women,10,expectancy,96,2 Physical only,population,0.9813096711564256,0.9783537644611775,0.8344904994821556,1.1444677647735302,0.8736808899452114,1.0961413378058966
women,10,expectancy,98,2 Physical only,population,0.8429432927377954,0.8400243728633225,0.6968662233982962,1.007946846152124,0.7349520175093635,0.9583555118625284
women,10,expectancy,100,2 Physical only,population,0.7154454829681641,0.7118706101754678,0.5693512470874608,0.8835039934910051,0.6068258929100453,0.83155142292196
women,10,expectancy,102,2 Physical only,population,0.600706303008631,0.5963176224305009,0.4556998423857055,0.771099441493043,0.4917542172435269,0.718369063311753
women,10,expectancy,104,2 Physical only,population,0.5011389896030689,0.49585329956524643,0.3564829480668643,0.6725279604184895,0.39204940331687843,0.6210026190744898
women,10,expectancy,106,2 Physical only,population,0.4219297497609455,0.41604592519536765,0.2765952651507355,0.599795383054531,0.31084922161645195,0.5452873416371457
women,10,expectancy,108,2 Physical only,population,0.3816014276140706,0.373548963850983,0.22667997800878187,0.5806416978744233,0.2627309436080358,0.5166433782156198
women,10,expectancy,110,2 Physical only,population,0.46540059794699384,0.45473769827772315,0.25175560281016596,0.7431709670988165,0.2992443910172666,0.6528429526755706
women,10,expectancy,50,3 Cognitive only,population,0.7055655569452866,0.705072006040518,0.6552707388326892,0.7593915155770159,0.6687037691475429,0.743911490880582
women,10,expectancy,52,3 Cognitive only,population,0.7042926708576941,0.7038776972806421,0.6532051607334992,0.7590545401264299,0.6668826523488018,0.7432806459949027
women,10,expectancy,54,3 Cognitive only,population,0.7022476662716747,0.7016555812938156,0.6502141343529358,0.7580815130562125,0.6641180666168994,0.7420410908795636
women,10,expectancy,56,3 Cognitive only,population,0.6995809053306897,0.6990037601163077,0.6464849836818277,0.7566545514740728,0.6605726945427176,0.7402231304265056
women,10,expectancy,58,3 Cognitive only,population,0.6962323613544913,0.6956695694184838,0.6419987938124456,0.7544837981512362,0.6563428610380957,0.7377513083373045
women,10,expectancy,60,3 Cognitive only,population,0.6921195809389892,0.6916186816117194,0.6362201029600298,0.7516502708990581,0.6514352250403126,0.7345278319377362
women,10,expectancy,62,3 Cognitive only,population,0.6871488059261253,0.6865745086766195,0.6298405860827964,0.7482536823324739,0.6454176715346731,0.7305258965854989
women,10,expectancy,64,3 Cognitive only,population,0.6812124473543482,0.6805624554198124,0.6223851530269846,0.7438395754919026,0.6384058054480638,0.7256524413783875
women,10,expectancy,66,3 Cognitive only,population,0.6741874756315239,0.6733762367491917,0.6137914434894292,0.7385403812415771,0.630321951016257,0.7196124306463528
women,10,expectancy,68,3 Cognitive only,population,0.6659354950804764,0.6650227235656707,0.6042156597366614,0.7319312213033293,0.6211072885931441,0.7123533574371284
women,10,expectancy,70,3 Cognitive only,population,0.6563041529966881,0.6552456603267407,0.5929943939061583,0.724016192372476,0.6104373518155993,0.7038038010262457
women,10,expectancy,72,3 Cognitive only,population,0.6451295916466157,0.6441224818592683,0.5804409302989862,0.7142924894416521,0.5982162365051621,0.6938273332230291
women,10,expectancy,74,3 Cognitive only,population,0.6322396838616214,0.6312034846044348,0.5661657041971226,0.7027316682936317,0.5842604597150134,0.68232856112050555
women,10,expectancy,76,3 Cognitive only,population,0.6174577161757716,0.6165477075168115,0.5495214421652991,0.6895663859788731,0.5684452100067111,0.6689777706597478
women,10,expectancy,78,3 Cognitive only,population,0.6006060596952486,0.5995538696511264,0.5314884148938906,0.6741215126319186,0.5504521385390775,0.6531770977527328
women,10,expectancy,80,3 Cognitive only,population,0.5815093210768212,0.5803948578232099,0.5113586788500477,0.6560192399567442,0.5303221715620062,0.6350082103982806
women,10,expectancy,82,3 Cognitive only,population,0.55999670975348,0.5589100210208471,0.48877558561017465,0.6360561669757041,0.5081826826610757,0.6145051913197086
women,10,expectancy,84,3 Cognitive only,population,0.5359042330906675,0.5347920734310598,0.46355969518773776,0.613195962023663,0.48335556435592203,0.5910960653213988
women,10,expectancy,86,3 Cognitive only,population,0.5090792571416581,0.5078840340963418,0.43607215527870385,0.5874391001940651,0.45594721775617364,0.5650672514986655
women,10,expectancy,88,3 Cognitive only,population,0.47939317388109115,0.47810033891924175,0.406514061490711,0.558985640638425,0.42601733049510565,0.5360368902920523
women,10,expectancy,90,3 Cognitive only,population,0.44677173115486574,0.4453903045857886,0.3732561655336883,0.527485545206924,0.3932077177423626,0.5037072852644738
women,10,expectancy,92,3 Cognitive only,population,0.4112542966861048,0.40972058181172444,0.3382946190533652,0.49230400882012687,0.357864183140228,0.4683009051248008
women,10,expectancy,94,3 Cognitive only,population,0.37308745653667336,0.3712723956254969,0.30112290603439057,0.45488900773620494,0.3203206120673256,0.42955341278180204
women,10,expectancy,96,3 Cognitive only,population,0.33283907051037515,0.33087276507669233,0.2631952226438696,0.4145416855804279,0.28109837874905685,0.38875467373246386
women,10,expectancy,98,3 Cognitive only,population,0.2914889312462966,0.28922063835853395,0.22377278094253888,0.37205001764698986,0.2407553032750799,0.3473694942275406
women,10,expectancy,100,3 Cognitive only,population,0.2504346566536661,0.2477790119521336,0.1848800272768151,0.33073249794816634,0.20084700936529726,0.305761867900601
women,10,expectancy,102,3 Cognitive only,population,0.211390302393668,0.20841579369344188,0.1480873675129474,0.2923188650410881,0.16320742812894745,0.26590481235739466
women,10,expectancy,104,3 Cognitive only,population,0.17630847117325013,0.1727317984208704,0.1154438390470465,0.2583085076618195,0.1294297462762247,0.23023096386820915
women,10,expectancy,106,3 Cognitive only,population,0.14790262055390685,0.14371331152129085,0.0880236323803718,0.23247224020298415,0.10163542126931022,0.20264793709790552
women,10,expectancy,108,3 Cognitive only,population,0.13315218358401104,0.12769696681654435,0.07052039609307338,0.2269270224439217,0.08417364094304979,0.1929502308677392
women,10,expectancy,110,3 Cognitive only,population,0.1619479045490562,0.1534125760894682,0.0760496075100113,0.2957057404541796,0.09382828715601016,0.24727094948406136
women,10,expectancy,50,4 Both,population,1.1024468515821033,1.1010889870573461,1.017763794061285,1.1952711363113038,1.039876269430698,1.1674242391301497
women,10,expectancy,52,4 Both,population,1.1044868138430348,1.1031836162757311,1.0184958974306022,1.199015215214638,1.0411069784777558,1.1702477098598554
women,10,expectancy,54,4 Both,population,1.106716611621548,1.1054153413265437,1.0190926020220634,1.2028959746807526,1.042309566233804,1.1737007524029293
women,10,expectancy,56,4 Both,population,1.108800878857596,1.1075149308549845,1.019232097586508,1.2070116931891148,1.0430886587544512,1.1771918535444583
women,10,expectancy,58,4 Both,population,1.1107620981889648,1.1094206406119282,1.0193136027371852,1.2108391438407466,1.0436505029425942,1.1807903923159184
women,10,expectancy,60,4 Both,population,1.1126148864286003,1.1114245293108174,1.01924838643785,1.215019277910145,1.0440466257816436,1.1837488117169026
women,10,expectancy,62,4 Both,population,1.114343663553185,1.113088358237579,1.0186286079311742,1.2189421033069632,1.0443427174282438,1.1872599782552797
women,10,expectancy,64,4 Both,population,1.1159090985161961,1.1144890074988454,1.0177148039516146,1.22278497021451,1.0444609593096261,1.190705009680379
women,10,expectancy,66,4 Both,population,1.1172548457943605,1.1158304428149064,1.0166041420340102,1.2270209478235024,1.043710294957512,1.1942103447706873
women,10,expectancy,68,4 Both,population,1.1183134781825925,1.116872633085923,1.0150501136543617,1.2315914434562865,1.0427861490697805,1.1974632685226523
women,10,expectancy,70,4 Both,population,1.1190130844648618,1.117426881812983,1.0127929274677343,1.2360291463800541,1.0413802949215885,1.2003073762927514
women,10,expectancy,72,4 Both,population,1.1192858981139482,1.1175108815767731,1.0097143969926672,1.2396954810450973,1.0393738524909577,1.2028074724771074
women,10,expectancy,74,4 Both,population,1.1190799036466306,1.1172830105077687,1.0061734901871764,1.243561397879879,1.0367359777607317,1.2051798726633889
women,10,expectancy,76,4 Both,population,1.1183737661328998,1.1164807744746483,1.0018038334481365,1.2471251021928975,1.0334047234072081,1.207293319539946
women,10,expectancy,78,4 Both,population,1.1171945196164776,1.1151684258793813,0.9963489586818386,1.2507621958867698,1.0295891676560034,1.2092185000789977
women,10,expectancy,80,4 Both,population,1.115636111375218,1.113558912950854,0.9906031241666158,1.2538573840233762,1.024734705404776,1.2112429383208398
women,10,expectancy,82,4 Both,population,1.1138751138586556,1.1115080888521054,0.9837125448775547,1.2581429282099608,1.0192658654294184,1.213113448588857
women,10,expectancy,84,4 Both,population,1.1121779026823824,1.1092594826274496,0.97655884136523885,1.2621896054675388,1.012828391787979,1.215795714086794
women,10,expectancy,86,4 Both,population,1.1108920160891216,1.1078228402677226,0.9688356988081475,1.2684142673538243,1.006922074635891,1.2198585969038185
women,10,expectancy,88,4 Both,population,1.1104145961922116,1.1070130633182143,0.9625690679374104,1.2771637072138315,1.0012374617759365,1.2253163624831194
women,10,expectancy,90,4 Both,population,1.1111348148371731,1.1073084199465533,0.9547450542103676,1.2886516142187616,0.9954891573968854,1.2328331231295664
women,10,expectancy,92,4 Both,population,1.1133569991794494,1.1087817311579347,0.9484909730525589,1.3010618209882834,0.990568913899968,1.2436103578812896
women,10,expectancy,94,4 Both,population,1.1172264458004244,1.112086445086474,0.9421430208601714,1.3192065366905192,0.9865807639712387,1.2561554409766091
women,10,expectancy,96,4 Both,population,1.1226954334214614,1.1170127801577054,0.9368095794784783,1.3404181264220134,0.9843971572427123,1.2711346852513339
women,10,expectancy,98,4 Both,population,1.129578072463754,1.1225038451482385,0.9321606896962545,1.363510199707822,0.9819629937497534,1.2893647289001329
women,10,expectancy,100,4 Both,population,1.1377773576834653,1.129537839785085,0.9279690299094464,1.3901663655282523,0.9803269541980746,1.3100662837675445
women,10,expectancy,102,4 Both,population,1.147976458078128,1.1387876483332935,0.924599140378029,1.4200083665891212,0.9797800755183422,1.3340813862352487
women,10,expectancy,104,4 Both,population,1.164026563966235,1.1535345543856068,0.9261731275435731,1.4587501644968233,0.9844879919917258,1.3654006816470035
women,10,expectancy,106,4 Both,population,1.2023016628657952,1.1896431680280481,0.9447131394195256,1.5261159753374614,1.0067803450861774,1.4229304182109392
women,10,expectancy,108,4 Both,population,1.3325732080268458,1.316604498533637,1.0374052900423072,1.705416635955434,1.109046051097604,1.584851648496051
women,10,expectancy,110,4 Both,population,1.8800329610162947,1.8697582388517437,1.4985740282053526,2.3028963594072875,1.601274116752462,2.175961840181513
women,10,expectancy,50,1 Functional,s1,25.387393957350486,25.38856650084715,25.134166649120232,25.636331877109285,25.20775009124645,25.56770778221529
women,10,expectancy,52,1 Functional,s1,23.64766532750707,23.647940348786182,23.40927345499833,23.88231023970714,23.477681725161606,23.817900245475155
women,10,expectancy,54,1 Functional,s1,22.065572823239084,22.064981826814105,21.84022526211331,22.28754171988849,21.904452348074912,22.226755686323877
women,10,expectancy,56,1 Functional,s1,20.559644360453746,20.558651137006997,20.344599817554432,20.77283977416426,20.40545659732855,20.71541801502854
women,10,expectancy,58,1 Functional,s1,19.092629066392153,19.091828724795544,18.882499378022533,19.302754081787793,18.942286174165975,19.245853136467996
women,10,expectancy,60,1 Functional,s1,17.649341417933822,17.648922346297734,17.441264738581314,17.85996684537422,17.498614607492637,17.801451049201468
women,10,expectancy,62,1 Functional,s1,16.225715870861496,16.225686717223304,16.015155672159523,16.43934555250367,16.072984588766353,16.379893132159786
women,10,expectancy,64,1 Functional,s1,14.823361717535319,14.823601357755058,14.61011953538018,15.041817621442087,14.668899123839278,14.978471027080824
women,10,expectancy,66,1 Functional,s1,13.446864431788978,13.447454368252522,13.230969414016794,13.66883868417895,13.29006345926849,13.604825543088646
women,10,expectancy,68,1 Functional,s1,12.102457744864088,12.10270310012363,11.885480217270063,12.326118166210275,11.943559694809315,12.261776209070614
women,10,expectancy,70,1 Functional,s1,10.797364475660862,10.797477482185908,10.580539716831316,11.020682017519928,10.63857583146195,10.957419206779472
women,10,expectancy,72,1 Functional,s1,9.539442687866982,9.539598533898797,9.323015524728856,9.763856508049418,9.381510734870096,9.69875953773673
women,10,expectancy,74,1 Functional,s1,8.336945636282124,8.336643342834503,8.123190188917915,8.55928397205373,8.181294779803112,8.494149792163064
women,10,expectancy,76,1 Functional,s1,7.198292281356391,7.197690391624714,6.988753822070573,7.4160353643029495,7.045136310708443,7.3523256351821225
women,10,expectancy,78,1 Functional,s1,6.131792782718915,6.130835962739777,5.928240676240488,6.342534117211082,5.982838643208147,6.2811342729995845
women,10,expectancy,80,1 Functional,s1,5.14530302284891,5.14477765125677,4.949462546682152,5.3477446237466095,5.001230801646245,5.289530523168718
women,10,expectancy,82,1 Functional,s1,4.245805719304716,4.244976848147113,4.0576792419998196,4.439610893059977,4.108065755065603,4.38371632282401
women,10,expectancy,84,1 Functional,s1,3.4389382740385233,3.4380222721538027,3.2613027563253736,3.622241206847223,3.309669161659383,3.569230578935656
women,10,expectancy,86,1 Functional,s1,2.7285093814711865,2.727613817933144,2.563671115207746,2.89991353624683,2.608120714063402,2.85043359047597
women,10,expectancy,88,1 Functional,s1,2.1160636427209782,2.115150717979427,1.9654847816309873,2.2748403866741116,2.0057148701985175,2.2284868913425373
women,10,expectancy,90,1 Functional,s1,1.600559817935787,1.599276768054668,1.465950688348675,1.7434850085755595,1.501857762175507,1.701903389003672
women,10,expectancy,92,1 Functional,s1,1.1782195392377501,1.1767993872413078,1.0593281520163078,1.3050904033542532,1.091798863760015,1.2675356250391299
women,10,expectancy,94,1 Functional,s1,0.8425823730677524,0.841105893254035,0.7402573346230673,0.9534593175555468,0.7684272954880659,0.9191864633108028
women,10,expectancy,96,1 Functional,s1,0.5847827700716597,0.583294521717472,0.4997206869423048,0.6776948306155658,0.5229936138584321,0.6493639052942439
women,10,expectancy,98,1 Functional,s1,0.39405785215809164,0.39261626044757536,0.3255766567501171,0.47025406836928624,0.34382745358699207,0.44677156813517266
women,10,expectancy,100,1 Functional,s1,0.25849485165360214,0.2572041879418393,0.2045708644928088,0.31910091368814547,0.21901743532047266,0.3008667655934345
women,10,expectancy,102,1 Functional,s1,0.16599815171955565,0.16475588189037516,0.12439690341047703,0.21347477882963403,0.13537907729409968,0.19913152710536172
women,10,expectancy,104,1 Functional,s1,0.10538352575282658,0.10428827907372837,0.07333460705913704,0.1430805282305888,0.08182314194867912,0.13118971872024549
women,10,expectancy,106,1 Functional,s1,0.06750697929157357,0.06640212993897208,0.04278041253208386,0.09808929373775348,0.049016807824183876,0.0881345402448307
women,10,expectancy,108,1 Functional,s1,0.04687506715140693,0.045555593618434434,0.026190095553800717,0.07458821304889068,0.03109324507474605,0.06484715078683233
women,10,expectancy,110,1 Functional,s1,0.04736798688997122,0.04556226033776191,0.022989868605466503,0.08119609174487427,0.02848656315949059,0.06937273123959703
women,10,expectancy,50,2 Physical only,s1,4.580245254428336,4.579017744325926,4.452491488993346,4.710710522569286,4.487559851032771,4.67421695375803
women,10,expectancy,52,2 Physical only,s1,4.550200151417916,4.549444451582757,4.423423419356686,4.679375933435206,4.458774703252792,4.643386467863349
women,10,expectancy,54,2 Physical only,s1,4.436628888115307,4.4359435409674,4.311604225553132,4.56537262466018,4.345931701517698,4.528354954117947
women,10,expectancy,56,2 Physical only,s1,4.28659355217741,4.286224213702459,4.161921500168623,4.415180904830486,4.196568961592428,4.377803867031959
women,10,expectancy,58,2 Physical only,s1,4.1221739410784215,4.121947976873972,3.9958247837752703,4.251632794205803,4.031562163772432,4.214176667424039
women,10,expectancy,60,2 Physical only,s1,3.953523482099969,3.953192042569836,3.824240546964344,4.086717496765818,3.8613104840980608,4.048013977433975
women,10,expectancy,62,2 Physical only,s1,3.7849062266517346,3.7842040186005708,3.6523993437466244,3.921461808522125,3.6906467033252235,3.882078486068743
women,10,expectancy,64,2 Physical only,s1,3.6177215755237464,3.6171678558721543,3.4815297734205655,3.75841202000408,3.520796968658356,3.7173856056999965
women,10,expectancy,66,2 Physical only,s1,3.4520339714749118,3.4512552265903844,3.3123570482072417,3.596308953473211,3.352663684194759,3.554065686813657
women,10,expectancy,68,2 Physical only,s1,3.2873426595556823,3.286489340209492,3.145313922629959,3.4352454538577906,3.185806652476983,3.3919608937768007
women,10,expectancy,70,2 Physical only,s1,3.1229680460488596,3.1219914547282217,2.978334704131101,3.273762437649142,3.0189324781662306,3.230477017558304
women,10,expectancy,72,2 Physical only,s1,2.958248279989154,2.9570806512512,2.8113806335541933,3.111760655572525,2.8522932366059113,3.0671439481219136
women,10,expectancy,74,2 Physical only,s1,2.792644271626265,2.7913703061913635,2.6438141634658248,2.9480751662799975,2.6851153141456114,2.9030480181653497
women,10,expectancy,76,2 Physical only,s1,2.625801419374386,2.624380891561704,2.4754671437942783,2.783559509968799,2.5174228382215986,2.736962289884255
women,10,expectancy,78,2 Physical only,s1,2.4575899904292555,2.4558353203743604,2.307076345542942,2.617659295922827,2.349109658365166,2.5703429724954834
women,10,expectancy,80,2 Physical only,s1,2.2881319730842367,2.2863378740906883,2.137226765483848,2.449422336512616,2.1789225239447405,2.401666762941847
women,10,expectancy,82,2 Physical only,s1,2.1178146331799566,2.1158318505786684,1.9667427576191463,2.279830671641005,2.0079476155170926,2.2315036482148036
women,10,expectancy,84,2 Physical only,s1,1.9472876302431734,1.945458083342951,1.7950220403043131,2.109759254591675,1.837991884176665,2.061380639788849
women,10,expectancy,86,2 Physical only,s1,1.7774409531333046,1.7755515782645714,1.6253988839772449,1.9397433820135772,1.6680836406780002,1.8920506720281571
women,10,expectancy,88,2 Physical only,s1,1.6093653747010133,1.6072894609788855,1.458201492544308,1.7713449456571175,1.4998570861559404,1.7243293311174777
women,10,expectancy,90,2 Physical only,s1,1.4443048924158854,1.442337928381537,1.2934132043829545,1.6071045304187668,1.3356233961548045,1.5590448180617766
women,10,expectancy,92,2 Physical only,s1,1.283617943878633,1.281423789425922,1.134441049140911,1.445857115779913,1.1752031119397552,1.3978916690704444
women,10,expectancy,94,2 Physical only,s1,1.1287632689365712,1.1262815670231245,0.9813120606049198,1.2911799379675144,1.0211458489997804,1.2437225582085745
women,10,expectancy,96,2 Physical only,s1,0.9813097042845398,0.9783537917326407,0.8344905277201483,1.1444677914314454,0.87368091637177,1.0961413238637685
women,10,expectancy,98,2 Physical only,s1,0.8429433133239032,0.8400243810451716,0.6968662356057027,1.007946867414649,0.7349520392463532,0.9583555286273688
women,10,expectancy,100,2 Physical only,s1,0.7154454953401389,0.7118706168261681,0.5693512494409124,0.8835040092784802,0.6068259185129542,0.8315514257005554
women,10,expectancy,102,2 Physical only,s1,0.6007063102763295,0.5963176248072087,0.45569985449361006,0.7710994516445109,0.49175423174562616,0.7183690712476876
women,10,expectancy,104,2 Physical only,s1,0.5011389937983413,0.49585330769895547,0.3564829555874176,0.6725279624723086,0.39204940869713134,0.6210026192745136
women,10,expectancy,106,2 Physical only,s1,0.42192975215954887,0.41604592508225446,0.27659527144282336,0.5997953841707274,0.3108492253804653,0.5452873406164584
women,10,expectancy,108,2 Physical only,s1,0.3816014290423521,0.3735489658565765,0.2266799785603685,0.5806416974485095,0.262730945839989,0.5166433783819164
women,10,expectancy,110,2 Physical only,s1,0.46540059910252995,0.4547376991740161,0.2517556043617688,0.7431709668450989,0.2992443936729788,0.6528429545826084
women,10,expectancy,50,3 Cognitive only,s1,0.7042478485503101,0.7038002349618311,0.653457827600883,0.7587831165843987,0.6669317167231958,0.7430888493003702
women,10,expectancy,52,3 Cognitive only,s1,0.7053900705457401,0.7048828682143691,0.6540661593262712,0.7603777990343284,0.6677484763425078,0.7446228764542738
women,10,expectancy,54,3 Cognitive only,s1,0.7030196833801405,0.7024475158289256,0.650879685394747,0.7591033899330971,0.6648006728706085,0.7429972246877705
women,10,expectancy,56,3 Cognitive only,s1,0.7000047332350761,0.6994475821283574,0.6468709786305983,0.7572384791108565,0.6609927701973329,0.7407355449418652
women,10,expectancy,58,3 Cognitive only,s1,0.6964589321837344,0.695895884684458,0.6421811043269041,0.7548804082259815,0.6565019208916161,0.7380115043049316
women,10,expectancy,60,3 Cognitive only,s1,0.692244807299694,0.691732396843005,0.6363777097546375,0.7518526011815636,0.6515281077060651,0.7346833849235013
women,10,expectancy,62,3 Cognitive only,s1,0.6872223064989209,0.68664852591163406,0.6299066156624741,0.7483177960401534,0.64549271227567,0.7306122380063581
women,10,expectancy,64,3 Cognitive only,s1,0.6812586095618821,0.6805946760084558,0.6224371608656242,0.7438944906699542,0.6384519536597284,0.7257178087782514
women,10,expectancy,66,3 Cognitive only,s1,0.6742182326967509,0.6734061326001769,0.6138259070232243,0.7385807532595562,0.6303564095476465,0.7196396617933312
women,10,expectancy,68,3 Cognitive only,s1,0.665956846927319,0.6650450801049144,0.6042343698116932,0.7319505165590793,0.6211177485041879,0.712378514647643
women,10,expectancy,70,3 Cognitive only,s1,0.6563193017479907,0.6552633836339883,0.5930074458639013,0.7240355904775131,0.6104512850125499,0.7038163682532447
women,10,expectancy,72,3 Cognitive only,s1,0.645140404434395,0.6441314650578169,0.5804500945120422,0.7143048912038318,0.5982246757356754,0.693840430559181
women,10,expectancy,74,3 Cognitive only,s1,0.6322473627663352,0.6312105102306746,0.5661718627702147,0.7027441968053936,0.5842680086849993,0.6823368130891608
women,10,expectancy,76,3 Cognitive only,s1,0.6174631026417371,0.6165528826696864,0.5495261683866313,0.6895724382666248,0.5684484001455823,0.6689840188045011
women,10,expectancy,78,3 Cognitive only,s1,0.6006097746018114,0.5995581059078998,0.5314918714899145,0.6741261553514791,0.5504550386115418,0.6531820327330501
women,10,expectancy,80,3 Cognitive only,s1,0.581511832845156,0.5803972903097478,0.5113605424022593,0.6560219873041642,0.5303248575264569,0.6350104824998293
women,10,expectancy,82,3 Cognitive only,s1,0.5599983717848844,0.5589116098340603,0.4887767110148228,0.6360580524238687,0.50818386775199,0.6145071155794125
women,10,expectancy,84,3 Cognitive only,s1,0.5359053083263481,0.5347930935418799,0.4635610171102781,0.6131970415468451,0.48335657108194974,0.5910975109176501
women,10,expectancy,86,3 Cognitive only,s1,0.5090799369546098,0.5078846899340644,0.43607266943437506,0.5874396267482502,0.4559477955884078,0.5650681278288054
women,10,expectancy,88,3 Cognitive only,s1,0.4793935939066207,0.4781008467672156,0.4065144586645226,0.5589859922813162,0.4260176566993942,0.5360375263041607
women,10,expectancy,90,3 Cognitive only,s1,0.44677198479655506,0.44539055411728967,0.3732564461609643,0.5274859305749655,0.3932079781257856,0.5037075078362673
women,10,expectancy,92,3 Cognitive only,s1,0.4112544463996591,0.40972071949527666,0.33829476810109166,0.4923042580285559,0.35786429548287674,0.4683010659354816
women,10,expectancy,94,3 Cognitive only,s1,0.37308754289567864,0.37127254015970285,0.3011230011652764,0.45488908669454753,0.32032067591396446,0.4295535277843982
women,10,expectancy,96,3 Cognitive only,s1,0.33283911915940284,0.330872811996324,0.26319527176846463,0.4145417390120848,0.2810984142221388,0.3887547276429645
women,10,expectancy,98,3 Cognitive only,s1,0.29148895798278224,0.2892206642405216,0.2237728015476299,0.3720500381776566,0.2407553313007107,0.3473695217460779
women,10,expectancy,100,3 Cognitive only,s1,0.25043467097425154,0.24777903337014748,0.1848800345254447,0.3307325071561137,0.20084702220538253,0.3057618826575372
women,10,expectancy,102,3 Cognitive only,s1,0.21139030986924684,0.20841580457580647,0.14808737435397518,0.29231887625355596,0.16320743291254106,0.26590482017700445
women,10,expectancy,104,3 Cognitive only,s1,0.17630847498788912,0.17273180087782156,0.11544384073931215,0.2583085095275274,0.12942974878214333,0.23023096861286768
women,10,expectancy,106,3 Cognitive only,s1,0.14790262248111008,0.14371331267423348,0.08802363540752811,0.2324722419319459,0.10163542271958782,0.20264793743421453
women,10,expectancy,108,3 Cognitive only,s1,0.13315218461080697,0.12769696828562033,0.07052039703730834,0.22692702373263016,0.08417364119772984,0.19295023172738474
women,10,expectancy,110,3 Cognitive only,s1,0.16194790534545034,0.15341257670339978,0.07604960775962089,0.295705740697194,0.09382828761800527,0.24727095136058766
women,10,expectancy,50,4 Both,s1,1.088738317856655,1.0873417564840824,1.002498809574464,1.1834568517897102,1.0253365240172914,1.15472145447339
women,10,expectancy,52,4 Both,s1,1.0953834527685478,1.0939730736617634,1.0083714820070306,1.1909371764810373,1.0314715189737007,1.1619945131657328
women,10,expectancy,54,4 Both,s1,1.1012211823458045,1.09982019087365,1.0131321711279742,1.1978442096072064,1.0365703434889968,1.1687992931940612
women,10,expectancy,56,4 Both,s1,1.105498098287221,1.1041583114768967,1.0158281398631048,1.2037844899440755,1.0395479122991689,1.1741688687681184
women,10,expectancy,58,4 Both,s1,1.1087624426162679,1.1074861938544354,1.0173476225784155,1.2089552503423315,1.0415882759204984,1.178888300831926
women,10,expectancy,60,4 Both,s1,1.1113945841684625,1.110163551288477,1.0180321274694932,1.2138172856141427,1.0427452623745073,1.182632550600039
women,10,expectancy,62,4 Both,s1,1.113594171180216,1.1123188773271506,1.0178185903476855,1.2180537264069449,1.0435660618012925,1.1865508933390225
women,10,expectancy,64,4 Both,s1,1.1154467297431518,1.1140415666073369,1.017154388525931,1.2223606580316553,1.043983089242242,1.1902199920403786
women,10,expectancy,66,4 Both,s1,1.1169689713187096,1.115542921476452,1.0163605186968436,1.2267881240719665,1.0434103727307804,1.193891850741259
women,10,expectancy,68,4 Both,s1,1.1181367449360917,1.1167019191451302,1.01492006243134,1.2313830451954069,1.0425877154582952,1.1972521499157351
women,10,expectancy,70,4 Both,s1,1.1189040962369707,1.1173125522950715,1.0127148283283078,1.2358936676597732,1.0412469205915742,1.2001930043010387
women,10,expectancy,72,4 Both,s1,1.1192190139299243,1.1174549363540391,1.0096370180304632,1.2396308710504136,1.0393056275625707,1.2027571132501576
women,10,expectancy,74,4 Both,s1,1.1190391515530007,1.11723857339889,1.0061373869248034,1.2435203087455002,1.0366991852776168,1.205138892162237
women,10,expectancy,76,4 Both,s1,1.1183491661725717,1.1164543633398236,1.001781562374073,1.247100209874796,1.0333848614735637,1.2072681356927215
women,10,expectancy,78,4 Both,s1,1.1171798347338415,1.115154557018914,0.9963386190460582,1.2507455924953794,1.0295745960843343,1.2092001083127921
women,10,expectancy,80,4 Both,s1,1.1156274553956886,1.1135513248969957,0.9905959193689313,1.2538452070743238,1.0247241384282433,1.2112337094277106
women,10,expectancy,82,4 Both,s1,1.1138700806863946,1.1115037729504065,0.9837082250635669,1.258138511663536,1.0192618861555973,1.2131076352612309
women,10,expectancy,84,4 Both,s1,1.112175016823419,1.1092567606845776,0.9765558884680303,1.2621869076217906,1.0128253225077746,1.2157923642530102
women,10,expectancy,86,4 Both,s1,1.1108903840152025,1.1078211337437978,0.9688344752949712,1.268411918091546,1.0069207161027607,1.219857038250037
women,10,expectancy,88,4 Both,s1,1.1104136848577877,1.1070121797712469,0.9625683872399022,1.2771631090670816,1.0012365659006794,1.2253153616018397
women,10,expectancy,90,4 Both,s1,1.1111343115158712,1.1073079101017358,0.9547447206891556,1.2886505903619403,0.9954888235369026,1.2328324513692541
women,10,expectancy,92,4 Both,s1,1.1133567235844108,1.1087814155348796,0.9484908106247826,1.3010615539906905,0.9905687263895775,1.2436099500581712
women,10,expectancy,94,4 Both,s1,1.1172262957762893,1.112086309359359,0.9421429510634708,1.3192063535990852,0.9865806868483561,1.2561552341746145
women,10,expectancy,96,4 Both,s1,1.1226953520032465,1.1170126933175926,0.9368095057449118,1.34041804641397,0.9843971096733579,1.271134574309247
women,10,expectancy,98,4 Both,s1,1.1295780283186974,1.1225038023914564,0.9321606731812678,1.363510070207255,0.9819629645671213,1.2893646351025618
women,10,expectancy,100,4 Both,s1,1.137777333755864,1.1295378189454106,0.9279690049440363,1.390166341474284,0.9803269331817653,1.310066233757735
women,10,expectancy,102,4 Both,s1,1.1479764451391852,1.1387876306816178,0.9245991331439035,1.4200083427749972,0.979780067022327,1.334081368936287
women,10,expectancy,104,4 Both,s1,1.1640265570219122,1.153534547191986,0.9261731243929071,1.4587501572240338,0.984487988405015,1.365400670329462
women,10,expectancy,106,4 Both,s1,1.202301659179178,1.189643164626876,0.9447131364141494,1.526115967909995,1.0067803404900868,1.4229304148208866
women,10,expectancy,108,4 Both,s1,1.3325732059764577,1.3166044949859614,1.0374052902068882,1.705416627813933,1.1090460513155385,1.5848516432957842
women,10,expectancy,110,4 Both,s1,1.880032959077209,1.869758236893373,1.4985740278859865,2.302896348147731,1.6012741156803156,2.175961838631311
women,10,expectancy,50,1 Functional,s2,20.724090110704395,20.732085527090916,20.15442206031581,21.258161195321883,20.321230333442283,21.108048082390983
women,10,expectancy,52,1 Functional,s2,21.168768265355368,21.17296378547643,20.723327487525864,21.592073623932944,20.85288680401359,21.473678475613664
women,10,expectancy,54,1 Functional,s2,20.766117372446438,20.768838499865563,20.42499353937507,21.092755070718653,20.52368749231761,21.00008494025745
women,10,expectancy,56,1 Functional,s2,19.881369072185272,19.882519564182925,19.609280659678873,20.146478400118596,19.68902306794451,20.070976989401416
women,10,expectancy,58,1 Functional,s2,18.738116446744215,18.737878050089346,18.503973991205218,18.96728105320706,18.573198264834314,18.905502928687415
women,10,expectancy,60,1 Functional,s2,17.46316360020325,17.46254369573351,17.248322026059725,17.680736090195676,17.307134585658705,17.620964628750315
women,10,expectancy,62,1 Functional,s2,16.127280306882106,16.127096851168037,15.914458789274537,16.343713130188192,15.973712176610965,16.282580598332732
women,10,expectancy,64,1 Functional,s2,14.770924317853467,14.771753218255512,14.557587339054892,14.99042034094115,14.616297320155502,14.925846752402197
women,10,expectancy,66,1 Functional,s2,13.418729203254873,13.419672549933942,13.202767387763275,13.640881410223882,13.26212218140315,13.577058166787598
women,10,expectancy,68,1 Functional,s2,12.087273913141349,12.087564851541316,11.87027158844572,12.31088039115482,11.929495683729103,12.246224802122878
women,10,expectancy,70,1 Functional,s2,10.789141507914863,10.789338801048675,10.572298273973932,11.012555966209442,10.63028992692281,10.949301301493874
women,10,expectancy,72,1 Functional,s2,9.534987640992616,9.53521109434094,9.318673291196154,9.759655761417312,9.377167790613841,9.693767310788504
women,10,expectancy,74,1 Functional,s2,8.334539778704375,8.33425292232922,8.120914467548484,8.556809811269767,8.178829299644539,8.491546662750988
women,10,expectancy,76,1 Functional,s2,7.197002382704397,7.196407418907102,6.987692120475751,7.414704272440482,7.043860717892708,7.3509442899822695
women,10,expectancy,78,1 Functional,s2,6.131108971398127,6.130171115621412,5.927519875664536,6.341698374564554,5.982172769474813,6.280401768128195
women,10,expectancy,80,1 Functional,s2,5.144946014999933,5.1444286435355675,4.949132230997544,5.347267864390741,5.000913568791818,5.289166401245018
women,10,expectancy,82,1 Functional,s2,4.245622843476349,4.244768627401768,4.057536689797637,4.439468449797205,4.107908200926753,4.383522809844056
women,10,expectancy,84,1 Functional,s2,3.438846670098078,3.4379287881819125,3.261223552245964,3.6221590034777003,3.3095596047923967,3.5691462031458463
women,10,expectancy,86,1 Functional,s2,2.728464641474958,2.727570223891103,2.5636241962072055,2.8998554788904403,2.6080694073279362,2.850384741234278
women,10,expectancy,88,1 Functional,s2,2.1160423876493835,2.115130303791391,1.9654636944447093,2.2748152386455716,2.005689962443331,2.2284578371158528
women,10,expectancy,90,1 Functional,s2,1.6005500144310814,1.599267866096898,1.4659423315923137,1.7434767972645993,1.5018504592787978,1.7018933919925068
women,10,expectancy,92,1 Functional,s2,1.1782151559310186,1.1767959353876944,1.059324196242819,1.3050851639988155,1.0917942099576126,1.2675315518860724
women,10,expectancy,94,1 Functional,s2,0.8425804752697125,0.8411041235881531,0.740255663835762,0.9534568808292122,0.7684255845463264,0.9191834674180307
women,10,expectancy,96,1 Functional,s2,0.5847819748175423,0.5832936402292999,0.4997198086465871,0.6776938881611296,0.5229927330052115,0.6493631552242557
women,10,expectancy,98,1 Functional,s2,0.3940575294189031,0.3926158777951873,0.3255764992953815,0.4702538106982666,0.34382715862384605,0.44677125092040515
women,10,expectancy,100,1 Functional,s2,0.25849472444044214,0.25720407491284125,0.2045706804890999,0.3191007790269218,0.21901724363598615,0.3008666140462521
women,10,expectancy,102,1 Functional,s2,0.16599810270708304,0.16475584249229835,0.12439688510082719,0.2134747266541542,0.1353790572549326,0.19913147886901406
women,10,expectancy,104,1 Functional,s2,0.1053835070966139,0.10428823892903566,0.07333458979241646,0.1430805207792218,0.08182312426679068,0.13118971275890845
women,10,expectancy,106,1 Functional,s2,0.06750697214786391,0.0664021236459699,0.042780402653168646,0.09808928584782126,0.04901680109546061,0.0881345331217265
women,10,expectancy,108,1 Functional,s2,0.04687506421787434,0.04555559304864265,0.026190092454189157,0.07458821208639106,0.031093241993672017,0.06484714906848907
women,10,expectancy,110,1 Functional,s2,0.047367985010874254,0.04556225962038972,0.02298986681558757,0.0811960905421189,0.02848656149444406,0.06937272843680446
women,10,expectancy,50,2 Physical only,s2,7.173657963645272,7.172496331558072,6.932208391886322,7.427416785767269,6.99674776154705,7.353082692660148
women,10,expectancy,52,2 Physical only,s2,5.85750261145798,5.855541764240172,5.645964999578745,6.077095218247185,5.702889639414426,6.014764590089796
women,10,expectancy,54,2 Physical only,s2,5.095722694138002,5.094684167488492,4.927465035952921,5.271439424061904,4.970741847722233,5.22167413546385
women,10,expectancy,56,2 Physical only,s2,4.616947993757901,4.616185835565223,4.474960582439277,4.763355770872924,4.512791028007997,4.721428007243557
women,10,expectancy,58,2 Physical only,s2,4.286835257579662,4.286242377418037,4.155618051909657,4.42165540023841,4.1910368217755245,4.382113120108666
women,10,expectancy,60,2 Physical only,s2,4.035224884945197,4.0343732292394385,3.905891917905138,4.1683728039646075,3.94200256747091,4.1299170654171995
women,10,expectancy,62,2 Physical only,s2,3.8252879351782796,3.824648160497558,3.693567415828684,3.9611324163518042,3.7307910462000264,3.921859301743906
women,10,expectancy,64,2 Physical only,s2,3.6376038589026085,3.6371954922200747,3.50179669462533,3.778171540346244,3.5407134701924234,3.737079891951975
women,10,expectancy,66,2 Physical only,s2,3.4617781913752688,3.461164193753454,3.3216911856800615,3.6062460912329137,3.3625779686545596,3.5635058877042067
women,10,expectancy,68,2 Physical only,s2,3.292088552448958,3.2912542795333204,3.149716467316845,3.4399407244768363,3.190855062543647,3.3963736068794086
women,10,expectancy,70,2 Physical only,s2,3.1252590938545595,3.124316787595124,2.980756920597137,3.2757981833113856,3.0212874500008216,3.2326866844229647
women,10,expectancy,72,2 Physical only,s2,2.9593403192952374,2.9582083446327,2.8124360381990834,3.1127347988083365,2.85339461552694,3.0681989068957725
women,10,expectancy,74,2 Physical only,s2,2.7931555116344513,2.7919336700765056,2.6444402665366566,2.9485273643399634,2.6855896052784667,2.903502438091165
women,10,expectancy,76,2 Physical only,s2,2.6260347498003878,2.624616160513975,2.475698580732393,2.783759187114336,2.5176610228970664,2.7372072177517723
women,10,expectancy,78,2 Physical only,s2,2.457692686741105,2.455931142085161,2.307159219541056,2.61775019778259,2.3491864403307945,2.570453131611477
women,10,expectancy,80,2 Physical only,s2,2.2881748045630865,2.286379658420533,2.1372721354246154,2.4494595372594956,2.178977890142263,2.401699848082533
women,10,expectancy,82,2 Physical only,s2,2.117831011760411,2.115850665343146,1.966762009584539,2.279858355339578,2.0079684533160025,2.231510011302708
women,10,expectancy,84,2 Physical only,s2,1.947292932156961,1.9454620895362376,1.7950283210667344,2.109771062775601,1.8379936580503087,2.0613884189054095
women,10,expectancy,86,2 Physical only,s2,1.7774419987632875,1.7755532242866625,1.6253981965930446,1.9397430916171579,1.6680842418268373,1.8920516761644006
women,10,expectancy,88,2 Physical only,s2,1.6093650297242887,1.6072898434049692,1.4581986139900847,1.7713446479552954,1.4998556717450229,1.7243265668332157
women,10,expectancy,90,2 Physical only,s2,1.4443042620038296,1.4423375360987771,1.2934124186152773,1.6071038391336736,1.3356228336807865,1.5590433035348563
women,10,expectancy,92,2 Physical only,s2,1.283617391497046,1.2814223829590534,1.1344399999825903,1.445855042978376,1.1752033385212215,1.3978913614521316
women,10,expectancy,94,2 Physical only,s2,1.128762871350379,1.1262811621214959,0.9813120798325042,1.2911798557810055,1.0211453628922533,1.243722148061427
women,10,expectancy,96,2 Physical only,s2,0.9813094435993501,0.9783535873271212,0.8344903119801583,1.1444675794318584,0.8736807092659896,1.096141432922138
women,10,expectancy,98,2 Physical only,s2,0.8429431512928698,0.840024311271911,0.6968661380854635,1.0079467056361493,0.7349518691959905,0.958355401923018
women,10,expectancy,100,2 Physical only,s2,0.7154453979458866,0.7118705631258926,0.5693512301853781,0.8835038843661592,0.6068257252905991,0.8315514040141271
women,10,expectancy,102,2 Physical only,s2,0.6007062530569981,0.5963176059298693,0.4556997674632929,0.7710993734875207,0.4917541170375267,0.7183690089974586
women,10,expectancy,104,2 Physical only,s2,0.5011389607654582,0.4958532428739561,0.3564828941939447,0.6725279456615706,0.3920493658064966,0.6210026178166277
women,10,expectancy,106,2 Physical only,s2,0.42192973327190986,0.4160459261734748,0.2765952221578555,0.599795375234134,0.3108491955196538,0.5452873485784939
women,10,expectancy,108,2 Physical only,s2,0.381601417794745,0.3735489495178511,0.2266799743598611,0.5806417007508649,0.2627309279448647,0.5166433771647498
women,10,expectancy,110,2 Physical only,s2,0.4654005900022978,0.4547376918095338,0.2517555918369155,0.7431709688707064,0.29924437234490453,0.6528429389242951
women,10,expectancy,50,3 Cognitive only,s2,0.6634149402464878,0.662912051747991,0.6138593614785668,0.716405281843924,0.626799456085755,0.7009782309013424
women,10,expectancy,52,3 Cognitive only,s2,0.6856743980639436,0.6850972781827918,0.6352925903751729,0.7394587066184894,0.6486072967128779,0.723851305165609
women,10,expectancy,54,3 Cognitive only,s2,0.694251515204131,0.6937701781282043,0.6430595860500345,0.749212052132438,0.6564847211584325,0.7332701369210424
women,10,expectancy,56,3 Cognitive only,s2,0.6959449263438564,0.6954547998298972,0.643266285574843,0.7522675996530094,0.6572853465798538,0.7360169473922281
women,10,expectancy,58,3 Cognitive only,s2,0.6944627017787638,0.6939839758069881,0.6405527882631697,0.7522478353909956,0.6548435612852381,0.7356482372940429
women,10,expectancy,60,3 Cognitive only,s2,0.6911914750070846,0.6907238658372041,0.6354347773006822,0.7503043694884252,0.650585773222955,0.73342019168215
women,10,expectancy,62,3 Cognitive only,s2,0.6866207788001187,0.6860538614566507,0.629363009627161,0.7475264289843294,0.6450372972475719,0.7299360883322609
women,10,expectancy,64,3 Cognitive only,s2,0.6808869731224856,0.680246389415765,0.6220519061246856,0.7434466414975266,0.6381805707268531,0.7252687731986741
women,10,expectancy,66,3 Cognitive only,s2,0.6739729856652088,0.6731716394160983,0.6136096236022193,0.7382608523856327,0.6302046954324444,0.7193995452332477
women,10,expectancy,68,3 Cognitive only,s2,0.6657875149115645,0.6648783837455048,0.6040946081142178,0.731718946624376,0.62098382397207,0.7121674088380276
women,10,expectancy,70,3 Cognitive only,s2,0.6561995210665892,0.6551441928303519,0.5929040091381216,0.7238841897625304,0.6103546241790174,0.7037029888722202
women,10,expectancy,72,3 Cognitive only,s2,0.6450550462635867,0.6440581697001703,0.5803797830423649,0.7142095427611348,0.5981557171099211,0.6937483545918136
women,10,expectancy,74,3 Cognitive only,s2,0.6321867974042714,0.6311523921535299,0.5661238797967607,0.7026436172443721,0.584215661912638,0.6822671468849184
women,10,expectancy,76,3 Cognitive only,s2,0.6174206388734274,0.6165127438043446,0.5494887057238466,0.6895232337757343,0.568422928530666,0.6689357804276838
women,10,expectancy,78,3 Cognitive only,s2,0.6005804963593049,0.5995235417693557,0.5314690095244531,0.6740888201053111,0.5504323734124769,0.6531507426520762
women,10,expectancy,80,3 Cognitive only,s2,0.5814920399125888,0.5803755796639426,0.5113459754539486,0.6560001697116747,0.5303035946910235,0.6349924310497507
women,10,expectancy,82,3 Cognitive only,s2,0.5599852759957052,0.5588972003109377,0.4887678362865176,0.6360432400949888,0.5081742661431902,0.614491676789068
women,10,expectancy,84,3 Cognitive only,s2,0.5358968365587196,0.5347849788874732,0.4635505966250425,0.6131887817564685,0.4833486140145064,0.5910857591523846
women,10,expectancy,86,3 Cognitive only,s2,0.5090745808799436,0.5078794237514042,0.43606873958857323,0.5874356477935497,0.4559432154965436,0.5650613425841364
women,10,expectancy,88,3 Cognitive only,s2,0.479390284697602,0.47809682383952057,0.4065112269487808,0.5589830629758955,0.42601424056143633,0.5360324840654989
women,10,expectancy,90,3 Cognitive only,s2,0.4467699864905376,0.44538862681765784,0.37325410785261126,0.5274827943451855,0.39320599047746607,0.5037058002476082
women,10,expectancy,92,3 Cognitive only,s2,0.41125326690850994,0.4097196153887731,0.3382935743413098,0.492302368605633,0.3578634209799316,0.4682998762392173
women,10,expectancy,94,3 Cognitive only,s2,0.37308686254748824,0.3712714212357184,0.301122265410734,0.45488844054710525,0.32032019681597146,0.4295526104014314
women,10,expectancy,96,3 Cognitive only,s2,0.3328387359070111,0.3308724452355848,0.2631948840890826,0.41454131534439365,0.28109813528810706,0.3887543162173997
women,10,expectancy,98,3 Cognitive only,s2,0.29148874736283387,0.28922045999852947,0.2237726421751487,0.3720498688235762,0.24075511982075445,0.34736930945397404
women,10,expectancy,100,3 Cognitive only,s2,0.25043455816637766,0.24777887175309105,0.1848799775730219,0.33073243573996514,0.2008469196568768,0.305761765653773
women,10,expectancy,102,3 Cognitive only,s2,0.21139025098368078,0.2084157133759379,0.1480873197687127,0.29231878761063657,0.16320739345449525,0.26590475525243124
women,10,expectancy,104,3 Cognitive only,s2,0.176308444940377,0.1727317816672163,0.1154438270931996,0.2583084945728585,0.12942972864347,0.2302309307480946
women,10,expectancy,106,3 Cognitive only,s2,0.14790260730072483,0.14371330360235157,0.08802361037586234,0.23247222834579676,0.10163541138739336,0.202647934878418
women,10,expectancy,108,3 Cognitive only,s2,0.13315217652262118,0.12769695760332522,0.07052038971129856,0.2269270134708915,0.08417363916431295,0.1929502251199458
women,10,expectancy,110,3 Cognitive only,s2,0.16194789907172957,0.15341257217948995,0.07604960581942687,0.2957057388852446,0.09382828388541471,0.2472709367133306
women,10,expectancy,50,4 Both,s2,1.1282340438584406,1.1273467433250421,1.0441357803424511,1.2195604587032733,1.0663575447315632,1.191868224749969
women,10,expectancy,52,4 Both,s2,1.1504148340080478,1.149236084659847,1.0649205292897048,1.2438160617940237,1.0875829304487632,1.2150880157099355
women,10,expectancy,54,4 Both,s2,1.1398361355542868,1.138397316378171,1.0529010334361637,1.23496376400722,1.0763413239763324,1.2055370213046177
women,10,expectancy,56,4 Both,s2,1.1300629575167167,1.128528858449619,1.041417564446116,1.227296729676333,1.0651463609730754,1.1973153420404363
women,10,expectancy,58,4 Both,s2,1.1240259747148489,1.122700590014361,1.0330358756986675,1.2233467076963378,1.0575643014507288,1.1931728289728014
women,10,expectancy,60,4 Both,s2,1.1208323048015116,1.1195691563276422,1.0277074605375225,1.2228490700314207,1.0528258733311164,1.1918008553659238
women,10,expectancy,62,4 Both,s2,1.1194321340953304,1.1181018963131903,1.0239751994131236,1.223734075429678,1.0495175437122901,1.1920134763818973
women,10,expectancy,64,4 Both,s2,1.119062958049647,1.117632129650581,1.0210784551418983,1.2261012548260577,1.0477949081158762,1.193734121755512
women,10,expectancy,66,4 Both,s2,1.119210296308276,1.1177648451904818,1.0185361431014592,1.2288529524118623,1.045784881235313,1.196092098024053
women,10,expectancy,68,4 Both,s2,1.1195244855296114,1.118043256345756,1.0164560567286245,1.2328019184522976,1.043992934841443,1.1986078491651775
women,10,expectancy,70,4 Both,s2,1.119760728082516,1.1181685141546454,1.0136407352177201,1.2367964189500606,1.0420481636622634,1.2010532499635427
women,10,expectancy,72,4 Both,s2,1.1197450542511882,1.1179610012279055,1.0102326131043713,1.2401578595303961,1.0397872075021626,1.2033158606144019
women,10,expectancy,74,4 Both,s2,1.119359805341987,1.1175404296677547,1.0064230959095701,1.2438385205208093,1.0370096703079694,1.2054240020928224
women,10,expectancy,76,4 Both,s2,1.118542787643766,1.116653213300928,1.0019603050625905,1.2473285303793693,1.0335600962724867,1.2074656819105787
women,10,expectancy,78,4 Both,s2,1.117295441597872,1.1152652799217155,0.99643378298954,1.2508729948536959,1.0296730075081573,1.2093384834141252
women,10,expectancy,80,4 Both,s2,1.1156956102802316,1.1136130191796794,0.9906529992325834,1.2539421837942741,1.0248059331397827,1.2112968004067464
women,10,expectancy,82,4 Both,s2,1.1139097150145574,1.111540105617974,0.9837447094457799,1.2581729911826147,1.0192936493475957,1.2131544699870136
women,10,expectancy,84,4 Both,s2,1.112197743710692,1.1092795086012996,0.976579871099215,1.2622086323409658,1.0128499099817592,1.2158185634274328
women,10,expectancy,86,4 Both,s2,1.1109032377435735,1.1078344297263727,0.9688441411379355,1.2684312809906344,1.006931807663121,1.2198698785481608
women,10,expectancy,88,4 Both,s2,1.1104208625153313,1.1070191560418654,0.9625736927824947,1.2771680008949575,1.0012434653226276,1.2253230717125627
women,10,expectancy,90,4 Both,s2,1.111138275742244,1.1073119241100344,0.9547473878455817,1.2886585578513592,0.9954913941696972,1.2328376539740977
women,10,expectancy,92,4 Both,s2,1.1133588942167412,1.1087839917682536,0.9484920426320005,1.3010635440545368,0.9905701798655461,1.2436132865542087
women,10,expectancy,94,4 Both,s2,1.1172274773817858,1.1120873754614617,0.9421434884795592,1.3192078406468624,0.9865812619323805,1.2561568386257096
women,10,expectancy,96,4 Both,s2,1.1226959932510376,1.1170133532456745,0.9368100870015716,1.3404186734600876,0.9843974858841642,1.271135430045244
women,10,expectancy,98,4 Both,s2,1.1295783759973805,1.1225041423596331,0.9321608065521579,1.3635111197825138,0.9819631958250666,1.2893654121283515
women,10,expectancy,100,4 Both,s2,1.1377775222024786,1.1295379792653915,0.9279691945360407,1.3901665313932818,0.9803270947833073,1.3100666200992612
women,10,expectancy,102,4 Both,s2,1.1479765470418148,1.1387877659414714,0.9245991881471474,1.420008521733789,0.9797801387359794,1.3340815033249562
women,10,expectancy,104,4 Both,s2,1.1640266117134392,1.1535346030869862,0.9261731509290032,1.4587502127531566,0.9844880164363025,1.3654007543524176
women,10,expectancy,106,4 Both,s2,1.2023016882145985,1.1896431905234568,0.9447131610875938,1.5261160284943056,1.006780376070122,1.4229304420547664
women,10,expectancy,108,4 Both,s2,1.3325732221256272,1.3166045240758277,1.0374052888675267,1.7054166929224346,1.109046049566071,1.5848516829147719
women,10,expectancy,110,4 Both,s2,1.8800329743506108,1.8697582520442322,1.4985740302927189,2.30289643871927,1.601274124169478,2.17596185086757
women,10,expectancy,50,1 Functional,s3,22.667025632037827,22.694479927276976,21.739870085061455,23.431840398352513,22.030504717029928,23.249756723649156
women,10,expectancy,52,1 Functional,s3,22.56219047746315,22.576488949495378,21.927924272508015,23.099275301727182,22.125778310669457,22.965923644923215
women,10,expectancy,54,1 Functional,s3,21.567136540570882,21.574409412579545,21.165397761965703,21.91389042360973,21.290772415923097,21.825253017737488
women,10,expectancy,56,1 Functional,s3,20.31458761188611,20.317463611497836,20.03709956266378,20.574142749867192,20.120117207504443,20.504727496509034
women,10,expectancy,58,1 Functional,s3,18.96792206618487,18.968016162571313,18.739225237811766,19.191913074900867,18.80487959621845,19.13053835862293
women,10,expectancy,60,1 Functional,s3,17.584599436365703,17.584160511969586,17.370906901942273,17.80100294397949,17.42980512248436,17.74002246576171
women,10,expectancy,62,1 Functional,s3,16.191637932860615,16.19203708049728,15.981191576991172,16.405995390959568,16.037703735212965,16.345679526670672
women,10,expectancy,64,1 Functional,s3,14.805230084178925,14.805868079152775,14.59256310638905,15.02421611874055,14.650604341046945,14.960830400860006
women,10,expectancy,66,1 Functional,s3,13.437133965838255,13.437578459263792,13.220825480287198,13.65911409791668,13.279886737664683,13.59470692854961
women,10,expectancy,68,1 Functional,s3,12.097202752503588,12.097356658593569,11.880298291704369,12.320476236049826,11.938721593811428,12.256500294765404
women,10,expectancy,70,1 Functional,s3,10.794516366977268,10.79478210483401,10.5777732934864,11.018472760545507,10.635829669926306,10.954646714313174
women,10,expectancy,72,1 Functional,s3,9.53789863447506,9.538015424390164,9.321676841451113,9.762484436688577,9.379999701941845,9.697102131143385
women,10,expectancy,74,1 Functional,s3,8.336111421682265,8.335789178554766,8.122468872020017,8.55845646979422,8.18031004941778,8.493325518097473
women,10,expectancy,76,1 Functional,s3,7.197844900859403,7.197328756796637,6.988376124769543,7.415571210504095,7.044742082944914,7.352002664804724
women,10,expectancy,78,1 Functional,s3,6.131555590274005,6.13058345496443,5.927909035100818,6.342134493237437,5.982619770769128,6.280746554888332
women,10,expectancy,80,1 Functional,s3,5.145179190555076,5.144628593505864,4.949295335298801,5.347574973738843,5.001097485795571,5.289386191951722
women,10,expectancy,82,1 Functional,s3,4.24574229261194,4.24489287450859,4.057620003840839,4.439554784264594,4.108000481920852,4.3836749578515875
women,10,expectancy,84,1 Functional,s3,3.43890650709457,3.437984110803722,3.261275713552271,3.622202367627068,3.309635737194404,3.5692048103089946
women,10,expectancy,86,1 Functional,s3,2.7284938681766344,2.7275983322882222,2.563661080157275,2.899892529546833,2.6080993491304008,2.8504176087095456
women,10,expectancy,88,1 Functional,s3,2.116056273334051,2.115143273242804,1.9654784135143089,2.2748275185923967,2.0057074271523034,2.228474351830571
women,10,expectancy,90,1 Functional,s3,1.6005564190685346,1.5992728768256168,1.4659475688412535,1.743482828466656,1.5018557000803805,1.7018991699621184
women,10,expectancy,92,1 Functional,s3,1.1782180195037597,1.1767980231870054,1.0593265848785145,1.3050877712996876,1.091797822408192,1.2675341658872932
women,10,expectancy,94,1 Functional,s3,0.8425817150212466,0.8411049449434196,0.7402563930962207,0.9534586445402835,0.7684267979935496,0.9191855008689577
women,10,expectancy,96,1 Functional,s3,0.5847824942870666,0.5832942279329394,0.4997201055987211,0.6776941841789192,0.5229933466315838,0.6493636267817032
women,10,expectancy,98,1 Functional,s3,0.3940577402243237,0.3926161453206435,0.3255766157048197,0.47025394131517634,0.3438273467485174,0.44677148161915614
women,10,expectancy,100,1 Functional,s3,0.2584948075350787,0.25720413828870115,0.2045708270561843,0.3191008642030061,0.2190173569594945,0.3008667255883689
women,10,expectancy,102,1 Functional,s3,0.16599813472819674,0.16475586086479788,0.12439689573629005,0.21347476020415754,0.13537906709280387,0.19913150577612684
women,10,expectancy,104,1 Functional,s3,0.10538351929128241,0.10428826981294491,0.07333460179032623,0.1430805255929407,0.08182313539074443,0.13118971593254983
women,10,expectancy,106,1 Functional,s3,0.06750697682148399,0.06640212809098811,0.04278041130991429,0.0980892899797541,0.04901680576593502,0.08813453828866778
women,10,expectancy,108,1 Functional,s3,0.046875066139562785,0.045555593512943846,0.026190095002931506,0.07458821281272014,0.031093244176579445,0.06484715040440402
women,10,expectancy,110,1 Functional,s3,0.04736798624355584,0.04556226006061232,0.022989867759365155,0.0811960911885971,0.02848656278016608,0.06937272966074196
women,10,expectancy,50,2 Physical only,s3,4.716502722331194,4.706387035159503,4.433545699168478,5.067305571479915,4.50140252398696,4.950054985496938
women,10,expectancy,52,2 Physical only,s3,4.7225403662920185,4.714104634810424,4.5020199570618,4.997572832105153,4.555878825106887,4.907202060175256
women,10,expectancy,54,2 Physical only,s3,4.5683533880204275,4.566007444320746,4.40550958224098,4.749098676345651,4.44724224844965,4.695874584023246
women,10,expectancy,56,2 Physical only,s3,4.366784315390172,4.366107912947779,4.228256000717432,4.50968976927269,4.266555511070749,4.469081723620648
women,10,expectancy,58,2 Physical only,s3,4.166528467547849,4.1658835156202905,4.036423068023352,4.299672002476262,4.0721361310277855,4.261545040063119
women,10,expectancy,60,2 Physical only,s3,3.9769329836291734,3.976036744129428,3.8473367103393827,4.110353519522834,3.883852501819675,4.071982133299319
women,10,expectancy,62,2 Physical only,s3,3.7969434128129533,3.7961171014488078,3.6645951498556855,3.934155885478923,3.702287059436461,3.893905459752424
women,10,expectancy,64,2 Physical only,s3,3.62380923802231,3.623161373638513,3.4874687786774574,3.7649117584457583,3.5266719171703307,3.723627055132849
women,10,expectancy,66,2 Physical only,s3,3.4550744367867363,3.4543557952554496,3.3157797086801595,3.5999012600734943,3.3557164193141515,3.556928358691405
women,10,expectancy,68,2 Physical only,s3,3.28884382527829,3.288086756112017,3.1467179070794087,3.4365599363717996,3.1873811996356283,3.393361392875857
women,10,expectancy,70,2 Physical only,s3,3.123699898380971,3.122726583520496,2.9791375109034015,3.274529584463126,3.019763748068134,3.231193879506461
women,10,expectancy,72,2 Physical only,s3,2.9585995497569577,2.9574469356597,2.8117207786714453,3.112132935766458,2.85263165345656,3.0674920069184872
women,10,expectancy,74,2 Physical only,s3,2.7928094561511965,2.7915525371970276,2.643972102665486,2.9482003416716425,2.6852798524878647,2.9031559698930485
women,10,expectancy,76,2 Physical only,s3,2.6258769690357346,2.62445547833332,2.4755602899440845,2.783620249646075,2.517489067590322,2.7370568677873126
women,10,expectancy,78,2 Physical only,s3,2.4576232234957307,2.455857044460033,2.3071157636300446,2.617700627976223,2.3491272404241132,2.5703806297775413
women,10,expectancy,80,2 Physical only,s3,2.2881457733939023,2.2863496202041578,2.137236028027627,2.4494268985459793,2.1789507800273173,2.4016853486727867
women,10,expectancy,82,2 Physical only,s3,2.1178198504229178,2.1158382459034955,1.9667495074595562,2.279843081767148,2.0079552188699377,2.2315054892141135
women,10,expectancy,84,2 Physical only,s3,1.9472892678559124,1.94545943419234,1.795023342199187,2.1097616952725784,1.837992002783948,2.061383632387742
women,10,expectancy,86,2 Physical only,s3,1.7774412297075495,1.7755517548952773,1.6253984117038653,1.9397431176406297,1.668083685456466,1.892051097888553
women,10,expectancy,88,2 Physical only,s3,1.6093652189481176,1.6072895384148969,1.4582002491861785,1.7713447708990484,1.4998567820898048,1.7243283969758654
women,10,expectancy,90,2 Physical only,s3,1.4443046589896138,1.4423377877819883,1.293412993935813,1.6071043328838441,1.3356230740609185,1.5590444313686878
women,10,expectancy,92,2 Physical only,s3,1.2836177464239056,1.2814235334696722,1.1344408800077228,1.445855840039428,1.1752031754655738,1.397891502548639
women,10,expectancy,94,2 Physical only,s3,1.128763128797743,1.1262814265196273,0.9813120646567429,1.2911799067485712,1.0211456894920996,1.2437224802593665
women,10,expectancy,96,2 Physical only,s3,0.9813096130611508,0.9783537108203644,0.834490420916722,1.1444677535055732,0.8736808160199213,1.0961413704581893
women,10,expectancy,98,2 Physical only,s3,0.8429432568632009,0.8400243628382296,0.6968662124612046,1.0079468284075934,0.7349519883572833,0.9583554868920795
women,10,expectancy,100,2 Physical only,s3,0.7154454614953468,0.711870600693035,0.5693512426193789,0.8835039917676236,0.6068258261077908,0.8315514162744144
women,10,expectancy,102,2 Physical only,s3,0.6007062904307793,0.5963176206712202,0.45569982476150594,0.771099418428425,0.49175420057385816,0.7183690487224734
women,10,expectancy,104,2 Physical only,s3,0.5011389823582466,0.49585328755509517,0.35648293746096926,0.67252795736981,0.3920493935219874,0.6210026186005534
women,10,expectancy,106,2 Physical only,s3,0.4219297456259392,0.4160459242709139,0.2765952444439445,0.5997953816326813,0.31084921489108075,0.5452873432067261
women,10,expectancy,108,2 Physical only,s3,0.3816014251552667,0.3735489587648434,0.22667997726826777,0.5806416985189866,0.2627309393778406,0.5166433781323323
women,10,expectancy,110,2 Physical only,s3,0.46540059596014466,0.45473769620885685,0.25175560114037715,0.7431709671046113,0.29924438773086026,0.6528429506064886
women,10,expectancy,50,3 Cognitive only,s3,2.083397974275757,2.0734422434627184,1.9215550178688223,2.2999807577736413,1.9598532073558133,2.227287402595096
women,10,expectancy,52,3 Cognitive only,s3,0.941566543828015,0.9345330766540295,0.8276824597357996,1.0940310372924702,0.8547255814246237,1.04291987486082
women,10,expectancy,54,3 Cognitive only,s3,0.7507851331372664,0.7489985723463789,0.688524168391757,0.8221093127321294,0.7055628871853507,0.79980308564697
women,10,expectancy,56,3 Cognitive only,s3,0.7108583341544559,0.7103443404671617,0.6564621934777192,0.7685027741205672,0.6711209277050111,0.7519093717405619
women,10,expectancy,58,3 Cognitive only,s3,0.6990968627660388,0.6986310858728622,0.6445497603626374,0.7573651156894707,0.6592300791845305,0.740430717082317
women,10,expectancy,60,3 Cognitive only,s3,0.6928768629274896,0.6923672329916781,0.6369711055744489,0.7521055771141787,0.6521744152203246,0.7352250938326177
women,10,expectancy,62,3 Cognitive only,s3,0.6873373617886531,0.6867727599178142,0.6300423640095908,0.7484474349072434,0.6456317833097968,0.7307223830961777
women,10,expectancy,64,3 Cognitive only,s3,0.6812417993883144,0.6805877595192736,0.6223902524940863,0.7438616536653969,0.6384312825455031,0.7256763584825369
women,10,expectancy,66,3 Cognitive only,s3,0.6741740190031518,0.6733543321790232,0.6137962040106086,0.7385008061832546,0.6303510971131763,0.7195804319438468
women,10,expectancy,68,3 Cognitive only,s3,0.6659135924790319,0.6649948142670887,0.6042250938732859,0.7319050367342406,0.621109743351448,0.7123253304228588
women,10,expectancy,70,3 Cognitive only,s3,0.6562837909364975,0.655225769910655,0.5929892454243865,0.72398937216024,0.6104143729315616,0.7037828909877107
women,10,expectancy,72,3 Cognitive only,s3,0.6451131996237819,0.644118655039095,0.5804289275761467,0.7142851869565239,0.5982054283248692,0.6938038898337838
women,10,expectancy,74,3 Cognitive only,s3,0.6322273256249373,0.631188645999204,0.5661583049795748,0.702716720150805,0.5842473235181378,0.6823125563426437
women,10,expectancy,76,3 Cognitive only,s3,0.6174487706600695,0.6165343181315487,0.5495128252304148,0.6895610568930123,0.56843647328522,0.6689669360662779
women,10,expectancy,78,3 Cognitive only,s3,0.6005997838394584,0.5995473078588208,0.5314851809952352,0.6741127442975007,0.5504445115072052,0.6531733097664301
women,10,expectancy,80,3 Cognitive only,s3,0.581505037177546,0.5803903075381747,0.5113560948358842,0.6560163125517543,0.5303160726893825,0.6350040769721045
women,10,expectancy,82,3 Cognitive only,s3,0.5599938597865114,0.5589080361844403,0.48877398646613407,0.6360530743576744,0.5081789075286156,0.6145040286636947
women,10,expectancy,84,3 Cognitive only,s3,0.5359023836235478,0.5347899527585919,0.46355775376596603,0.6131936459478384,0.4833522498163905,0.5910941477926146
women,10,expectancy,86,3 Cognitive only,s3,0.5090780857217427,0.5078832110650164,0.4360719150662898,0.5874380569909666,0.4559465190935781,0.5650654649428581
women,10,expectancy,88,3 Cognitive only,s3,0.4793924493406685,0.4780993647622547,0.4065132474908733,0.5589846588927687,0.42601691001325825,0.5360361088811532
women,10,expectancy,90,3 Cognitive only,s3,0.44677129333491344,0.44538999429151394,0.37325594983758287,0.5274847183252851,0.39320735254154965,0.5037071204628304
women,10,expectancy,92,3 Cognitive only,s3,0.41125403814553113,0.4097202958940745,0.33829420603409627,0.4923036132944194,0.3578638901012392,0.4683002974805359
women,10,expectancy,94,3 Cognitive only,s3,0.3730873073548497,0.37127202427771466,0.30112256076096644,0.4548889272074713,0.32032045106987983,0.4295531245388361
women,10,expectancy,96,3 Cognitive only,s3,0.3328389864506364,0.33087273350242863,0.26319516037349056,0.41454160588333416,0.28109825732207244,0.3887546082172119
women,10,expectancy,98,3 Cognitive only,s3,0.2914888850419769,0.28922059926524213,0.22377273312793786,0.37204992726935143,0.24075523118998637,0.3473694523687132
women,10,expectancy,100,3 Cognitive only,s3,0.2504346319060716,0.24777897121290549,0.18488001737341342,0.3307324877206922,0.2008469877171787,0.3057618629991666
women,10,expectancy,102,3 Cognitive only,s3,0.21139028947885427,0.20841576903991754,0.1480873582135535,0.29231883595899166,0.16320741923034962,0.2659047953521551
women,10,expectancy,104,3 Cognitive only,s3,0.17630846458797778,0.17273179446811002,0.11544383556727673,0.2583085034709304,0.12942974005790664,0.23023095238510977
women,10,expectancy,106,3 Cognitive only,s3,0.1479026172315041,0.1437133093796634,0.08802362497178008,0.23247223697643937,0.10163541916393051,0.20264793684631643
women,10,expectancy,108,3 Cognitive only,s3,0.13315218181765723,0.1276969641218816,0.07052039414979264,0.2269270215906767,0.08417364068501981,0.1929502306864101
women,10,expectancy,110,3 Cognitive only,s3,0.16194790318248573,0.15341257472171457,0.07604960726106028,0.2957057399674672,0.09382828602443953,0.2472709453907786
women,10,expectancy,50,4 Both,s3,1.236438123759337,1.2332261991353375,1.1169592835132085,1.3739126433257312,1.1481909789767162,1.3317440484184213
women,10,expectancy,52,4 Both,s3,1.2100821841856695,1.2077768391050108,1.105645485758583,1.326281264102084,1.1330080479561353,1.2902045252736805
women,10,expectancy,54,4 Both,s3,1.1494373007230019,1.1482156147877074,1.0575835776184397,1.2486563777841313,1.0826976910050823,1.2177515822660903
women,10,expectancy,56,4 Both,s3,1.1260149841701326,1.1247574979714166,1.035895646757507,1.2245997177679195,1.0602424125685408,1.1939907222341597
women,10,expectancy,58,4 Both,s3,1.1183117674729866,1.117044644038444,1.026470733138501,1.2177648171359583,1.0513264402252456,1.1878743740665283
women,10,expectancy,60,4 Both,s3,1.1162515639312152,1.1150402738886083,1.0231822642403605,1.2181430910764517,1.0478376977212187,1.1873774741147696
women,10,expectancy,62,4 Both,s3,1.1162381563217847,1.1149140421776602,1.021039614342664,1.22049581829169,1.0463042740597963,1.18914951190932
women,10,expectancy,64,4 Both,s3,1.116954158974936,1.1155486399121424,1.0192157655044929,1.2240263704061507,1.0453127139514058,1.1916061038262058
women,10,expectancy,66,4 Both,s3,1.1178539146754303,1.1163931843117494,1.0173120665228588,1.2275499041916937,1.0443471717805648,1.194801251310528
women,10,expectancy,68,4 Both,s3,1.1186651986958345,1.1171863073920076,1.0154504373211786,1.2319914902401332,1.0431007377033263,1.197750553946152
women,10,expectancy,70,4 Both,s3,1.119222347788695,1.117655189848441,1.0130883634679022,1.2361894630031078,1.0415553262710684,1.200519540510107
women,10,expectancy,72,4 Both,s3,1.1194110973295128,1.1176917597832132,1.0099227682773235,1.2397537703925041,1.0395193833331935,1.202968336295384
women,10,expectancy,74,4 Both,s3,1.11915479443867,1.1173440949249334,1.0062048268919974,1.2436383329785292,1.0368161597483525,1.205213085754908
women,10,expectancy,76,4 Both,s3,1.1184183611456007,1.1165130142281383,1.0018297328941015,1.2471753992776173,1.0334484684751675,1.2073461382886432
women,10,expectancy,78,4 Both,s3,1.1172208673331747,1.115186647639073,0.9963973629829649,1.250775463708428,1.0296235182207516,1.209238126968175
women,10,expectancy,80,4 Both,s3,1.1156515192896834,1.11357408091743,0.9906090341968204,1.2538673112550942,1.0247639766757783,1.211252110104044
women,10,expectancy,82,4 Both,s3,1.1138840177948695,1.1115158907707428,0.9837210318552035,1.2581489561863863,1.0192765905982457,1.2131262333582449
women,10,expectancy,84,4 Both,s3,1.1121829830530674,1.1092648729022168,0.9765613882902692,1.2621963817915902,1.0128311221046549,1.215803498981994
women,10,expectancy,86,4 Both,s3,1.1108948781148753,1.1078273081639707,0.9688382137470901,1.2684172570409096,1.006925291426787,1.2198604748843234
women,10,expectancy,88,4 Both,s3,1.1104161893534887,1.1070154242935315,0.9625705831479138,1.2771648713792056,1.0012382535619195,1.2253191921521662
women,10,expectancy,90,4 Both,s3,1.1111356925117712,1.1073093713128608,0.9547458587476043,1.2886526029602816,0.9954901299249426,1.2328345329168322
women,10,expectancy,92,4 Both,s3,1.1133574787571499,1.1087823012817186,0.9484912357628178,1.3010622831261383,0.9905695383096998,1.2436112277224955
women,10,expectancy,94,4 Both,s3,1.11722670640493,1.1120867556116592,0.9421431517238298,1.319206804257047,0.9865809683515692,1.2561559547911982
women,10,expectancy,96,4 Both,s3,1.1226955746274485,1.1170129285342316,0.9368096709255977,1.340418153777553,0.9843973040552044,1.2711350103720305
women,10,expectancy,98,4 Both,s3,1.1295781489090222,1.122503919311233,0.9321607322388205,1.3635105128877683,0.9819630254923554,1.2893648348225415
women,10,expectancy,100,4 Both,s3,1.1377773990539213,1.129537875290405,0.9279690693415411,1.3901663883866344,0.9803269742610103,1.3100663419874918
women,10,expectancy,102,4 Both,s3,1.147976480412435,1.138787670769637,0.9245991568159959,1.420008418739809,0.9797800881015406,1.3340814026463403
women,10,expectancy,104,4 Both,s3,1.164026575931697,1.1535345724064157,0.9261731278375143,1.4587501706969996,0.9844879940091223,1.365400720994222
women,10,expectancy,106,4 Both,s3,1.202301669205501,1.1896431746212024,0.9447131439886837,1.52611600195548,1.0067803581050514,1.4229304252078734
women,10,expectancy,108,4 Both,s3,1.3325732115452598,1.3166045093675567,1.0374052897790724,1.7054166528672696,1.1090460508899573,1.5848516513474937
women,10,expectancy,110,4 Both,s3,1.8800329643428555,1.8697582421410304,1.4985740283776874,2.302896375913388,1.6012741187293795,2.1759618434729098
women,10,expectancy,50,1 Functional,s4,18.90136819620597,18.913105854533455,17.179885518989366,20.543970635274892,17.685673996201086,20.089954654734186
women,10,expectancy,52,1 Functional,s4,20.48560367957474,20.492303332654433,19.392600430113916,21.556482689612267,19.704255152449814,21.265640812083568
women,10,expectancy,54,1 Functional,s4,20.473474592779578,20.480482387692888,19.80010906924359,21.108954277118418,19.994312031155445,20.932832177788285
women,10,expectancy,56,1 Functional,s4,19.74259795169307,19.749397714822386,19.322056863896137,20.130161951101087,19.44281396608716,20.026672234100484
women,10,expectancy,58,1 Functional,s4,18.668484165456,18.67128608629605,18.380379135046294,18.944522989394276,18.460437583993258,18.870468711732585
women,10,expectancy,60,1 Functional,s4,17.42713439100204,17.42683820192188,17.193001472356794,17.662640507303685,17.258550004990692,17.597289345007344
women,10,expectancy,62,1 Functional,s4,16.108292405189495,16.1077167630916,15.891152690769959,16.33046929959938,15.950640805033975,16.26744379918542
women,10,expectancy,64,1 Functional,s4,14.7607925993329,14.760533715845584,14.5461688348241,14.980940613337292,14.605389374000262,14.917695882757837
women,10,expectancy,66,1 Functional,s4,13.413274905446581,13.413839927607805,13.196633231504869,13.63600031269529,13.25615439838381,13.571889379225738
women,10,expectancy,68,1 Functional,s4,12.08432006921911,12.084826905786173,11.86705652133512,12.308056991483763,11.926478669161375,12.24360141397134
women,10,expectancy,70,1 Functional,s4,10.787537057323373,10.78758321677251,10.57008129407362,11.01173550066804,10.628818223981805,10.947784042028069
women,10,expectancy,72,1 Functional,s4,9.534116472112759,9.534372687939708,9.316787907007068,9.758752729844566,9.376361935940007,9.692935279075195
women,10,expectancy,74,1 Functional,s4,8.334068676940186,8.333782184821828,8.120175306142636,8.556416917349026,8.178272527782953,8.491221945565766
women,10,expectancy,76,1 Functional,s4,7.19674964765184,7.196200353163614,6.987300619449816,7.414367190534373,7.043455867075733,7.350788298369346
women,10,expectancy,78,1 Functional,s4,6.130974994983546,6.130081050385975,5.927403239938743,6.341696989458173,5.982078390869076,6.280266243112728
women,10,expectancy,80,1 Functional,s4,5.144876108167661,5.144323941172658,4.949007803575324,5.347117399761846,5.000800882805064,5.289117558288838
women,10,expectancy,82,1 Functional,s4,4.245587069921653,4.244752446343478,4.057493483048888,4.439434808810232,4.107893344848318,4.383497694219519
women,10,expectancy,84,1 Functional,s4,3.4388287748760127,3.4379110135615036,3.261242201037538,3.6221232102398684,3.309536490061091,3.569157542616577
women,10,expectancy,86,1 Functional,s4,2.728455915382334,2.727552900911554,2.5636153687600562,2.899840143416482,2.6080533970951634,2.8503740735087293
women,10,expectancy,88,1 Functional,s4,2.1160382496208916,2.1151244878330706,1.965452006110414,2.2748102538936097,2.0056859864840035,2.2284496009146957
women,10,expectancy,90,1 Functional,s4,1.6005481096701029,1.5992661739910652,1.465938656133235,1.7434768225055963,1.5018484550011513,1.7018912397862833
women,10,expectancy,92,1 Functional,s4,1.1782143061237638,1.176796062033329,1.0593234158898053,1.3050846675107013,1.0917947248895132,1.2675309730286037
women,10,expectancy,94,1 Functional,s4,0.8425801081834805,0.8411040767436853,0.7402545404226563,0.9534557215411065,0.768424986225759,0.9191814326058212
women,10,expectancy,96,1 Functional,s4,0.5847818213635454,0.583293572060853,0.49971934456564265,0.6776934162905457,0.5229926741836269,0.6493627678279227
women,10,expectancy,98,1 Functional,s4,0.39405746729410596,0.3926157244735415,0.3255764932836139,0.47025376546317443,0.3438270226484412,0.44677125378777266
women,10,expectancy,100,1 Functional,s4,0.25849470000942565,0.2572040316062642,0.20457063561860894,0.31910074311525266,0.21901728021111005,0.3008666595356816
women,10,expectancy,102,1 Functional,s4,0.1659980933121729,0.16475582917009074,0.12439688411960859,0.2134747093452596,0.13537904989356325,0.1991314883209498
women,10,expectancy,104,1 Functional,s4,0.10538350352432577,0.1042882294996305,0.07333457924888447,0.14308051833846339,0.08182312180392282,0.13118971296414572
women,10,expectancy,106,1 Functional,s4,0.06750697077976311,0.06640212309126808,0.04278040122357648,0.09808928815276717,0.049016798641413444,0.08813453216158712
women,10,expectancy,108,1 Functional,s4,0.04687506365520939,0.04555559299377737,0.02619009193989818,0.07458821189910131,0.031093241172048546,0.06484714873782976
women,10,expectancy,110,1 Functional,s4,0.047367984649879735,0.04556225957477845,0.022989866078052465,0.08119609020819075,0.028486560924557945,0.06937272778945863
women,10,expectancy,50,2 Physical only,s4,5.418337307842328,5.414964185007724,4.864409527630554,6.001788918541185,5.017000996534934,5.828983263795731
women,10,expectancy,52,2 Physical only,s4,5.56886102388514,5.565294234568226,5.15007554617287,6.013064846118133,5.260859644475071,5.88174874750926
women,10,expectancy,54,2 Physical only,s4,5.069601414961219,5.067839127891229,4.798819017894068,5.351117209850294,4.871714149573207,5.27046293222733
women,10,expectancy,56,2 Physical only,s4,4.631390125626489,4.631018652042922,4.447216114759765,4.822597274620724,4.497486549941924,4.768145701305756
women,10,expectancy,58,2 Physical only,s4,4.301297989681962,4.300952052465775,4.155582500034084,4.451345691098103,4.195232489551523,4.408353080395051
women,10,expectancy,60,2 Physical only,s4,4.044529360301828,4.043733713510564,3.9088008095443185,4.182497156599528,3.9476908987690065,4.141959327851515
women,10,expectancy,62,2 Physical only,s4,3.830561417333833,3.82992309391097,3.6971647669294847,3.9686479212162427,3.735331738953771,3.9275493155607824
women,10,expectancy,64,2 Physical only,s4,3.6404267132478614,3.6396528511674773,3.5038874254737125,3.7807756176891405,3.543121708913146,3.740220894142101
women,10,expectancy,66,2 Physical only,s4,3.4632405693017176,3.462566933894437,3.3230111914525464,3.6079743166223035,3.3639743206360704,3.5649412131652003
women,10,expectancy,68,2 Physical only,s4,3.292828820761195,3.2920356283402596,3.150419927931575,3.440413117732843,3.191516802372069,3.3974144747186013
women,10,expectancy,70,2 Physical only,s4,3.1256263749144324,3.1246502190184384,2.9812634222180447,3.2762201883933657,3.0215855711146635,3.2331207856292266
women,10,expectancy,72,2 Physical only,s4,2.9595187851445806,2.9585262278903697,2.8126470962170447,3.1130301306395087,2.8535725610633063,3.068405365577484
women,10,expectancy,74,2 Physical only,s4,2.79324012774021,2.792036319822129,2.644368497935447,2.948666725927808,2.6856343773424145,2.903570998834249
women,10,expectancy,76,2 Physical only,s4,2.6260736309937904,2.624658637378227,2.475752438779461,2.7837836418534607,2.5177264709014113,2.7372374396536503
women,10,expectancy,78,2 Physical only,s4,2.4577098074168364,2.455926065125112,2.3072133320012593,2.6177560534324305,2.3491900855896084,2.570487505217338
women,10,expectancy,80,2 Physical only,s4,2.2881818882637193,2.2863852949772414,2.1372819732807846,2.4494565429608035,2.1789740534551356,2.4017106349870474
women,10,expectancy,82,2 Physical only,s4,2.1178336583544475,2.115848729190191,1.9667634058933758,2.2798657740388957,2.0079759371102437,2.2315102714994732
women,10,expectancy,84,2 Physical only,s4,1.9472937348063242,1.9454621908582501,1.795032883985696,2.1097697708459306,1.8379936741156295,2.061392568956448
women,10,expectancy,86,2 Physical only,s4,1.7774421081585716,1.7755535805871583,1.6253975247879888,1.9397427629904243,1.6680840807839958,1.8920521985899743
women,10,expectancy,88,2 Physical only,s4,1.609364925827759,1.6072897207588537,1.4581979137082566,1.7713444481696055,1.4998555518947996,1.7243265366736114
women,10,expectancy,90,2 Physical only,s4,1.4443041261117844,1.442337439231269,1.2934123076719766,1.6071038092748857,1.3356225157064858,1.559042887167883
women,10,expectancy,92,2 Physical only,s4,1.2836172799762948,1.2814223401837868,1.134440096799469,1.4458537893826717,1.1752033431037547,1.397891249027378
women,10,expectancy,94,2 Physical only,s4,1.1287627932345736,1.1262811298756898,0.9813120809538936,1.2911798213765868,1.0211453756794322,1.243722009256237
women,10,expectancy,96,2 Physical only,s4,0.9813093931052924,0.9783535596013678,0.8344902304704572,1.1444675234287582,0.8736806228051427,1.0961414919574133
women,10,expectancy,98,2 Physical only,s4,0.8429431201593219,0.8400242994307934,0.6968661355372422,1.007946617741586,0.7349518633423988,0.9583553812385281
women,10,expectancy,100,2 Physical only,s4,0.7154453793125032,0.7118705631958668,0.5693512253370885,0.8835038716045726,0.6068256787496276,0.8315513937808586
women,10,expectancy,102,2 Physical only,s4,0.600706242128374,0.5963176055789259,0.45569971930814535,0.7710993277248849,0.4917541060630109,0.7183689746856513
women,10,expectancy,104,2 Physical only,s4,0.5011389544551708,0.495853226922171,0.3564828708928187,0.6725279381928292,0.3920493533183303,0.621002616727287
women,10,expectancy,106,2 Physical only,s4,0.42192972965910075,0.41604592396645806,0.27659520585406316,0.5997953762162395,0.3108491893720711,0.5452873524808249
women,10,expectancy,108,2 Physical only,s4,0.38160141563999517,0.37354895037515146,0.22667997340031504,0.5806417011744368,0.2627309206242932,0.5166433767929839
women,10,expectancy,110,2 Physical only,s4,0.46540058825700986,0.45473769080111553,0.25175558907826695,0.7431709685121937,0.29924436716364944,0.652842939774046
women,10,expectancy,50,3 Cognitive only,s4,0.732636265052514,0.7264037515655678,0.6337504878579598,0.8688433318270312,0.6575024544876906,0.8211213069907217
women,10,expectancy,52,3 Cognitive only,s4,0.7592753467337149,0.7546509031635076,0.6793236935505984,0.8648769296025192,0.6990899166245864,0.8289424224296612
women,10,expectancy,54,3 Cognitive only,s4,0.7200942551602869,0.7191239661229019,0.6625557737303702,0.7834097299735302,0.6776806844055758,0.7643577891557646
women,10,expectancy,56,3 Cognitive only,s4,0.7039849844373423,0.7034798683581529,0.6503166302328518,0.7616295503696627,0.6645790868606818,0.7445949338692901
women,10,expectancy,58,3 Cognitive only,s4,0.6969313761238534,0.696496682460468,0.6426831309201764,0.7548536534636155,0.6572545776246974,0.7379628851236081
women,10,expectancy,60,3 Cognitive only,s4,0.6919467155076694,0.6914854097079047,0.6362494629448153,0.7512071467771295,0.6513045041892366,0.7341981939602551
women,10,expectancy,62,3 Cognitive only,s4,0.6868407437016817,0.6862799703819175,0.6295737573704593,0.7477141510028783,0.6452600591036762,0.7301245352494113
women,10,expectancy,64,3 Cognitive only,s4,0.6809378337915775,0.6802824969153891,0.6220665667197498,0.7435149144981121,0.6382260183349315,0.7252796308043457
women,10,expectancy,66,3 Cognitive only,s4,0.6739718512396925,0.673182846340158,0.6136255382655983,0.7382736211413926,0.6302180903563743,0.7193666992122116
women,10,expectancy,68,3 Cognitive only,s4,0.6657726600366132,0.6648734860326153,0.6040982796674459,0.7317158156880061,0.6209522585220715,0.7121608734676268
women,10,expectancy,70,3 Cognitive only,s4,0.6561833730890292,0.655125485578034,0.5929144001048076,0.7238601040066075,0.6103421649152936,0.7036640619280368
women,10,expectancy,72,3 Cognitive only,s4,0.645041299904335,0.6440493970384873,0.5803657744593057,0.7141842591642641,0.5981485699108292,0.6937180325490456
women,10,expectancy,74,3 Cognitive only,s4,0.6321761609633835,0.6311394839423191,0.5661168161919802,0.7026353013787,0.5842011361552564,0.6822611941998489
women,10,expectancy,76,3 Cognitive only,s4,0.6174128357057084,0.6165025509988076,0.5494724485659536,0.6895086917080355,0.5684151643243784,0.6689195188363488
women,10,expectancy,78,3 Cognitive only,s4,0.6005749822424745,0.5995195823035548,0.5314638789588689,0.674086935937367,0.5504248386368338,0.6531374935433166
women,10,expectancy,80,3 Cognitive only,s4,0.5814882613532941,0.580371358500805,0.5113458435732736,0.6559911632332059,0.53029531046583,0.63498892991006906
women,10,expectancy,82,3 Cognitive only,s4,0.5599827573461645,0.5588958329157294,0.4887659836574466,0.6360408630204796,0.5081723094124537,0.6144887736663235
women,10,expectancy,84,3 Cognitive only,s4,0.535895200894048,0.534784905648654,0.46354614222287266,0.613184249081783,0.48334777071843693,0.5910814071827436
women,10,expectancy,86,3 Cognitive only,s4,0.5090735449356842,0.507878685060442,0.4360680853110999,0.5874331061101463,0.4559425329925147,0.565060078423552
women,10,expectancy,88,3 Cognitive only,s4,0.47938964434332315,0.47809553345643474,0.40651094848991587,0.5589822643492942,0.42601340692349077,0.5360338585384457
women,10,expectancy,90,3 Cognitive only,s4,0.4467695999411109,0.4453885157408194,0.3732527472136461,0.5274825211257733,0.3932058121843235,0.5037063410151374
women,10,expectancy,92,3 Cognitive only,s4,0.41125303895484216,0.40971965952339745,0.3382931179999575,0.4923015927286666,0.3578633024858847,0.4682997837834988
women,10,expectancy,94,3 Cognitive only,s4,0.37308673122772207,0.37127118084717137,0.3011222274489,0.45488839442066475,0.320320152095464,0.4295522948986187
women,10,expectancy,96,3 Cognitive only,s4,0.3328386620446866,0.33087247997797664,0.2631947679396804,0.41454118862184347,0.28109796327568454,0.38875422911030527
women,10,expectancy,98,3 Cognitive only,s4,0.29148870683831757,0.2892204477771322,0.22377259813657885,0.3720498367282729,0.24075503957713407,0.3473692853751708
women,10,expectancy,100,3 Cognitive only,s4,0.2504345364975099,0.2477788184097286,0.1848799683944978,0.3307323951652035,0.20084690547832243,0.3057617660606559
women,10,expectancy,102,3 Cognitive only,s4,0.21139023968937687,0.20841570003588275,0.14808729918287622,0.2923187642106536,0.16320739411938076,0.2659047417366892
women,10,expectancy,104,3 Cognitive only,s4,0.17630843918349567,0.17273177663117645,0.11544382509465853,0.2583084919607399,0.12942972319780138,0.23023091588452582
women,10,expectancy,106,3 Cognitive only,s4,0.14790260439361005,0.14371330157821843,0.0880236081300815,0.23247222317460425,0.10163541365321033,0.20264793482542842
women,10,expectancy,108,3 Cognitive only,s4,0.13315217497328855,0.1276969545873202,0.07052038974081515,0.22692701163403334,0.08417363846901438,0.19295022388173994
women,10,expectancy,110,3 Cognitive only,s4,0.16194789786969002,0.15341257006371484,0.07604960531071425,0.29570573819996554,0.09382828356411718,0.24727092658481561
women,10,expectancy,50,4 Both,s4,2.490372634240933,2.480222216611921,2.29625438375096,2.734682671380769,2.3427701876048785,2.654018897050867
women,10,expectancy,52,4 Both,s4,1.4324724258866024,1.4253820331562717,1.271137462279426,1.6320075290290503,1.3110810386798635,1.5664631017337352
women,10,expectancy,54,4 Both,s4,1.213214151822763,1.2110768391013291,1.1081890287139948,1.3323431087701487,1.1356936989298303,1.294649977945618
women,10,expectancy,56,4 Both,s4,1.153632979776105,1.152243489803769,1.0603914705730302,1.254084697155846,1.0858084136440316,1.2236330273786264
women,10,expectancy,58,4 Both,s4,1.1330720780848755,1.13171519074787,1.0406016674661074,1.2334304400261313,1.0660166615000517,1.2022781432872016
women,10,expectancy,60,4 Both,s4,1.1248338440979997,1.1234274076991952,1.0309235495467877,1.226905018589595,1.0566561388069662,1.1955181215738668
women,10,expectancy,62,4 Both,s4,1.1214004652423373,1.1199818393929355,1.0260088842465922,1.2256225080273635,1.0515757480662344,1.1939786626034796
women,10,expectancy,64,4 Both,s4,1.1201061884679773,1.1187121108643443,1.0221883777137972,1.2268447165786205,1.0484742258843942,1.1947606911946311
women,10,expectancy,66,4 Both,s4,1.119791438597634,1.1184041881458562,1.0191382197250798,1.229603468227581,1.0463828340377044,1.19660421621119
women,10,expectancy,68,4 Both,s4,1.1198585867797213,1.1183704710446558,1.016656555729526,1.23295090005486,1.0442509253890104,1.1989148271109502
women,10,expectancy,70,4 Both,s4,1.1199563898873448,1.1183859575759052,1.0139019045820912,1.236823361818734,1.0423210727692613,1.2012613289945802
women,10,expectancy,72,4 Both,s4,1.1198606951018302,1.1181494229743558,1.0103218975579484,1.2402027969736924,1.0399123583250978,1.2035884240488683
women,10,expectancy,74,4 Both,s4,1.1194283119213624,1.1176191180937387,1.0065271444485686,1.2438792411762103,1.037048593270586,1.2055054824310845
women,10,expectancy,76,4 Both,s4,1.1185832603432908,1.1166672281225436,1.0020248659129762,1.2473739263102483,1.033590125025468,1.2075279970848876
women,10,expectancy,78,4 Both,s4,1.117319196129301,1.115271683595184,0.9964570169419901,1.2508580197013637,1.029712199527817,1.2093567842913953
women,10,expectancy,80,4 Both,s4,1.115709422851692,1.1136321732967296,0.9906778623622154,1.2539444372424344,1.0248468447118193,1.2112954948109984
women,10,expectancy,82,4 Both,s4,1.1139176570221865,1.1115403767927121,0.9837622759852827,1.2581834783232893,1.019306936186896,1.2131694017065768
women,10,expectancy,84,4 Both,s4,1.1122022547549988,1.1092818318968982,0.9765804299643284,1.2622117013102205,1.0128531065836839,1.2158216247259772
women,10,expectancy,86,4 Both,s4,1.1109057685416377,1.1078360137128778,0.9688463728736565,1.268436304405798,1.0069312559428751,1.2198677258665145
women,10,expectancy,88,4 Both,s4,1.1104222659487286,1.1070206107279517,0.962574046289226,1.2771695733062967,1.0012454164945832,1.225323829402778
women,10,expectancy,90,4 Both,s4,1.1111390462200232,1.1073135420679003,0.9547475430152396,1.288657778218004,0.9954915370759826,1.2328397349999676
women,10,expectancy,92,4 Both,s4,1.1133593139298432,1.1087844682733565,0.9484923139578179,1.3010635625049085,0.9905706235298587,1.2436129406786463
women,10,expectancy,94,4 Both,s4,1.117227704875291,1.1120874712879836,0.9421435713642605,1.3192077729495444,0.9865817014671576,1.2561567689018358
women,10,expectancy,96,4 Both,s4,1.1226961162900315,1.117013277462627,0.9368100652879501,1.340418806339659,0.9843976701597392,1.2711358848152818
women,10,expectancy,98,4 Both,s4,1.1295784425485587,1.1225041915547642,0.9321608456709679,1.3635112714568094,0.9819631550352864,1.2893656447917843
women,10,expectancy,100,4 Both,s4,1.1377775582298093,1.1295379875984999,0.9279692281193859,1.390166531261033,0.980327120123311,1.3100666950689455
women,10,expectancy,102,4 Both,s4,1.1479765665250357,1.1387878019619997,0.9245992064101507,1.420008538546764,0.9797801650072419,1.3340815420715137
women,10,expectancy,104,4 Both,s4,1.1640266221853721,1.1535346139563742,0.9261731531679138,1.458750245476952,0.9844880244902926,1.3654008325270193
women,10,expectancy,106,4 Both,s4,1.2023016937900846,1.1896431954794593,0.9447131686598157,1.5261160374498046,1.0067804024355982,1.422930449629202
women,10,expectancy,108,4 Both,s4,1.3325732252392526,1.3166045301066773,1.0374052893874801,1.7054166950432081,1.1090460485036624,1.5848516904185612
women,10,expectancy,110,4 Both,s4,1.880032977289263,1.8697582536615756,1.49857403035173,2.3028964404076824,1.601274127498733,2.175961853388852
women,10,total_expectancy,50,Total,population,31.46745688342369,31.468299156479052,31.162444101618714,31.774122941529626,31.24984367094326,31.68503593223661
women,10,total_expectancy,52,Total,population,29.84594395059292,29.846109980748786,29.558727179531033,30.137326353776448,29.63933231203539,30.051617063006432
women,10,total_expectancy,54,Total,population,28.226495930266868,28.22712210458043,27.948618416309007,28.508573426644542,28.025031795251003,28.426105622887867
women,10,total_expectancy,56,Total,population,26.60944433996941,26.609773043404694,26.33374520392425,26.89216616736822,26.408969723296966,26.81003592232431
women,10,total_expectancy,58,Total,population,24.997380297485133,24.99765294357909,24.718464337030174,25.284745637901374,24.79487503982711,25.200781864014647
women,10,total_expectancy,60,Total,population,23.39423238829737,23.39358673511052,23.109629153092012,23.68643744641044,23.188137164111797,23.601589009894283
women,10,total_expectancy,62,Total,population,21.804708921182588,21.803752688062403,21.515030752589137,22.10432955183264,21.595201168287957,22.019112768537692
women,10,total_expectancy,64,Total,population,20.234059082429376,20.23306627682435,19.93705821211186,20.542116338152535,20.01999774583689,20.452037272432726
women,10,total_expectancy,66,Total,population,18.68800111516265,18.687186292351747,18.38497081868128,19.001276024097677,18.469967536705937,18.909821352354538
women,10,total_expectancy,68,Total,population,17.172722353434796,17.171589242582087,16.866347171369828,17.490780722211266,16.951843464142303,17.399086832218735
women,10,total_expectancy,70,Total,population,15.694895904812833,15.69390865195438,15.385044344934496,16.016080935780593,15.471625160654785,15.922715069299596
women,10,total_expectancy,72,Total,population,14.2616791809772,14.260276448796198,13.951940743194067,14.584558514853649,14.036654504991981,14.49049176127634
women,10,total_expectancy,74,Total,population,12.8806688213564,12.879485810064411,12.571150372421348,13.205440031034339,12.655922901982642,13.10922593180847
women,10,total_expectancy,76,Total,population,11.559790982341195,11.558293290048635,11.253274259987958,11.88085608928322,11.3367276482872,11.786023276106688
women,10,total_expectancy,78,Total,population,10.30710954788377,10.305001956916893,10.006085667426905,10.623997868018492,10.086948163503045,10.530243685143342
women,10,total_expectancy,80,Total,population,9.130540528847899,9.128241763859275,8.83613700912049,9.442723141284326,8.914366038057395,9.348997216959411
women,10,total_expectancy,82,Total,population,8.037471032420637,8.035126327060375,7.751828279638142,8.343863468131643,7.827003952303883,8.251054455377696
women,10,total_expectancy,84,Total,population,7.034297080886057,7.031598579677331,6.757895877970348,7.331679836247505,6.831436372743748,7.242126210077599
women,10,total_expectancy,86,Total,population,6.125916059427415,6.123240819542536,5.8595117273014505,6.4106609416769444,5.9305578124082245,6.325700154369864
women,10,total_expectancy,88,Total,population,5.315234044741367,5.3121519451267405,5.060301000411885,5.586369021900447,5.129690769881876,5.506208862539431
women,10,total_expectancy,90,Total,population,4.602769931478271,4.599924691104527,4.359559154877962,4.861813121168327,4.4264847086084185,4.7845827297913175
women,10,total_expectancy,92,Total,population,3.986448152269987,3.983398166686503,3.7564580750669414,4.234886177532962,3.819049850008687,4.159322201094517
women,10,total_expectancy,94,Total,population,3.46165925288378,3.459131111320753,3.2448163415120086,3.6973600564198197,3.303974694234909,3.625383250502753
women,10,total_expectancy,96,Total,population,3.0216268442084693,3.0185255810031064,2.818310601678228,3.245682068052219,2.873116108726906,3.177187691198476
women,10,total_expectancy,98,Total,population,2.658068107636709,2.654407319793988,2.466324840207439,2.874336967592797,2.5176023340628255,2.8068171852385855
women,10,total_expectancy,100,Total,population,2.362152332810182,2.357377397821441,2.179681866225007,2.5746007201169867,2.227801836539381,2.5065753167835645
women,10,total_expectancy,102,Total,population,2.1260712089782503,2.1197253064722643,1.949131801065413,2.3363101756326445,1.9954734771869003,2.268575749830502
women,10,total_expectancy,104,Total,population,1.9468575481271457,1.9392348536396682,1.7717667253155263,2.1638706240621612,1.816401988165628,2.091550614101094
women,10,total_expectancy,106,Total,population,1.8396410115654056,1.829949160273779,1.6573941443920868,2.072670571454741,1.7024967979280259,1.9946329286757414
women,10,total_expectancy,108,Total,population,1.8942018860039624,1.8829572544331015,1.6924990213158666,2.155554382476826,1.7423488870554236,2.066675078106438
women,10,total_expectancy,110,Total,population,2.5547494501638037,2.5437558477083186,2.4027195282552065,2.7670452287542724,2.43802389319735,2.6915878053510323
women,10,total_expectancy,50,Total,s1,31.76062537818579,31.762039798356064,31.465353416293503,32.05927838919212,31.546331201100482,31.972255313251207
women,10,total_expectancy,52,Total,s1,29.998639002239276,29.999125753448872,29.715457701341506,30.285931242431943,29.79427922850183,30.202332817722034
women,10,total_expectancy,54,Total,s1,28.306442577080336,28.306652632425433,28.029672734521334,28.58827621095145,28.105336752005005,28.50598570469573
women,10,total_expectancy,56,Total,s1,26.65174074415345,26.651802223519894,26.37527253422896,26.93346575854933,26.45150545950115,26.852220352849162
women,10,total_expectancy,58,Total,s1,25.020024382270574,25.020366916046832,24.74126870080176,25.306830518112946,24.818162919646014,25.223211737548073
women,10,total_expectancy,60,Total,s1,23.406504291501946,23.405799725900835,23.12236216211942,23.698770020637255,23.20018327157492,23.613703360591934
women,10,total_expectancy,62,Total,s1,21.81143857519237,21.810641895844597,21.521979490326867,22.11084769319276,21.602192511205875,22.025691799533803
women,10,total_expectancy,64,Total,s1,20.2377886323641,20.236707295408888,19.940686494008574,20.54581750713565,20.0237401807939,20.456023413510884
women,10,total_expectancy,66,Total,s1,18.69008560727935,18.68933197720454,18.38687394685198,19.003557231552026,18.472155037241823,18.91188462206873
women,10,total_expectancy,68,Total,s1,17.17389399628318,17.172713746716983,16.86747904008096,17.491957256273515,16.953035734555883,17.400306515250193
women,10,total_expectancy,70,Total,s1,15.695555919694684,15.694553405285589,15.38570807246966,16.01677915474263,15.472188452893514,15.92341059767741
women,10,total_expectancy,72,Total,s1,14.262050386220455,14.260691704533897,13.952233730173164,14.584914630077574,14.037005318094504,14.49091699663933
women,10,total_expectancy,74,Total,s1,12.880876422227724,12.879704864893656,12.571368636944285,13.205667740856258,12.656138406326457,13.109410509601494
women,10,total_expectancy,76,Total,s1,11.559905969545087,11.558398941947093,11.253392370636941,11.88097463163036,11.33683096151592,11.78616277978772
women,10,total_expectancy,78,Total,s1,10.307172382483824,10.305068019839418,10.006144357835291,10.624064286785215,10.087018713775883,10.53028560906871
women,10,total_expectancy,80,Total,s1,9.13057428417399,9.128273510388393,8.836175103237908,9.442753707989134,8.914396277920272,9.349030827375095
women,10,total_expectancy,82,Total,s1,8.037488804955952,8.035145212625775,7.7518427265050684,8.343885554818801,7.827020203108945,8.251071705438587
women,10,total_expectancy,84,Total,s1,7.034306229431464,7.0316056256439925,6.757906633411686,7.3316885992845116,6.831445580430413,7.242135125565718
women,10,total_expectancy,86,Total,s1,6.125920655574303,6.12324601673618,5.859515709301257,6.410666081306137,5.9305625465491145,6.325705108694098
women,10,total_expectancy,88,Total,s1,5.3152362961863995,5.312154674479487,5.06030295819114,5.586370774976764,5.129692870568362,5.506211084992721
women,10,total_expectancy,90,Total,s1,4.602771006664098,4.599925839895889,4.359560448553112,4.861814377859434,4.4264857238229975,4.784584104114501
women,10,total_expectancy,92,Total,s1,3.986448653100453,3.9833986651582105,3.756458500946413,4.234886583256837,3.8190502443829546,4.1593227769791445
women,10,total_expectancy,94,Total,s1,3.4616594806762913,3.4591313203606644,3.244816516890374,3.697360382341029,3.303974904256539,3.625383440478992
women,10,total_expectancy,96,Total,s1,3.021626945518849,3.0185256528322775,2.818310709861624,3.245682211559806,2.8731162332919857,3.177187795449947
women,10,total_expectancy,98,Total,s1,2.6580681517834743,2.6544073557714167,2.466324876152344,2.8743370069909044,2.5176023780736925,2.80681722246423
women,10,total_expectancy,100,Total,s1,2.3621523517238567,2.357377416078352,2.1796818812757466,2.5746007439331935,2.2278018516787306,2.506575340781457
women,10,total_expectancy,102,Total,s1,2.1260712170043172,2.119725310979004,1.9491318129000512,2.336310187036491,1.9954734837785428,2.268575761790563
women,10,total_expectancy,104,Total,s1,1.9468575515609692,1.9392348555155983,1.771766727410443,2.1638706281270994,1.8164019907345927,2.0915506205783427
women,10,total_expectancy,106,Total,s1,1.8396410131114105,1.8299491616183339,1.6573941443488949,2.0726705746375615,1.702496799526395,1.9946329303366035
women,10,total_expectancy,108,Total,s1,1.8942018867810237,1.8829572548551332,1.6924990216328932,2.155554382871319,1.7423488878131068,2.0666750791611275
women,10,total_expectancy,110,Total,s1,2.5547494504151604,2.5437558477368585,2.402719528359344,2.7670452289621057,2.4380238934875846,2.691587805630206
women,10,total_expectancy,50,Total,s2,29.689397058454595,29.700428790828212,29.088628851910347,30.235522254028865,29.26574942535601,30.08751601526234
women,10,total_expectancy,52,Total,s2,28.86236010888534,28.86590318872849,28.46523887304604,29.240903040488995,28.581130060745643,29.137161539707364
women,10,total_expectancy,54,Total,s2,27.695927717342858,27.69642025035391,27.378449158650028,28.012893622290736,27.471039515224703,27.920883777403795
women,10,total_expectancy,56,Total,s2,26.324324949803746,26.32416854324265,26.035721014857263,26.617070650569417,26.1162197092461,26.53302482810537
women,10,total_expectancy,58,Total,s2,24.84344038081749,24.84360044725139,24.56202768789651,25.1339476729411,24.6392315999532,25.048518322917324
women,10,total_expectancy,60,Total,s2,23.310412264957044,23.309671881397858,23.025871708593804,23.60276248707506,23.103915454629753,23.519252007996766
women,10,total_expectancy,62,Total,s2,21.758621154955833,21.757670545429676,21.469497574572348,22.059297395658202,21.54852856045591,21.972946851945405
women,10,total_expectancy,64,Total,s2,20.208478107928208,20.20712299927665,19.911180764815096,20.51624018354985,19.99404341532999,20.42662836016202
women,10,total_expectancy,66,Total,s2,18.673690676603627,18.672744864533605,18.37044077957157,18.986769955483023,18.456101143653726,18.895368294702923
women,10,total_expectancy,68,Total,s2,17.16467446603148,17.163719380888153,16.858201968684217,17.482580766352683,16.943741126802465,17.39101489813867
women,10,total_expectancy,70,Total,s2,15.690360850918527,15.68910593107306,15.380836990875565,16.011704272427675,15.467331191893571,15.91787513508014
women,10,total_expectancy,72,Total,s2,14.25912806080263,14.25766444956702,13.94975636559872,14.582132543236565,14.034248934722871,14.487959470605684
women,10,total_expectancy,74,Total,s2,12.879241893085085,12.877963885305284,12.569962768014612,13.203802757075781,12.654578611326324,13.107701629245723
women,10,total_expectancy,76,Total,s2,11.559000559021978,11.557507714251711,11.252484353090685,11.880020770672632,11.335981455051868,11.785195768183174
women,10,total_expectancy,78,Total,s2,10.306677596096408,10.304586249576133,10.005686498336953,10.623552310638862,10.086473899504368,10.52983639435728
women,10,total_expectancy,80,Total,s2,9.130308469755839,9.128010562956282,8.835877607977102,9.442502321907375,8.914144530287093,9.3487619834322
women,10,total_expectancy,82,Total,s2,8.037348846247022,8.035000398647231,7.751734482780604,8.343724876218705,7.826887670539338,8.25093594300249
women,10,total_expectancy,84,Total,s2,7.03423418252445,7.031538390575815,6.7578227558902,7.331620758727519,6.831372019417037,7.242062687147574
women,10,total_expectancy,86,Total,s2,6.125884458861763,6.12320915659067,5.859485065887732,6.4106235145532064,5.930524729188623,6.325665097783728
women,10,total_expectancy,88,Total,s2,5.315218564586606,5.312132215376009,5.060287503651527,5.586356051508761,5.1296767338550735,5.506193274256153
women,10,total_expectancy,90,Total,s2,4.602762538667693,4.5999170411595784,4.359550289603148,4.861804188941303,4.426477782438696,4.784572793744953
women,10,total_expectancy,92,Total,s2,3.9864447085533152,3.9833947752983736,3.7564551490358293,4.234883286850295,3.819047164876605,4.159318292585885
women,10,total_expectancy,94,Total,s2,3.4616576865493656,3.4591297041397486,3.244815216502911,3.697357874301922,3.3039732267504225,3.625381880793048
women,10,total_expectancy,96,Total,s2,3.021626147574941,3.018525104001376,2.8183098581809003,3.2456810663148183,2.8731152262837183,3.177186980076436
women,10,total_expectancy,98,Total,s2,2.658067804071987,2.65440707356911,2.466324589241417,2.87433669868998,2.5176020577345866,2.806816904448069
women,10,total_expectancy,100,Total,s2,2.362152202755185,2.357377275281932,2.1796817645474516,2.574600556835793,2.2278017331881625,2.506575160680847
women,10,total_expectancy,102,Total,s2,2.1260711537895767,2.119725274818294,1.9491317166420898,2.3363100963994494,1.9954734325064083,2.2685756660702143
women,10,total_expectancy,104,Total,s2,1.9468575245158881,1.9392348408087399,1.7717667110021504,2.16387059458296,1.8164019698218217,2.0915505705633173
women,10,total_expectancy,106,Total,s2,1.8396410009350972,1.8299491507792673,1.6573941447085558,2.072670551191091,1.7024967867892276,1.9946329177366484
women,10,total_expectancy,108,Total,s2,1.8942018806608678,1.882957251480766,1.6924990190740756,2.1555543797966767,1.7423488820120476,2.066675071185663
women,10,total_expectancy,110,Total,s2,2.5547494484355124,2.5437558475188737,2.4027195275438626,2.7670452272777974,2.4380238911240504,2.691587803418238
women,10,total_expectancy,50,Total,s3,30.703364452404116,30.74652914937032,29.77424757262142,31.37942269941802,30.099534397558365,31.22363060864766
women,10,total_expectancy,52,Total,s3,29.436379571768853,29.444662525239398,28.9836740914724,29.842925129928297,29.119300746334922,29.736838720073365
women,10,total_expectancy,54,Total,s3,28.035712362451576,28.03695161724236,27.699532674882338,28.356403210453227,27.800333329747275,28.266593862633894
women,10,total_expectancy,56,Total,s3,26.51824524560087,26.51850826949851,26.22542116167561,26.811637535657034,26.309708226468228,26.727047768158517
women,10,total_expectancy,58,Total,s3,24.951859163971744,24.95201215522011,24.66796558122854,25.24197031752453,24.74712121023802,25.15705002977079
women,10,total_expectancy,60,Total,s3,23.370660846853582,23.37001746168115,23.085663644850325,23.664091693727713,23.1640065988113,23.578607846100397
women,10,total_expectancy,62,Total,s3,21.792156863784008,21.791050935159532,21.502618381174422,22.09127287939784,21.582291984460824,22.006293603333262
women,10,total_expectancy,64,Total,s3,20.227235280564486,20.226298607702542,19.92999018492703,20.53434221630077,20.01217590227902,20.44509577161743
women,10,total_expectancy,66,Total,s3,18.684236336303574,18.683603362761247,18.38107019633172,18.997965116073495,18.466463137984878,18.905955667571675
women,10,total_expectancy,68,Total,s3,17.170625368956742,17.1694868067956,16.863932232843702,17.488730506902204,16.949750987370898,17.39692954445545
women,10,total_expectancy,70,Total,s3,15.693722404083433,15.692517459023342,15.384202793088804,16.014989965828015,15.470570330684442,15.921237842318318
women,10,total_expectancy,72,Total,s3,14.26102248118531,14.259788839404003,13.951567994364352,14.583873117634957,14.036084181350292,14.489825165718356
women,10,total_expectancy,74,Total,s3,12.880302997897068,12.879060829551417,12.570824704319778,13.205250426183493,12.655527326797191,13.108871587422328
women,10,total_expectancy,76,Total,s3,11.559589001700807,11.55810143465107,11.253029423875999,11.880658791258494,11.336515570158243,11.785781823135798
women,10,total_expectancy,78,Total,s3,10.306999464942368,10.304924455429209,10.006047112551665,10.623835458950056,10.08688077199493,10.5301236789589
women,10,total_expectancy,80,Total,s3,9.13048152041621,9.1281308358031,8.836088822371782,9.442635610911214,8.914317027183786,9.34889788220685
women,10,total_expectancy,82,Total,s3,8.037440020616238,8.03510887939432,7.751810259827131,8.343816337585096,7.826953459657052,8.251018883376066
women,10,total_expectancy,84,Total,s3,7.034281141627098,7.031584065006528,6.757882075913832,7.331649006616403,6.83142579353231,7.242114312538513
women,10,total_expectancy,86,Total,s3,6.125908061720802,6.1232339982764055,5.859501607133043,6.410641865840385,5.930550642873805,6.325681070288461
women,10,total_expectancy,88,Total,s3,5.3152301309763255,5.312144974261463,5.0602990749572925,5.586365079560121,5.129687525172834,5.5062065949002905
women,10,total_expectancy,90,Total,s3,4.602768063904833,4.599921896513484,4.359557068407342,4.8618112909008895,4.426481787782531,4.7845808301237405
women,10,total_expectancy,92,Total,s3,3.9864472828303463,3.983397386195996,3.7564572637490494,4.2348843982035556,3.819049386536656,4.159321122394496
women,10,total_expectancy,94,Total,s3,3.4616588575787692,3.459130872699353,3.2448157946121663,3.697359789741152,3.303974451856239,3.62538306245792
women,10,total_expectancy,96,Total,s3,3.0216266684263022,3.0185254206152,2.818310442771804,3.245681872024188,2.873116028011909,3.177187424277755
women,10,total_expectancy,98,Total,s3,2.658068031038524,2.654407249256273,2.466324824017771,2.874336867792139,2.5176023003405796,2.8068171911886006
women,10,total_expectancy,100,Total,s3,2.3621522999904183,2.3573773628143533,2.179681855461258,2.5746006798406844,2.227801798690882,2.5065753085214384
women,10,total_expectancy,102,Total,s3,2.1260711950502653,2.11972529566931,1.949131783743003,2.3363101652424776,1.9954734615261804,2.268575730622614
women,10,total_expectancy,104,Total,s3,1.9468575421692038,1.9392348507238402,1.7717667197844529,2.1638706204949054,1.816401980960265,2.0915505973634456
women,10,total_expectancy,106,Total,s3,1.8396410088844284,1.8299491591381876,1.6573941444333913,2.072670567917445,1.7024967952912284,1.9946329257893438
women,10,total_expectancy,108,Total,s3,1.8942018846577466,1.8829572536698203,1.69249902104915,2.155554381520578,1.7423488861492478,2.066675075145356
women,10,total_expectancy,110,Total,s3,2.5547494497290417,2.5437558476684137,2.402719528010509,2.7670452283669995,2.438023892788779,2.691587805070787
women,10,total_expectancy,50,Total,s4,27.54271440334174,27.604179380403366,25.612845157629586,29.130539577142187,26.213829109141262,28.749139072996073
women,10,total_expectancy,52,Total,s4,28.2462124760802,28.266863814207582,27.39227373949214,28.973932233613965,27.669801255161502,28.784355068180183
women,10,total_expectancy,54,Total,s4,27.476384414723846,27.484186801375657,26.993226349711826,27.913080426546077,27.138164935883196,27.801110682432046
women,10,total_expectancy,56,Total,s4,26.231606041533006,26.233391998674414,25.890835548812568,26.567445810596723,25.985589103156528,26.47319833870308
women,10,total_expectancy,58,Total,s4,24.799785609346692,24.79988377187084,24.504254712693868,25.101749250686407,24.58438038635079,25.01510554371436
women,10,total_expectancy,60,Total,s4,23.288444310909536,23.28740887032288,22.999641979723954,23.585307493259396,23.07817956856467,23.49992348515102
women,10,total_expectancy,62,Total,s4,21.747095031467346,21.74566483903574,21.456574984734797,22.048683322300576,21.5356004450414,21.96191232372815
women,10,total_expectancy,64,Total,s4,20.202263334840318,20.201163088708903,19.90487242771145,20.510704945231474,19.987550545570734,20.420927726214813
women,10,total_expectancy,66,Total,s4,18.670278764585625,18.669420774356915,18.367283701393774,18.984823842882292,18.452058074049674,18.892436732130697
women,10,total_expectancy,68,Total,s4,17.16278013679664,17.161894938131265,16.855478704531087,17.481230534674395,16.941629881150934,17.38916095299951
women,10,total_expectancy,70,Total,s4,15.689303195214178,15.687971165844463,15.380170961390803,16.011086517919473,15.466013130930387,15.916980999581016
women,10,total_expectancy,72,Total,s4,14.258537252263505,14.257218646928294,13.949181393925176,14.581439213188057,14.034001988778874,14.487644437430864
women,10,total_expectancy,74,Total,s4,12.878913277565141,12.877711840865416,12.56965117442302,13.203814639490009,12.654114462159495,13.107222431319126
women,10,total_expectancy,76,Total,s4,11.55881937469463,11.557318062979258,11.252270753773187,11.880044806170366,11.335714468079871,11.784913517015983
women,10,total_expectancy,78,Total,s4,10.306578980772159,10.304440582241146,10.005648197836129,10.623486432399408,10.08631214783184,10.529624608920424
women,10,total_expectancy,80,Total,s4,9.130255680636367,9.127948095533228,8.835865958579102,9.442343761839554,8.914099208457424,9.348690447288687
women,10,total_expectancy,82,Total,s4,8.037321142644451,8.035003242411033,7.751740245532765,8.343748459131296,7.82682376341668,8.250887489823933
women,10,total_expectancy,84,Total,s4,7.034219965331384,7.031513256038792,6.757824128645903,7.331596922903158,6.831361757495647,7.242085426317584
women,10,total_expectancy,86,Total,s4,6.125877337018228,6.123203199494701,5.859484259349486,6.410623597624617,5.930528009449203,6.325651606310458
women,10,total_expectancy,88,Total,s4,5.315215085740702,5.312128777615895,5.0602844460890175,5.586356872061854,5.129676933429587,5.5061953237792896
women,10,total_expectancy,90,Total,s4,4.602760881943022,4.599914412397569,4.359546838528081,4.861802758069923,4.426475914144504,4.784568343949004
women,10,total_expectancy,92,Total,s4,3.986443938984744,3.98339421784304,3.7564551124113517,4.234882905296228,3.819046924435212,4.159316815041292
women,10,total_expectancy,94,Total,s4,3.4616573375210673,3.4591297566080383,3.2448152702205557,3.6973577486635167,3.3039726655926787,3.625381502251015
women,10,total_expectancy,96,Total,s4,3.021625992803556,3.018524872659561,2.818309770798412,3.2456810007351975,2.8731151990394013,3.177186688025552
women,10,total_expectancy,98,Total,s4,2.6580677368403043,2.6544070464197533,2.4663245184099174,2.8743366288054046,2.5176020578918505,2.8068168801335887
women,10,total_expectancy,100,Total,s4,2.362152174049248,2.3573772504041677,2.1796817747760877,2.574600462961239,2.2278017025168833,2.5065751855913634
women,10,total_expectancy,102,Total,s4,2.1260711416549594,2.119725263092566,1.9491317094906089,2.3363100484312525,1.9954734190284364,2.2685756606053857
women,10,total_expectancy,104,Total,s4,1.9468575193483644,1.939234837960058,1.7717667061378384,2.163870592363153,1.8164019659455413,2.0915505603641957
women,10,total_expectancy,106,Total,s4,1.8396409986225586,1.829949148103054,1.6573941447561549,2.0726705416636597,1.7024967851183157,1.9946329192911312
women,10,total_expectancy,108,Total,s4,1.8942018795077458,1.8829572509212888,1.6924990188071247,2.1555543788917952,1.7423488819447281,2.066675068742195
women,10,total_expectancy,110,Total,s4,2.5547494480658424,2.5437558475124162,2.402719527183424,2.767045227008256,2.438023890660987,2.691587803419064
women,10,pct_remaining,50,1 Functional,population,78.62867270851964,78.63168749062956,78.13380305842063,79.11514851680816,78.27771041816196,78.9790785753982
women,10,pct_remaining,52,1 Functional,population,78.12934631142338,78.13282365397902,77.61376035209183,78.63496533776805,77.76097066340216,78.49191598931985
women,10,pct_remaining,54,1 Functional,population,77.5747219506498,77.57695333403112,77.04322787158492,78.09284141009927,77.19628181798458,77.94836586126686
women,10,pct_remaining,56,1 Functional,population,76.9369978089762,76.9397170683186,76.38928009442448,77.47450545514418,76.5434461100999,77.32155179132987
women,10,pct_remaining,58,1 Functional,population,76.19775815359964,76.20039712287016,75.62091270285589,76.76718190922648,75.78401561122178,76.60032939237803
women,10,pct_remaining,60,1 Functional,population,75.34243159026762,75.34403149288273,74.72052036538345,75.95345164750807,74.90023450539027,75.77362739505948
women,10,pct_remaining,62,1 Functional,population,74.35726284691718,74.35891704734806,73.6798024252875,75.0200614512747,73.87689907904165,74.82425567713115
women,10,pct_remaining,64,1 Functional,population,73.2275602485381,73.2308469800861,72.4815378783987,73.95378882148982,72.70511015018089,73.73941043848059
women,10,pct_remaining,66,1 Functional,population,71.93662819928298,71.93843026705657,71.11917877516208,72.73494011831207,71.36454946276321,72.49639297816172
women,10,pct_remaining,68,1 Functional,population,70.4650771934618,70.46861592974567,69.5707910377216,71.34502628862919,69.8343730535396,71.08190987546095
women,10,pct_remaining,70,1 Functional,population,68.79036711895816,68.79227213367633,67.80643237552457,69.75937770477557,68.09165438149806,69.47305304319099
women,10,pct_remaining,72,1 Functional,population,66.88654952049535,66.88758619471436,65.79849748064908,67.95150556714756,66.11290737372842,67.64666940007908
women,10,pct_remaining,74,1 Functional,population,64.72426501529009,64.72180760728327,63.51380591842024,65.90118366188979,63.85929025063825,65.56889329257795
women,10,pct_remaining,76,1 Functional,population,62.27114598663779,62.27063582090455,60.91921016650687,63.579175825004405,61.314720475428395,63.21229656540168
women,10,pct_remaining,78,1 Functional,population,59.49288799029646,59.48988861490287,57.97267575493677,60.95055877709313,58.42452820742667,60.55431116219485
women,10,pct_remaining,80,1 Functional,population,56.35539258231304,56.3537752198045,54.64809138506253,57.98841370603114,55.15876727494379,57.54727723543239
women,10,pct_remaining,82,1 Functional,population,52.82853520016314,52.825671580204364,50.92864297918369,54.65759999130609,51.49576910079079,54.161002426746066
women,10,pct_remaining,84,1 Functional,population,48.8922135677445,48.8907465782699,46.78425095516545,50.94061794019401,47.40340876088275,50.3782916254939
women,10,pct_remaining,86,1 Functional,population,44.5452362667852,44.5409800372041,42.218505218238484,46.83684871087334,42.90201395185643,46.19078866197271
women,10,pct_remaining,88,1 Functional,population,39.8170423356964,39.80936632583718,37.268498697193856,42.34234547964447,38.012257409301085,41.63282932299844
women,10,pct_remaining,90,1 Functional,population,34.78083695931455,34.766278597430144,32.0474790371306,37.51899664201783,32.8326828708235,36.75880843843454
women,10,pct_remaining,92,1 Functional,population,29.564304121063127,29.537928400277437,26.700580636278985,32.490660913006266,27.501733763222138,31.65989375371752
women,10,pct_remaining,94,1 Functional,population,24.351256185603106,24.319197448019814,21.416660341431008,27.370415745721616,22.237982954426027,26.52045609716907
women,10,pct_remaining,96,1 Functional,population,19.366573119972855,19.330281866689035,16.487437121176267,22.386524463468398,17.298361234141503,21.522396401014763
women,10,pct_remaining,98,1 Functional,population,14.840803308338511,14.795202888909653,12.130243363789392,17.743578376185972,12.891402701521157,16.89235920844066
women,10,pct_remaining,100,1 Functional,population,10.96110903264506,10.899468596729765,8.514205414107563,13.637090422020158,9.194219206133111,12.83969610498451
women,10,pct_remaining,102,1 Functional,population,7.827047406640429,7.768068846637803,5.708992017050589,10.176549523131929,6.2853010881012095,9.494603493218222
women,10,pct_remaining,104,1 Functional,population,5.432994972401208,5.370773569715682,3.643279687384608,7.4709506087294555,4.108740249640373,6.874040480037738
women,10,pct_remaining,106,1 Functional,population,3.6895269980654097,3.627714478489664,2.221517444484725,5.444647375540789,2.5858495110379938,4.908559933120305
women,10,pct_remaining,108,1 Functional,population,2.4925454066968378,2.426829599521271,1.3088183840886947,4.013445774381053,1.5884396797546432,3.5235722693384854
women,10,pct_remaining,110,1 Functional,population,1.8631697836696939,1.7901237372132595,0.8624243539745455,3.232606535545367,1.0912281850861552,2.7631440644268803
women,10,pct_remaining,50,2 Physical only,population,15.625823752300215,15.625363323223663,15.239518860764031,16.020370314677585,15.346790135853302,15.90645115678456
women,10,pct_remaining,52,2 Physical only,population,15.810463543393865,15.8088509918108,15.412887735226663,16.214098684326768,15.5237567054928,16.1012493971202
women,10,pct_remaining,54,2 Physical only,population,16.0167779749557,16.016072605843362,15.615504840099428,16.424381087898873,15.72412455231017,16.311208774144262
women,10,pct_remaining,56,2 Physical only,population,16.267288988175956,16.26512741173017,15.85451080810251,16.68788740906467,15.967436333788266,16.569097686499962
women,10,pct_remaining,58,2 Physical only,population,16.573871460670752,16.572434704259393,16.13949037981331,17.022595434113665,16.258853650387085,16.89262310953753
women,10,pct_remaining,60,2 Physical only,population,16.94356247997706,16.941346140408022,16.472359891310006,17.429786912280992,16.60531631686866,17.28948297743473
women,10,pct_remaining,62,2 Physical only,population,17.38131066723755,17.3785283864332,16.86789090803025,17.91255151339747,17.011393500473623,17.75865702175967
women,10,pct_remaining,64,2 Physical only,population,17.89137953973416,17.887698054903993,17.32775149329758,18.472610400031524,17.48300708409583,18.305981791208907
women,10,pct_remaining,66,2 Physical only,population,18.47802287613222,18.475622494735315,17.851674388338104,19.11965821462588,18.026851200545405,18.939936023723437
women,10,pct_remaining,68,2 Physical only,population,19.145727082722793,19.14229361718087,18.453053055443366,19.858417014461168,18.64212327024684,19.658444900338157
women,10,pct_remaining,70,2 Physical only,population,19.899154885126524,19.896631672899577,19.122313469144782,20.689472835682082,19.341191939252603,20.46888047509287
women,10,pct_remaining,72,2 Physical only,population,20.74282620562982,20.73887112397056,19.877690801220247,21.623410698903438,20.12142088962688,21.38050707934971
women,10,pct_remaining,74,2 Physical only,population,21.68050258861336,21.67544983892704,20.709255886655583,22.668641724837396,20.98590819072862,22.39056015398246
women,10,pct_remaining,76,2 Physical only,population,22.714185114093475,22.706360199103294,21.629191600614657,23.832216188620826,21.93480111926366,23.510321687240165
women,10,pct_remaining,78,2 Physical only,population,23.842586715191928,23.833503521185296,22.619501954357062,25.105968852061775,22.96200212135923,24.74159216358494
women,10,pct_remaining,80,2 Physical only,population,25.05890397897883,25.046178907889114,23.681493708227645,26.48363291972645,24.05852938730749,26.075567840542032
women,10,pct_remaining,82,2 Physical only,population,26.347714511779778,26.33241140064355,24.78701905596287,27.967426182185392,25.206314412424064,27.500314808698217
women,10,pct_remaining,84,2 Physical only,population,27.680916283104764,27.667141033935813,25.91265008483012,29.53362877308161,26.382584913389103,28.995020806902755
women,10,pct_remaining,86,2 Physical only,population,29.012896798530207,28.997245138805127,26.976603492230637,31.136579469629243,27.5247870602411,30.52261196918272
women,10,pct_remaining,88,2 Physical only,population,30.27569392620744,30.25870962876145,27.915038840129125,32.73493248098967,28.567180843864264,32.02431338118767
women,10,pct_remaining,90,2 Physical only,population,31.37586294802863,31.351399424983367,28.633842589558697,34.23315608956656,29.407080515188174,33.40208044805226
women,10,pct_remaining,92,2 Physical only,population,32.195928423384274,32.17125574528137,28.997170681909026,35.526883314655805,29.890805251437033,34.56382103696847
women,10,pct_remaining,94,2 Physical only,population,32.60396768627439,32.5778546225805,28.861617730775077,36.52498084840994,29.875020504594442,35.40072878726881
women,10,pct_remaining,96,2 Physical only,population,32.473721155364395,32.43271442305529,28.066505903941636,37.066591541446655,29.233104959768728,35.762494273899215
women,10,pct_remaining,98,2 Physical only,population,31.713481943662693,31.658890986739756,26.53470834370304,37.19999700010885,27.888302689916543,35.59493355054615
women,10,pct_remaining,100,2 Physical only,population,30.295636447316305,30.227926615408933,24.262813887188944,36.70038414709893,25.87540409159742,34.87245037009801
women,10,pct_remaining,102,2 Physical only,population,28.273989834208805,28.188170161840166,21.3523967421491,35.684386210246174,23.169253978339945,33.57294231432531
women,10,pct_remaining,104,2 Physical only,population,25.778611324420925,25.647455649807362,18.011636768565374,34.29596912880386,20.029924451778715,31.813934620554633
women,10,pct_remaining,106,2 Physical only,population,22.996834258694676,22.782949523278297,14.610842064172251,32.59481577357634,16.72299913541689,29.65981787074255
women,10,pct_remaining,108,2 Physical only,population,20.228054118313985,19.918669390346285,11.549945724545246,30.65297439987055,13.60354203715689,27.460910001627184
women,10,pct_remaining,110,2 Physical only,population,18.27280379035248,17.894095347209863,9.551022995864193,29.24039635227292,11.512474397566347,25.768834864000517
women,10,pct_remaining,50,3 Cognitive only,population,2.242167545727721,2.241046774142405,2.0845861998353032,2.4087321560640995,2.1273402772053975,2.3613614705112025
women,10,pct_remaining,52,3 Cognitive only,population,2.3597106211973227,2.3585211141610327,2.191302836087968,2.538484232780768,2.236898490416074,2.4870958476810543
women,10,pct_remaining,54,3 Cognitive only,population,2.487840937706145,2.4863703051849058,2.30662584392605,2.680434174708626,2.35582527839989,2.6248140692059785
women,10,pct_remaining,56,3 Cognitive only,population,2.628994763858751,2.6275960483001115,2.433562792685251,2.8377056538800174,2.4868974709151077,2.776822598058753
women,10,pct_remaining,58,3 Cognitive only,population,2.785130819753852,2.783175438696309,2.572550592088792,3.0125037890590103,2.63102435542852,2.945450968906261
women,10,pct_remaining,60,3 Cognitive only,population,2.9583979565241814,2.9556203121980165,2.726300517265687,3.2071479507454286,2.789478548557855,3.1327116910026493
women,10,pct_remaining,62,3 Cognitive only,population,3.1512526657218825,3.148041317006066,2.894961433692654,3.4232874424294484,2.966390438878047,3.3427280384674085
women,10,pct_remaining,64,3 Cognitive only,population,3.366517664113004,3.362892810458277,3.0848052556318213,3.6662908435561596,3.1633249673501633,3.577288487793746
women,10,pct_remaining,66,3 Cognitive only,population,3.607430592534788,3.6033308626060867,3.296046720606341,3.939831049452679,3.3822567180628584,3.841059786406602
women,10,pct_remaining,68,3 Cognitive only,population,3.8776827219778975,3.873230978643089,3.53074944839538,4.246672122246048,3.625709085355561,4.137428385184039
women,10,pct_remaining,70,3 Cognitive only,population,4.181436012315369,4.176584569978241,3.7936183571221536,4.592539529677253,3.900217450860128,4.472649989705799
women,10,pct_remaining,72,3 Cognitive only,population,4.523296447821579,4.518417833476588,4.085186962860854,4.983935693403103,4.205835067735134,4.851362753179115
women,10,pct_remaining,74,3 Cognitive only,population,4.908206196402454,4.902168327232927,4.412770513168734,5.428834177716952,4.549103956452091,5.279365599804283
women,10,pct_remaining,76,3 Cognitive only,population,5.341193939829563,5.333323129009024,4.778690002707954,5.932993268685197,4.933479886241004,5.7640158671919925
women,10,pct_remaining,78,3 Cognitive only,population,5.826889692902359,5.818102863920552,5.183295658936166,6.502272189302488,5.360194326746684,6.309788315535377
women,10,pct_remaining,80,3 Cognitive only,population,6.368668283844915,6.359335998934819,5.62821498629472,7.147205905730833,5.831031111436923,6.9252208286966095
women,10,pct_remaining,82,3 Cognitive only,population,6.967243152245553,6.955945686063059,6.111958478455052,7.869599731467676,6.346307505141387,7.61264197552287
women,10,pct_remaining,84,3 Cognitive only,population,7.618516507161684,7.603599203934594,6.627707893014435,8.671129941346539,6.896442250800645,8.3683965619547
women,10,pct_remaining,86,3 Cognitive only,population,8.31056490062968,8.29125888496807,7.163672460751834,9.546335947496049,7.4676636873141184,9.184049715365834
women,10,pct_remaining,88,3 Cognitive only,population,9.019909826425375,8.997651223531427,7.692103762313038,10.464119969721597,8.039899859350669,10.03697333739584
women,10,pct_remaining,90,3 Cognitive only,population,9.707825003869356,9.679859032474802,8.180386077554473,11.402735363625393,8.568219069035688,10.88860026058187
women,10,pct_remaining,92,3 Cognitive only,population,10.31840316530059,10.28485866529078,8.558124604480788,12.306417776969077,9.005220802568818,11.697888111475566
women,10,pct_remaining,94,3 Cognitive only,population,10.78111537634765,10.732265677566424,8.762664512306957,13.078439556654844,9.273035811308691,12.37901908954576
women,10,pct_remaining,96,3 Cognitive only,population,11.02066590164819,10.963559274803911,8.716331880917746,13.662643274214487,9.311300268797961,12.864327079573041
women,10,pct_remaining,98,3 Cognitive only,population,10.974691140220523,10.899043802890008,8.385219193282127,13.98168481505515,9.049744770405878,13.062974970883655
women,10,pct_remaining,100,3 Cognitive only,population,10.61485448872828,10.515447197266713,7.755699313339148,14.009909435538624,8.473327413812273,12.979719564177833
women,10,pct_remaining,102,3 Cognitive only,population,9.961588296726338,9.835892114079599,6.860561895262419,13.792300457808771,7.624742375823889,12.590699563222655
women,10,pct_remaining,104,3 Cognitive only,population,9.082482502794416,8.91282925995425,5.777445988795229,13.379374475906127,6.569075526940183,11.96858475565719
women,10,pct_remaining,106,3 Cognitive only,population,8.075296253078372,7.85899482092344,4.601978912297426,12.806182365974891,5.434098396575049,11.208113049496921
women,10,pct_remaining,108,3 Cognitive only,population,7.072134510953249,6.793361838318977,3.549526432842476,12.188146063158321,4.34240944264467,10.386478902638517
women,10,pct_remaining,110,3 Cognitive only,population,6.365759535445938,6.037912364173085,2.855565076464397,11.743977592190713,3.6075921744286963,9.800577951068265
women,10,pct_remaining,50,4 Both,population,3.5033359934524224,3.499297967233659,3.23918646035966,3.7915408798312735,3.310917731476863,3.7032295020289374
women,10,pct_remaining,52,4 Both,population,3.700479523985435,3.6963463761818836,3.417657114465383,4.008781788945315,3.495474677356083,3.914100243228305
women,10,pct_remaining,54,4 Both,population,3.9206591366883576,3.915974756409709,3.6172636210413205,4.250157793589587,3.7004274734859393,4.150189115382742
women,10,pct_remaining,56,4 Both,population,4.166718438989087,4.161682755286005,3.8393234653442514,4.52134512650129,3.92886800493708,4.4135716011505135
women,10,pct_remaining,58,4 Both,population,4.44323956597576,4.437442021238888,4.088351949380147,4.8267502604910995,4.185245998477546,4.710645233024773
women,10,pct_remaining,60,4 Both,population,4.75560797323114,4.749521165699164,4.368945721385644,5.1721154928224244,4.4749074718254525,5.047000954485511
women,10,pct_remaining,62,4 Both,population,5.110173820123395,5.10348268830581,4.685899632756927,5.565588244853836,4.8036429574560335,5.4285492401395965
women,10,pct_remaining,64,4 Both,population,5.514542547614735,5.507673229877184,5.0482920373987445,6.016143695298075,5.177123726650967,5.864732336740181
women,10,pct_remaining,66,4 Both,population,5.9779183320500096,5.970172747939579,5.466052704149305,6.5327280068449065,5.604367489345404,6.365405397087391
women,10,pct_remaining,68,4 Both,population,6.511513001837511,6.502451547838719,5.940195301832135,7.127858688600967,6.096558659674475,6.940552638046378
women,10,pct_remaining,70,4 Both,population,7.129041983599944,7.119678232117602,6.489674448581241,7.821383352648584,6.664622307187778,7.61037808522538
women,10,pct_remaining,72,4 Both,population,7.847327826053245,7.837154976543792,7.123543395161626,8.62943336190437,7.322760888255553,8.390406624971943
women,10,pct_remaining,74,4 Both,population,8.687026199694094,8.673413519912293,7.8637235190371895,9.57707460967694,8.091874749506433,9.306214660791227
women,10,pct_remaining,76,4 Both,population,9.67347495943917,9.658996362015358,8.732409342571216,10.693338166319094,8.991185235569214,10.384270743617678
women,10,pct_remaining,78,4 Both,population,10.837635601609257,10.820855065802588,9.747293123600892,12.01476344982269,10.046024333405464,11.655249753646308
women,10,pct_remaining,80,4 Both,population,12.21703515486322,12.196440119874035,10.94884033637742,13.59615787873459,11.29218822632187,13.173896949734226
women,10,pct_remaining,82,4 Both,population,13.85650713581153,13.833034085391112,12.36313752640112,15.479990733164412,12.767521878109582,14.983630971059418
women,10,pct_remaining,84,4 Both,population,15.808353641989052,15.777708612015953,14.037582202338859,17.728343645286213,14.517233066953787,17.153536342801598
women,10,pct_remaining,86,4 Both,population,18.13130203405491,18.095460930763892,16.01451856753039,20.43536867858133,16.57516037999399,19.7398619149681
women,10,pct_remaining,88,4 Both,population,20.88735391167079,20.843249655063847,18.329271459950377,23.665047516468356,18.99709351626572,22.82480687733526
women,10,pct_remaining,90,4 Both,population,24.135475088787466,24.076754556868195,21.056456626142936,27.497219571270254,21.853326899809282,26.49304816754595
women,10,pct_remaining,92,4 Both,population,27.921364290252008,27.845252924056492,24.193823174706075,31.992265082900722,25.1518899519362,30.78112536916169
women,10,pct_remaining,94,4 Both,population,32.26366075177486,32.182227540493294,27.72977956391617,37.18466159718999,28.938001035146076,35.72846302856548
women,10,pct_remaining,96,4 Both,population,37.13903982301456,37.053986582118036,31.675411745294905,43.05871870182544,33.14919386702242,41.334040664867324
women,10,pct_remaining,98,4 Both,population,42.47102360777827,42.37674163899319,35.90471410255406,49.50076070115133,37.731943145107074,47.45038306278412
women,10,pct_remaining,100,4 Both,population,48.128400031310356,48.02325749069031,40.37366059514081,56.39909360263315,42.47954214170159,54.00548405050059
women,10,pct_remaining,102,4 Both,population,53.93737446242443,53.85058901390235,44.827837577255735,63.39758406480575,47.35200235411682,60.693733543413245
women,10,pct_remaining,104,4 Both,population,59.70591120038345,59.65381102403129,49.32209447012151,70.24609573022617,52.18817496318148,67.3590387440026
women,10,pct_remaining,106,4 Both,population,65.23834249016154,65.2545036574072,53.59450113219576,76.56849487480288,56.89575120089984,73.60545429755977
women,10,pct_remaining,108,4 Both,population,70.20726596403593,70.35122132060405,57.45124175943581,82.05435304042189,61.15657699286515,79.07982808631702
women,10,pct_remaining,110,4 Both,population,73.4982668905319,73.78702181499972,59.99053255570761,85.39230051971299,64.0520827403819,82.5592008487327
women,10,pct_remaining,50,1 Functional,s1,79.93380554895704,79.93625553697694,79.44901797247695,80.40949393560511,79.58734566123391,80.27171426862965
women,10,pct_remaining,52,1 Functional,s1,78.82943065672603,78.83164413651136,78.32140553038226,79.326910940884,78.46644871801051,79.18420187212264
women,10,pct_remaining,54,1 Functional,s1,77.95286463295614,77.95495439559001,77.42496113181168,78.46949529845222,77.57677671148556,78.31975776978669
women,10,pct_remaining,56,1 Functional,s1,77.14234045869696,77.1444480619947,76.59548496458584,77.6815757381211,76.75076550883908,77.52328182342902
women,10,pct_remaining,58,1 Functional,s1,76.31001080396067,76.31221694200512,75.73100052851433,76.87829298362111,75.89547159569898,76.71265992633347
women,10,pct_remaining,60,1 Functional,s1,75.40432399066576,75.4057990374215,74.78124758253645,76.01610374801176,74.96136281557084,75.83467942157642
women,10,pct_remaining,62,1 Functional,s1,74.3917454313409,74.39369723497411,73.71305871952231,75.05440400404939,73.91112299536918,74.85982659689988
women,10,pct_remaining,64,1 Functional,s1,73.24700121490783,73.24977516571664,72.50089614495604,73.97312869709445,72.72474962468922,73.75885103397857
women,10,pct_remaining,66,1 Functional,s1,71.94772940307837,71.94970087170152,71.1295832163298,72.74613623152923,71.37519434510911,72.50793943819693
women,10,pct_remaining,68,1 Functional,s1,70.47149839921804,70.47516680940258,69.57715991524891,71.35148304789477,69.84062593953139,71.08834483530374
women,10,pct_remaining,70,1 Functional,s1,68.79412692166635,68.79596746784097,67.80997303906273,69.76394282016327,68.09514704699576,69.47725897980007
women,10,pct_remaining,72,1 Functional,s1,66.88877472017552,66.88990778983133,65.80067831397831,67.9539014752506,66.11503599043444,67.64913931112737
women,10,pct_remaining,74,1 Functional,s1,64.72559319069843,64.72316148867023,63.51509130162031,65.90272890241579,63.86075922036031,65.57040250323858
women,10,pct_remaining,76,1 Functional,s1,62.27194319805624,62.27144176643214,60.920011023780184,63.57981458621203,61.31558216135638,63.21324532398653
women,10,pct_remaining,78,1 Functional,s1,59.49336755971165,59.49033101881301,57.97318657678813,60.95092327124436,58.42502113830345,60.55476641079774
women,10,pct_remaining,80,1 Functional,s1,56.355680620525256,56.35407684922346,54.6484269544534,57.98865206527521,55.15905013276601,57.54758443534885
women,10,pct_remaining,82,1 Functional,s1,52.828707229625806,52.82584394470794,50.928803872641225,54.65775954869947,51.495944275667874,54.16113819633336
women,10,pct_remaining,84,1 Functional,s1,48.89231529504057,48.89085273892883,46.78433663153661,50.940742972058025,47.403518922977064,50.378384741529025
women,10,pct_remaining,86,1 Functional,s1,44.54529555649412,44.54105097800101,42.218568385107176,46.83690805394065,42.902064233546604,46.19084720309716
women,10,pct_remaining,88,1 Functional,s1,39.81707623106991,39.809398696438564,37.26853380372423,42.34238610001416,38.01229457331183,41.63286273962788
women,10,pct_remaining,90,1 Functional,s1,34.780855870107246,34.766297692897766,32.04749974057037,37.51901050591025,32.83270565792433,36.75882566547673
women,10,pct_remaining,92,1 Functional,s1,29.56431436269757,29.53793825164462,26.700588630192268,32.49067044240562,27.50174581869818,31.65990337659131
women,10,pct_remaining,94,1 Functional,s1,24.351261540858744,24.31920382999765,21.416664333048224,27.37042185550668,22.237989329682676,26.520461543765673
women,10,pct_remaining,96,1 Functional,s1,19.36657581025465,19.33028383069186,16.487438700202013,22.3865268241281,17.29836397039351,21.522398534381164
women,10,pct_remaining,98,1 Functional,s1,14.840804602144074,14.795203939795975,12.13024466794433,17.74357993863847,12.891404318141145,16.892361070477683
women,10,pct_remaining,100,1 Functional,s1,10.961109627742411,10.899469329043118,8.514206398290646,13.637090941730836,9.194219701161616,12.839696537145327
women,10,pct_remaining,102,1 Functional,s1,7.827047669138997,7.768069027069389,5.708992370178645,10.17654988169692,6.285301284230355,9.494603670184201
women,10,pct_remaining,104,1 Functional,s1,5.432995084028652,5.370773695091952,3.643279782282594,7.470950635855999,4.108740301390963,6.874040530528288
women,10,pct_remaining,106,1 Functional,s1,3.6895270439665877,3.627714522687402,2.2215175247110515,5.44464740660492,2.5858496342809194,4.908559947919741
women,10,pct_remaining,108,1 Functional,s1,2.4925454251622288,2.4268296203706754,1.308818408468551,4.013445783511584,1.5884397188410602,3.5235722787325923
women,10,pct_remaining,110,1 Functional,s1,1.8631697927595963,1.7901237465130475,0.8624243659964781,3.232606547982865,1.091228197091019,2.7631440664526967
women,10,pct_remaining,50,2 Physical only,s1,14.42105928477305,14.419929404449926,14.052498974646314,14.79814053605937,14.15325679233024,14.69259469735516
women,10,pct_remaining,52,2 Physical only,s1,15.167926674562048,15.166600458849468,14.784449648389792,15.561092335951601,14.889932585721173,15.451553319282146
women,10,pct_remaining,54,2 Physical only,s1,15.673428906385793,15.671923541661993,15.278348908769761,16.076395518805132,15.387206894553628,15.964413544317058
women,10,pct_remaining,56,2 Physical only,s1,16.08353726623031,16.08174868112767,15.674568786081736,16.503452031899197,15.78547989524927,16.384634245949623
women,10,pct_remaining,58,2 Physical only,s1,16.4752496278464,16.474118067554407,16.041902983013827,16.922920192100616,16.160818118935207,16.793736313216794
women,10,pct_remaining,60,2 Physical only,s1,16.890394226696817,16.8885234504087,16.418976744359583,17.377687443334526,16.55284698819881,17.23630716293836
women,10,pct_remaining,62,2 Physical only,s1,17.352476996544,17.34983495884977,16.837831092753074,17.885136915743473,16.982618893272516,17.730141321683938
women,10,pct_remaining,64,2 Physical only,s1,17.875632228198373,17.872023287499083,17.31199723630769,18.45748804601811,17.468004304216457,18.290891023521713
women,10,pct_remaining,66,2 Physical only,s1,18.469355969403534,18.467019911540454,17.84353497446154,19.11121438212402,18.0175637655272,18.931771931695764
women,10,pct_remaining,68,2 Physical only,s1,19.140919582893023,19.137512186315384,18.44802727264941,19.853490448144257,18.63708751504201,19.654026931406655
women,10,pct_remaining,70,2 Physical only,s1,19.896468701606427,19.893957500793867,19.119347769712196,20.68664498010478,19.338460139775876,20.466168278837774
women,10,pct_remaining,72,2 Physical only,s1,20.7413162315453,20.737284941098654,19.87596684501644,21.622040284979803,20.119969652460725,21.378999949213174
women,10,pct_remaining,74,2 Physical only,s1,21.679650367409522,21.67468635704657,20.708460819375894,22.66790426449014,20.984962521060922,22.389878392445638
women,10,pct_remaining,76,2 Physical only,s1,22.713703526074163,22.705887895294378,21.628692669966952,23.831714772911344,21.934305883626116,23.509854553728974
women,10,pct_remaining,78,2 Physical only,s1,23.842315218457117,23.83325879825481,22.619186753505204,25.10560739016047,22.961657497121816,24.741349240129313
women,10,pct_remaining,80,2 Physical only,s1,25.058751986417814,25.046021799712225,23.681281970983473,26.483503668292443,24.058372751372453,26.075412151474474
women,10,pct_remaining,82,2 Physical only,s1,26.347630505018767,26.332311739165103,24.78695110958149,27.96733090008512,25.20625190813932,27.500229365596592
women,10,pct_remaining,84,2 Physical only,s1,27.680870791282757,27.667095809806696,25.912590143323648,29.533583444402694,26.382538768737714,28.994970832855522
women,10,pct_remaining,86,2 Physical only,s1,29.01287291389229,28.997222287349818,26.97658057430542,31.136556340406955,27.524762390412818,30.522588625901903
women,10,pct_remaining,88,2 Physical only,s1,30.275681958860076,30.258697410492704,27.91502217407199,32.7349077651917,28.567171212217396,32.0243015594122
women,10,pct_remaining,90,2 Physical only,s1,31.375857379509164,31.35139302416433,28.633839328822216,34.23315062535007,29.407076719096594,33.40207776356624
women,10,pct_remaining,92,2 Physical only,s1,32.19592615218166,32.171253041612765,28.997169825815483,35.52687892118415,29.89080222056909,34.56381770495193
women,10,pct_remaining,94,2 Physical only,s1,32.60396700829903,32.577853539793836,28.861617517228083,36.52497925851548,29.87502091131229,35.40072840323495
women,10,pct_remaining,96,2 Physical only,s1,32.47372116752505,32.43271399482887,28.066505441774797,37.06659132011488,29.23310554879027,35.76249318988011
women,10,pct_remaining,98,2 Physical only,s1,31.713482193809035,31.658891033138545,26.534708885616478,37.19999695645378,27.888302321898955,35.59493342756507
women,10,pct_remaining,100,2 Physical only,s1,30.29563672922193,30.22792684285306,24.262814215390314,36.700384110853804,25.875404439321894,34.87245035851562
women,10,pct_remaining,102,2 Physical only,s1,28.273990068902545,28.18817045652534,21.352396987831792,35.684386329686234,23.169254463515827,33.572942185198684
women,10,pct_remaining,104,2 Physical only,s1,25.778611493431416,25.647455975458556,18.011636844109887,34.295969408744355,20.029924732290908,31.813934700387183
women,10,pct_remaining,106,2 Physical only,s1,22.996834368611996,22.782949560384225,14.610842212997234,32.59481578652713,16.72299933279012,29.65981782471394
women,10,pct_remaining,108,2 Physical only,s1,20.228054184511635,19.918669532991778,11.549945816350423,30.652974626836322,13.603542170750002,27.46091000023716
women,10,pct_remaining,110,2 Physical only,s1,18.272803833353898,17.894095462598372,9.551023149876798,29.240396327228233,11.512474445059269,25.768834868005506
women,10,pct_remaining,50,3 Cognitive only,s1,2.2173180716028886,2.216216005129951,2.059995106576196,2.384705399440427,2.102027425103858,2.33712857624176
women,10,pct_remaining,52,3 Cognitive only,s1,2.3513554003573316,2.3501323955068845,2.182689777588185,2.5300054943679,2.2282978385267644,2.4791880665741646
women,10,pct_remaining,54,3 Cognitive only,s1,2.4835404428803596,2.4819985691891033,2.302087473254453,2.6764355810330045,2.3515786828979754,2.6208403697378126
women,10,pct_remaining,56,3 Cognitive only,s1,2.62641194851546,2.6249938840806926,2.4309167998418793,2.8352364993396213,2.484548806794782,2.7742407419623243
women,10,pct_remaining,58,3 Cognitive only,s1,2.7835152122888247,2.781501679617665,2.570793453630919,3.0111368010048025,2.629388707758702,2.9438413496159144
women,10,pct_remaining,60,3 Cognitive only,s1,2.957381571129653,2.95455295525381,2.7251451093414403,3.2061670298890563,2.7884974510736558,3.131899740518471
women,10,pct_remaining,62,3 Cognitive only,s1,3.150617165946129,3.1473829557080433,2.8944684761067774,3.4226530444749743,2.9657552406357652,3.3419875465668762
women,10,pct_remaining,64,3 Cognitive only,s1,3.3661252325310436,3.3624416189659625,3.0843770212297477,3.6659786130655356,3.162903188894709,3.5769152296595816
women,10,pct_remaining,66,3 Cognitive only,s1,3.6071927410804157,3.6030692500417727,3.295788884913784,3.939647530152823,3.3819686905377173,3.8407560346875185
women,10,pct_remaining,68,3 Cognitive only,s1,3.8775424535973024,3.8730960470107334,3.530593653821122,4.246479629068261,3.6256033203119853,4.137299575643615
women,10,pct_remaining,70,3 Cognitive only,s1,4.181356662583665,4.176478901144523,3.793528372256263,4.592415700657543,3.9001169610490853,4.47260852823566
women,10,pct_remaining,72,3 Cognitive only,s1,4.523254513417833,4.518368297212447,4.0851686945666845,4.983904178579472,4.2057856007411205,4.851316283454477
women,10,pct_remaining,74,3 Cognitive only,s1,4.908186694509215,4.902151780908126,4.412766482046413,5.428803223065304,4.549085777800521,5.279338096324731
women,10,pct_remaining,76,3 Cognitive only,s1,5.341187401001297,5.333329214387679,4.778674982284118,5.932977279644595,4.933470110026868,5.764004019144243
women,10,pct_remaining,78,3 Cognitive only,s1,5.826890210845153,5.818107381452576,5.183288576185324,6.502283457199333,5.3601925597440685,6.30978086083263
women,10,pct_remaining,80,3 Cognitive only,s1,6.368672248731076,6.359339471194032,5.628218499879292,7.1472137060497385,5.831032552081969,6.92522745166166
women,10,pct_remaining,82,3 Cognitive only,s1,6.967248426216852,6.955948184769367,6.1119630537493155,7.8696043865182395,6.346314368390869,7.612647757106292
women,10,pct_remaining,84,3 Cognitive only,s1,7.61852188656077,7.60360627521248,6.627712848609421,8.67113297255329,6.896447875807079,8.368401987079292
women,10,pct_remaining,86,3 Cognitive only,s1,8.310569765030381,8.291264470966095,7.1636790589163475,9.5463404336953,7.467667205607468,9.184055430535935
women,10,pct_remaining,88,3 Cognitive only,s1,9.01991391016768,8.997656217121738,7.692107048062821,10.464124105325306,8.039904273799275,10.036977421950375
women,10,pct_remaining,90,3 Cognitive only,s1,9.707828248500105,9.679862449791042,8.180389096705273,11.402737777237078,8.568221740006054,10.888603618405885
women,10,pct_remaining,92,3 Cognitive only,s1,10.318405625675748,10.284861456608242,8.558127250790482,12.3064203706556,9.00522366364443,11.697891736802656
women,10,pct_remaining,94,3 Cognitive only,s1,10.781117162204938,10.732266733792132,8.76266565930039,13.07844115615771,9.273036972366471,12.379021041204297
women,10,pct_remaining,96,3 Cognitive only,s1,11.02066714224235,10.9635603525575,8.716332579369917,13.662644574102181,9.311301563530998,12.864328339272232
women,10,pct_remaining,98,3 Cognitive only,s1,10.97469196350582,10.899044862465859,8.385219654833671,13.981685460081792,9.049745559155152,13.062975636317463
women,10,pct_remaining,100,3 Cognitive only,s1,10.61485500945471,10.515447530656404,7.755699690564321,14.009909841330547,8.473327979671943,12.979719922046069
women,10,pct_remaining,102,3 Cognitive only,s1,9.961588610103354,9.83589237276513,6.860562341244664,13.79230068487682,7.624742621618611,12.590699820098706
women,10,pct_remaining,104,3 Cognitive only,s1,9.08248268208634,8.912829416319179,5.777446212879013,13.379374640704714,6.5690757741522,11.968585005730198
women,10,pct_remaining,106,3 Cognitive only,s1,8.075296350506662,7.858994881017896,4.601978983079937,12.806182511112347,5.4340985439723895,11.208113081313703
women,10,pct_remaining,108,3 Cognitive only,s1,7.0721345618484435,6.793361975544493,3.549526496648328,12.18814611581556,4.3424095060729195,10.386478985790868
women,10,pct_remaining,110,3 Cognitive only,s1,6.3657595658107535,6.037912386321201,2.855565116925829,11.743977621768392,3.6075922216572556,9.800577960670237
women,10,pct_remaining,50,4 Both,s1,3.427817094667019,3.423040545762359,3.1618683434586314,3.717884737452053,3.2343649394313085,3.628609404421166
women,10,pct_remaining,52,4 Both,s1,3.6512872683545896,3.646626542640063,3.3665504381023483,3.959901447769405,3.4450653759729195,3.865765864947825
women,10,pct_remaining,54,4 Both,s1,3.8901660177777146,3.884980601887756,3.5861142153405647,4.220449483905863,3.6685673309522286,4.120210036186409
women,10,pct_remaining,56,4 Both,s1,4.14771032655726,4.142380916056412,3.819951890963929,4.502946737325097,3.909278173658898,4.394875990266047
women,10,pct_remaining,58,4 Both,s1,4.431224355904104,4.425521107495708,4.075715913289894,4.815117168203931,4.1731434067759245,4.69865623736829
women,10,pct_remaining,60,4 Both,s1,4.7479002115077655,4.741996410490888,4.360106533852209,5.1642398255048985,4.466800985938074,5.039228917272915
women,10,pct_remaining,62,4 Both,s1,5.105160406168972,5.098509957870203,4.680407074266895,5.561128333433133,4.798241306662859,5.423490801160899
women,10,pct_remaining,64,4 Both,s1,5.51124132436275,5.504319718619768,5.045141569963785,6.013084911143701,5.173817847308891,5.86152865262012
women,10,pct_remaining,66,4 Both,s1,5.975721886437676,5.96799221938646,5.4638746178467965,6.530551268072397,5.602155679716181,6.3632364130186545
women,10,pct_remaining,68,4 Both,s1,6.510039564291645,6.5010396710952625,5.9391314635524,7.1264470930775,6.095072254271552,6.939156110792402
women,10,pct_remaining,70,4 Both,s1,7.128047714143563,7.118663015386621,6.488761174985859,7.820414110984496,6.66368965119886,7.609449560672369
women,10,pct_remaining,72,4 Both,s1,7.846654534861339,7.836287823022143,7.122627200090521,8.628767072072236,7.322092476111344,8.389771818430543
women,10,pct_remaining,74,4 Both,s1,8.686569747382826,8.672963485770657,7.863289339826338,9.576347385546917,8.091480250452017,9.305833905910166
women,10,pct_remaining,76,4 Both,s1,9.673165874868294,9.658657981193244,8.732099897991734,10.693125503995093,8.990935647750508,10.383862044872519
women,10,pct_remaining,78,4 Both,s1,10.83742701098608,10.820597418228374,9.747095716422871,12.014550969193593,10.045813654469455,11.655019109642307
women,10,pct_remaining,80,4 Both,s1,12.216895144325855,12.19632173802868,10.948724690622209,13.59596209294558,11.292052057091556,13.173768098519082
women,10,pct_remaining,82,4 Both,s1,13.856413839138574,13.83294948200027,12.36306176463763,15.47987164419517,12.767428392106947,14.983553841993205
women,10,pct_remaining,84,4 Both,s1,15.808292027115904,15.777641538447687,14.037530668910946,17.72826825923643,14.517182191301565,17.153481541427716
women,10,pct_remaining,86,4 Both,s1,18.131261764583204,18.095418888332063,16.014467948712902,20.435301941252852,16.575125581778167,19.739827884347328
women,10,pct_remaining,88,4 Both,s1,20.88732789990233,20.843224720944182,18.32925545882599,23.665022641304496,18.997071787957328,22.824780807417604
women,10,pct_remaining,90,4 Both,s1,24.13545850188348,24.07673813455676,21.05644176443119,27.497204554570256,21.85330727790462,26.493026844539035
women,10,pct_remaining,92,4 Both,s1,27.921353859445023,27.845245631033123,24.193816467487117,31.992251180811195,25.151882688898247,30.781114658400718
women,10,pct_remaining,94,4 Both,s1,32.26365428863729,32.18222310210648,27.72977289170977,37.184653765106965,28.937995702472108,35.728455836784846
women,10,pct_remaining,96,4 Both,s1,37.13903587997795,37.053981936318266,31.6754093748593,43.05871370757168,33.14919094853422,41.33403574871647
women,10,pct_remaining,98,4 Both,s1,42.47102124054107,42.376737543821164,35.90471291898125,49.50075658181166,37.731941457553894,47.45038102249619
women,10,pct_remaining,100,4 Both,s1,48.12839863358095,48.023255756815956,40.37365955757328,56.399091246056194,42.479541186573904,54.00548153746314
women,10,pct_remaining,102,4 Both,s1,53.937373651855104,53.85058841550301,44.8278373212519,63.39758308912349,47.35200242465464,60.69373264733604
women,10,pct_remaining,104,4 Both,s1,59.70591074045359,59.65381066419628,49.322094392653725,70.24609519548069,52.18817474841673,67.35903788144155
women,10,pct_remaining,106,4 Both,s1,65.23834223691475,65.25450338210226,53.5945010602119,76.568494552945907,56.89575119030946,73.60545418035612
women,10,pct_remaining,108,4 Both,s1,70.20726582847769,70.35122125955553,57.45124171945151,82.05435263358281,61.15657689893924,79.07982798328702
women,10,pct_remaining,110,4 Both,s1,73.49826680807575,73.78702172038217,59.99053255206924,85.39230038855847,64.05208245556275,82.55920079297178
women,10,pct_remaining,50,1 Functional,s2,69.80157727699024,69.81109935377813,68.84401981264276,70.72006897778225,69.12183908510472,70.45693409334507
women,10,pct_remaining,52,1 Functional,s2,73.34297032886683,73.3514650891687,72.43880203129521,74.20931281565557,72.70348496418607,73.96455646773096
women,10,pct_remaining,54,1 Functional,s2,74.97866315001633,74.98559389454707,74.21636704309944,75.70999976410127,74.4385806026145,75.5046392695048
women,10,pct_remaining,56,1 Functional,s2,75.52485922786714,75.52933635421752,74.86612660007803,76.16320471494423,75.05255524099337,75.98139366358994
women,10,pct_remaining,58,1 Functional,s2,75.42526026961558,75.42908194067161,74.80620595919869,76.02981435627224,74.98013447247904,75.8607799597545
women,10,pct_remaining,60,1 Functional,s2,74.91639640264924,74.92072330360938,74.28639063029792,75.53615732987802,74.46587508766287,75.35799321727362
women,10,pct_remaining,62,1 Functional,s2,74.1198939616542,74.12161760788405,73.44150569928208,74.78684261849433,73.63674238876602,74.58722909452379
women,10,pct_remaining,64,1 Functional,s2,73.0937422880828,73.09621558966771,72.35045637406571,73.81683909128664,72.56981176358507,73.60374213599474
women,10,pct_remaining,66,1 Functional,s2,71.86022346892022,71.86205697665733,71.04606133335791,72.65605672370047,71.28830784499084,72.41776802627223
women,10,pct_remaining,68,1 Functional,s2,70.42088817729999,70.42311882796773,69.5279554906975,71.30207291091651,69.79089846969339,71.03706041331787
women,10,pct_remaining,70,1 Functional,s2,68.76449622687949,68.76622693235734,67.78078531348793,69.7334792220313,68.06668372690504,69.4457709928307
women,10,pct_remaining,72,1 Functional,s2,66.87123974730935,66.87226284474316,65.78244107904192,67.93569737305863,66.09745425090627,67.63002817416873
women,10,pct_remaining,74,1 Functional,s2,64.71512777063941,64.71285312136897,63.50541197363089,65.89231691937208,63.85046631093482,65.55896619150641
women,10,pct_remaining,76,1 Functional,s2,62.26566194708993,62.26551841029859,60.91355727646381,63.573926548284334,61.30923523992483,63.206180157764805
women,10,pct_remaining,78,1 Functional,s2,59.48958921467111,59.48664342909048,57.96956927938839,60.94792163229005,58.42129184909764,60.5510868393082
women,10,pct_remaining,80,1 Functional,s2,56.353411365842604,56.35206224177861,54.645740637447084,57.9867883839288,55.156863184384505,57.54521041654807
women,10,pct_remaining,82,1 Functional,s2,52.82735196649779,52.82454548668437,50.92756273572295,54.65647593526571,51.49458581825408,54.15976527337249
women,10,pct_remaining,84,1 Functional,s2,48.89151389444618,48.889972348528914,46.78360787272492,50.939759019544056,47.40272227847947,50.37755367030313
women,10,pct_remaining,86,1 Functional,s2,44.54482848262099,44.54049804848862,42.218078720405195,46.83644114382783,42.90167601946315,46.19039499406075
women,10,pct_remaining,88,1 Functional,s2,39.81680921183516,39.80914701718035,37.268255166837754,42.34208631074175,38.0119997829692,41.63259946008475
women,10,pct_remaining,90,1 Functional,s2,34.78070689673935,34.76615593883316,32.04734663274077,37.51890023407038,32.83255507120966,36.758691216717224
women,10,pct_remaining,92,1 Functional,s2,29.56423368282029,29.537863293134485,26.700524278300676,32.49059956053102,27.501653709464485,31.659834842644567
women,10,pct_remaining,94,1 Functional,s2,24.351219354382682,24.31915356371612,21.416632427313527,27.370375237416894,22.237938155496472,26.520418840275667
women,10,pct_remaining,96,1 Functional,s2,19.36655461745926,19.330268755867728,16.487426591739602,22.386509164529084,17.29834361008226,21.522382020577762
women,10,pct_remaining,98,1 Functional,s2,14.840794410171375,14.795195867251866,12.130233965948046,17.743568270038313,12.891391901809417,16.892346087354817
women,10,pct_remaining,100,1 Functional,s2,10.961104939836698,10.899463695293292,8.514198461584598,13.637086813487283,9.194215915005769,12.839693042357077
women,10,pct_remaining,102,1 Functional,s2,7.827045601266414,7.768067589090509,5.708989519662632,10.176547232178159,6.285299673195135,9.494602269218804
women,10,pct_remaining,104,1 Functional,s2,5.432994204643646,5.3707726968518585,3.6432790413453895,7.47095041352572,4.10873989035748,6.874040144389148
women,10,pct_remaining,106,1 Functional,s2,3.689526682349917,3.62771416298106,2.221516851400836,5.444647169272219,2.5858486635259395,4.90855983420028
women,10,pct_remaining,108,1 Functional,s2,2.4925452796822514,2.4268294539106847,1.30881821659132,4.0134457115005615,1.588439414046046,3.5235721999804093
women,10,pct_remaining,110,1 Functional,s2,1.8631697211418738,1.7901236748830174,0.8624242740895199,3.2326064483971075,1.0912281019807375,2.7631440504438642
women,10,pct_remaining,50,2 Physical only,s2,24.163738135491936,24.153828114470826,23.322941011040356,25.046558878128604,23.553272522320043,24.78436747883942
women,10,pct_remaining,52,2 Physical only,s2,20.295533238019893,20.28546122284846,19.524478852994147,21.110149895481488,19.730905554112134,20.871876191324326
women,10,pct_remaining,54,2 Physical only,s2,18.399261731103568,18.392537839309167,17.7771067994439,19.052412150573726,17.942774573648553,18.86808084745425
women,10,pct_remaining,56,2 Physical only,s2,17.53881400251857,17.536617439672778,17.018785618438663,18.074538307657605,17.159491221996458,17.922347433278055
women,10,pct_remaining,58,2 Physical only,s2,17.255286381368524,17.253076991175927,16.77558544367123,17.7453826501353,16.911842368392072,17.602361611734498
women,10,pct_remaining,60,2 Physical only,s2,17.310575368155963,17.30842351858557,16.828989636983625,17.804960790910247,16.96330223045755,17.661798990079987
women,10,pct_remaining,62,2 Physical only,s2,17.580214518539005,17.576950011467915,17.065367767297673,18.111489778356535,17.208906741401478,17.957772691616142
women,10,pct_remaining,64,2 Physical only,s2,17.999955639377717,17.99659060560624,17.437384875968064,18.581394298040614,17.592139682748044,18.41576585579626
women,10,pct_remaining,66,2 Physical only,s2,18.537756787076578,18.534156736240618,17.912370656723734,19.17852799149166,18.08714417703136,18.9980734196698
women,10,pct_remaining,68,2 Physical only,s2,19.178850595219956,19.175889774866256,18.487088814784094,19.891021231884114,18.6762434177559,19.691954177667174
women,10,pct_remaining,70,2 Physical only,s2,19.91765767494433,19.915514791655802,19.1423267944753,20.708976959436704,19.360618599989728,20.488098481466317
women,10,pct_remaining,72,2 Physical only,s2,20.753224822061732,20.749281230172897,19.8892066989926,21.63342710010024,20.131643468683386,21.3908939627797
women,10,pct_remaining,74,2 Physical only,s2,21.686370460246216,21.681628426546666,20.715436062055396,22.674958199277423,20.992039857411875,22.3962485748585
women,10,pct_remaining,76,2 Physical only,s2,22.717500562644283,22.709653705149677,21.632785170211832,23.835582604139017,21.937937673772545,23.513345679372883
women,10,pct_remaining,78,2 Physical only,s2,23.844455609636338,23.835291586050396,22.621613757675487,25.108267394358524,22.964334687480044,24.74372630364479
women,10,pct_remaining,80,2 Physical only,s2,25.059950169495846,25.047114394051718,23.682640813459557,26.48448460314717,24.059612137690316,26.076654265541276
women,10,pct_remaining,82,2 Physical only,s2,26.348292722176083,26.333036949767724,24.787521163998875,27.968071699758127,25.206841941678224,27.50089213511834
women,10,pct_remaining,84,2 Physical only,s2,27.681229398469025,27.66747106758983,25.913049635343167,29.533936758350915,26.38291081253627,28.995336482942818
women,10,pct_remaining,86,2 Physical only,s2,29.013061201121523,28.99739235034866,26.976760457122438,31.13673575936479,27.524947075289322,30.522812115522754
women,10,pct_remaining,88,2 Physical only,s2,30.27577630863232,30.258791679885597,27.91514306900042,32.7351096886666,28.567242587701646,32.02439886306484
women,10,pct_remaining,90,2 Physical only,s2,31.375901289771832,31.351442405304653,28.633866228342928,34.23319149577367,29.407106723295897,33.402098759054745
women,10,pct_remaining,92,2 Physical only,s2,32.19594406921294,32.17127396855371,28.99717628965643,35.526913510300254,29.890824842747797,34.56384421082598
women,10,pct_remaining,94,2 Physical only,s2,32.603972363909776,32.57786217024421,28.861619227609257,36.52499215520726,29.875017645528295,35.400731456844056
women,10,pct_remaining,96,2 Physical only,s2,32.47372108029334,32.432717384439655,28.06650907658119,37.06659307337122,29.233100820033844,35.762501600584415
women,10,pct_remaining,98,2 Physical only,s2,31.713480228151965,31.658890697899857,26.53470449134052,37.19999730355232,27.888305012243958,35.59493440693541
women,10,pct_remaining,100,2 Physical only,s2,30.2956345112194,30.22792516882464,24.262811621159685,36.700384402716054,25.875401773182894,34.87245044656009
women,10,pct_remaining,102,2 Physical only,s2,28.273988221558565,28.18816820811244,21.35239508266303,35.68438539554651,23.169250632918764,33.572943140180364
women,10,pct_remaining,104,2 Physical only,s2,25.778610162796266,25.64745333221183,18.011636286365984,34.295967264167885,20.029922581352174,31.813934050754913
women,10,pct_remaining,106,2 Physical only,s2,22.996833503094653,22.782949250027656,14.610841087506287,32.594815681748074,16.722997755677028,29.659818190900182
women,10,pct_remaining,108,2 Physical only,s2,20.22805366319887,19.918668379235406,11.549945088375454,30.652972813916556,13.603541150866691,27.460910010867654
women,10,pct_remaining,110,2 Physical only,s2,18.272803494692493,17.894094531367024,9.551021908619878,29.240396529940867,11.512474082131961,25.768834836764512
women,10,pct_remaining,50,3 Cognitive only,s2,2.2344957209592815,2.232316153343839,2.073001318727421,2.4073634287434,2.116368828545193,2.356469293385199
women,10,pct_remaining,52,3 Cognitive only,s2,2.375637611188647,2.3735981483882354,2.2045685438592115,2.558809482922851,2.2504281449288097,2.504432664950796
women,10,pct_remaining,54,3 Cognitive only,s2,2.5066421973417925,2.504844235367198,2.324151124397039,2.6997635761822742,2.3736075170345083,2.6447452376795413
women,10,pct_remaining,56,3 Cognitive only,s2,2.643665326174454,2.6419495652473843,2.446900335206483,2.8525173140266853,2.5008630368540774,2.7920026911788383
women,10,pct_remaining,58,3 Cognitive only,s2,2.79527014191864,2.793369179473242,2.5821450840534794,3.0224621044496365,2.6406771538654294,2.9554234697688506
women,10,pct_remaining,60,3 Cognitive only,s2,2.9650571299082324,2.9624049503099013,2.7325302411973573,3.213305046785709,2.7966298295849845,3.1394288332025293
women,10,pct_remaining,62,3 Cognitive only,s2,3.1555023673551172,3.152380820775745,2.8995860206047808,3.42782886431757,2.970552564337751,3.3469734210593796
women,10,pct_remaining,64,3 Cognitive only,s2,3.369169600337043,3.3657818606336436,3.0877663975853715,3.6690950242187195,3.1657456020352885,3.5801782491687306
women,10,pct_remaining,66,3 Cognitive only,s2,3.609047108378859,3.6048238637629,3.297770198217299,3.9415845881319456,3.383980063168015,3.8428107295043943
women,10,pct_remaining,68,3 Cognitive only,s2,3.878639079843367,3.874265646973545,3.5318183711076023,4.247575483694854,3.626640397060688,4.138366812298491
women,10,pct_remaining,70,3 Cognitive only,s2,4.181977965026367,4.177183035336353,3.794086342995615,4.593015292673984,3.9008638519917875,4.473295568240672
women,10,pct_remaining,72,3 Cognitive only,s2,4.5235830624641755,4.518806242472581,4.08554375236861,4.98421342459441,4.2061677822292625,4.85168139949214
women,10,pct_remaining,74,3 Cognitive only,s2,4.908339433838911,4.9022678421515105,4.412873370790883,5.429040132496796,4.549239323832621,5.279516328122892
women,10,pct_remaining,76,3 Cognitive only,s2,5.341238451658584,5.333280097461543,4.778791910713996,5.9330996426525475,4.9335461546566535,5.764084041519733
women,10,pct_remaining,78,3 Cognitive only,s2,5.826885883531107,5.818125720777967,5.183346706205678,6.5021946234424215,5.360206936277737,6.309828807787256
women,10,pct_remaining,80,3 Cognitive only,s2,6.368640877484218,6.359315798155835,5.628190893908031,7.147152484032833,5.831020940574814,6.925173745639418
women,10,pct_remaining,82,3 Cognitive only,s2,6.9672068015291355,6.955919986873088,6.111927322065043,7.8695680539002115,6.346261398699808,7.612604412832068
women,10,pct_remaining,84,3 Cognitive only,s2,7.61847946429969,7.6035511688335795,6.627675208017779,8.671108638302359,6.896402028176029,8.368359620243545
women,10,pct_remaining,86,3 Cognitive only,s2,8.310531418711067,8.291218485922691,7.1636263675038965,9.546304131028856,7.467638975199322,9.184010513277231
women,10,pct_remaining,88,3 Cognitive only,s2,9.019881724784822,8.99761645693367,7.692080540898726,10.464091970251946,8.039867690736077,10.036942885425592
women,10,pct_remaining,90,3 Cognitive only,s2,9.70780268003565,9.679835005401138,8.18036376110739,11.40271849852246,8.56820064482452,10.8885776643793
women,10,pct_remaining,92,3 Cognitive only,s2,10.318386239308424,10.284839544291659,8.55810725795108,12.306399162550013,9.00520157954183,11.697863302976002
women,10,pct_remaining,94,3 Cognitive only,s2,10.781103091800539,10.7322581972108,8.76265639168208,13.078428515751,9.273027600321662,12.379005465117844
women,10,pct_remaining,96,3 Cognitive only,s2,11.020657368527784,10.963552073344756,8.71632724428105,13.662634309691489,9.31129124174863,12.8643180784073
women,10,pct_remaining,98,3 Cognitive only,s2,10.9746854778393,10.89903674115373,8.385216111250067,13.98168025260283,9.049739448538142,13.062970556336149
women,10,pct_remaining,100,3 Cognitive only,s2,10.61485090747803,10.515444778808668,7.75569674560361,14.009906633367295,8.473323394952407,12.97971716963556
women,10,pct_remaining,102,3 Cognitive only,s2,9.96158614158078,9.835890271579096,6.860558895196393,13.792298820524575,7.62474065863136,12.590697914036571
women,10,pct_remaining,104,3 Cognitive only,s2,9.082481269786154,8.912828178134452,5.777444441726179,13.379373346228867,6.569073774025491,11.968583001146703
women,10,pct_remaining,106,3 Cognitive only,s2,8.075295583038761,7.858994396324345,4.60197841113662,12.806181326932494,5.434097396831272,11.208112829548936
women,10,pct_remaining,108,3 Cognitive only,s2,7.072134160914314,6.793360883744029,3.5495259380464335,12.188145674842698,4.342409038853045,10.386478339522782
women,10,pct_remaining,110,3 Cognitive only,s2,6.365759326595147,6.037912211013497,2.855564794844927,11.74397738877771,3.6075918495736685,9.800577883839011
women,10,pct_remaining,50,4 Both,s2,3.80018886655854,3.797177699985793,3.5199335612786418,4.104143975127483,3.5975041854880105,4.012302074531404
women,10,pct_remaining,52,4 Both,s2,3.985858821924637,3.982333939495587,3.6918977783718985,4.30448682197716,3.7734128288571274,4.208063928227789
women,10,pct_remaining,54,4 Both,s2,4.115432921538306,4.109830735126415,3.8074952780280023,4.449862489440178,3.8918836988887557,4.345774687106411
women,10,pct_remaining,56,4 Both,s2,4.292661443439838,4.286935764714986,3.9643206306131775,4.650360224058226,4.054341780812185,4.53973393756756
women,10,pct_remaining,58,4 Both,s2,4.524183207097255,4.518687556905143,4.168098549625613,4.908319003754413,4.267148610358628,4.791590854084987
women,10,pct_remaining,60,4 Both,s2,4.807971099286565,4.801857373668999,4.42210596783668,5.226500304433747,4.527669701105982,5.0982515426459525
women,10,pct_remaining,62,4 Both,s2,5.144389152451679,5.13735288661033,4.720487749097616,5.600632607284096,4.837902064897495,5.461307898175779
women,10,pct_remaining,64,4 Both,s2,5.537132472202448,5.5302023508425595,5.070890963961049,6.038696183008201,5.199566260091199,5.887789582811634
women,10,pct_remaining,66,4 Both,s2,5.992972635624343,5.985241926202389,5.47850849359991,6.5480035154303815,5.619746481218879,6.380839902113337
women,10,pct_remaining,68,4 Both,s2,6.521622147636692,6.512738057568061,5.950317621955288,7.13775307159443,6.106145882017727,6.951069609417268
women,10,pct_remaining,70,4 Both,s2,7.1358681331498115,7.1265336602449345,6.496324117352753,7.827855782350084,6.671162612578904,7.617222928766284
women,10,pct_remaining,72,4 Both,s2,7.851952368164752,7.841880721772371,7.128303990529815,8.634235980238888,7.3270189848467195,8.394687853277684
women,10,pct_remaining,74,4 Both,s2,8.690162335275456,8.676539655039925,7.866618616723178,9.57983421502435,8.095575719837669,9.309294596728412
women,10,pct_remaining,76,4 Both,s2,9.675599038607203,9.661035306267417,8.734597899135998,10.695366928064784,8.992890821684316,10.386663020077055
women,10,pct_remaining,78,4 Both,s2,10.83906929216144,10.82242107492563,9.748611985532397,12.016230082296484,10.04766934985421,11.65673724796473
women,10,pct_remaining,80,4 Both,s2,12.217997587177335,12.19746258061263,10.950120921467072,13.597511656841466,11.29287689345755,13.174780820375819
women,10,pct_remaining,82,4 Both,s2,13.857148509796994,13.833597879626062,12.363662140085532,15.480796098518663,12.768326482125362,14.984395069800804
women,10,pct_remaining,84,4 Both,s2,15.808777242785107,15.778156546800433,14.037966377852568,17.728884322506143,14.517569953688646,17.153922260415264
women,10,pct_remaining,86,4 Both,s2,18.13157889754642,18.095756373810808,16.014764454160982,20.435819924706955,16.575402010225936,19.740097992890394
women,10,pct_remaining,88,4 Both,s2,20.887532754747703,20.843418852176512,18.329389162343876,23.665281527855647,18.997250234369318,22.82499043041997
women,10,pct_remaining,90,4 Both,s2,24.135589133453166,24.076865412023892,21.056558685493442,27.497326040837937,21.853459323236084,26.493188956498496
women,10,pct_remaining,92,4 Both,s2,27.92143600865834,27.84530131582097,24.193869327858952,31.992361616965265,25.15194148628712,30.781197846262902
women,10,pct_remaining,94,4 Both,s2,32.26370518990701,32.182254916624444,27.729823800000148,37.184716004011925,28.938035799537623,35.72851325346941
women,10,pct_remaining,96,4 Both,s2,37.13906693371962,37.054019438118786,31.675428980397985,43.05875345525927,33.14921244837869,41.334073093200736
women,10,pct_remaining,98,4 Both,s2,42.471039883837356,42.37676863145963,35.90472180295969,49.5007889341672,37.73195415593612,47.45039744582568
women,10,pct_remaining,100,4 Both,s2,48.12840964146587,48.02326954031628,40.373667935305065,56.399110753462956,42.479548874524895,54.00550144397617
women,10,pct_remaining,102,4 Both,s2,53.937380035594245,53.85059318187073,44.827839344207824,63.3975908345831,47.35200185972023,60.69373981753623
women,10,pct_remaining,104,4 Both,s2,59.70591436277393,59.65381339970524,49.32209499804116,70.2460995873455,52.188176422553745,67.35904457845656
women,10,pct_remaining,106,4 Both,s2,65.23834423151666,65.25450555773043,53.594501608787674,76.56849714495401,56.89575127642371,73.60545510664508
women,10,pct_remaining,108,4 Both,s2,70.20726689620457,70.35122175183032,57.451242028420026,82.05435577157998,61.156577649448494,79.07982878745759
women,10,pct_remaining,110,4 Both,s2,73.49826745757049,73.78702247472039,59.99053258024518,85.3923014696243,64.05208470377656,82.55920123146652
women,10,pct_remaining,50,1 Functional,s3,73.8223333465707,73.85879135366352,72.29668359075461,75.11696666145107,72.76786955684128,74.79896994720244
women,10,pct_remaining,52,1 Functional,s3,76.64509036338443,76.67697720410158,75.36023013071355,77.74335089245908,75.76256847594071,77.46547621038734
women,10,pct_remaining,54,1 Functional,s3,76.92683848336767,76.94239376944677,76.06274971882272,77.6986830370015,76.33251649548971,77.4940421700615
women,10,pct_remaining,56,1 Functional,s3,76.60626120905266,76.61025955233488,75.94557579180747,77.2370939467961,76.14142280744738,77.06590247761052
women,10,pct_remaining,58,1 Functional,s3,76.0185790545736,76.02064302149529,75.40889868913384,76.61998667362676,75.58351010836138,76.4485333480004
women,10,pct_remaining,60,1 Functional,s3,75.24290834793017,75.24580919158495,74.61474373934699,75.86427789421302,74.79564033990937,75.68395853418006
women,10,pct_remaining,62,1 Functional,s3,74.30117496341913,74.30479211395517,73.62277048733439,74.96494495686854,73.82193490280348,74.77216350741072
women,10,pct_remaining,64,1 Functional,s3,73.19557163670642,73.19849569620578,72.45282420538311,73.92298496669382,72.67362806059766,73.70722684330052
women,10,pct_remaining,66,1 Functional,s3,71.91817282478704,71.92037464794154,71.10021027539939,72.71722834884352,71.34629607452356,72.47890520609457
women,10,pct_remaining,68,1 Functional,s3,70.45430842706389,70.45772446267354,69.56020982701448,71.33506784200547,69.82483587180208,71.07311367340498
women,10,pct_remaining,70,1 Functional,s3,68.78401623656626,68.78608152279051,67.79959717752642,69.75367373185391,68.08524484969516,69.4654823635801
women,10,pct_remaining,72,1 Functional,s3,66.88276912490404,66.88377707494726,65.79312181469899,67.94811876874962,66.10888779345396,67.64275774615626
women,10,pct_remaining,74,1 Functional,s3,64.72199838752354,64.72011079759177,63.510535547768654,65.89887852225604,63.85730390551428,65.56621394055016
women,10,pct_remaining,76,1 Functional,s3,62.26978078491505,62.26950917490354,60.917968285022624,63.578247224573026,61.31343881138624,63.21107034135631
women,10,pct_remaining,78,1 Functional,s3,59.492064611160004,59.48883735845321,57.97193674677342,60.95009895927274,58.42339198301644,60.553726838029775
women,10,pct_remaining,80,1 Functional,s3,56.354897098433625,56.3531839741461,54.6476941630456,57.98758449162977,55.15842851668629,57.54678990789455
women,10,pct_remaining,82,1 Functional,s3,52.82823885987802,52.8254633011274,50.92853352015862,54.657323322586215,51.49547517537564,54.16071455918481
women,10,pct_remaining,84,1 Functional,s3,48.892038150229965,48.89054917274352,46.78399217652802,50.940121266866875,47.403315941332416,50.378065388867554
women,10,pct_remaining,86,1 Functional,s3,44.54513394853654,44.54097150857457,42.218439481836285,46.83674196474349,42.901900100862406,46.19072337109753
women,10,pct_remaining,88,1 Functional,s3,39.81698380484847,39.8093219673441,37.26843933265834,42.34232772861484,38.01218875143996,41.632787718960095
women,10,pct_remaining,90,1 Functional,s3,34.7808042863398,34.766255295980756,32.047409846413466,37.51897617415228,32.83264769799768,36.75872305858702
women,10,pct_remaining,92,1 Functional,s3,29.564286417208475,29.537898952794883,26.700564364315827,32.49065765963078,27.50169723874989,31.659869080595357
women,10,pct_remaining,94,1 Functional,s3,24.351246923882723,24.319185709790183,21.41665823303325,27.3704194258817,22.237976285580498,26.52044283501719
women,10,pct_remaining,96,1 Functional,s3,19.3665684651268,19.330278400593933,16.48743265179992,22.386518597730596,17.298354228332748,21.522392615866146
women,10,pct_remaining,98,1 Functional,s3,14.840801069006732,14.795200769854425,12.130238444944652,17.74357573326896,12.891401448889566,16.892350619894753
women,10,pct_remaining,100,1 Functional,s3,10.961108002616497,10.899467266213472,8.514203945738931,13.637089423037677,9.19421836743379,12.839694892023662
women,10,pct_remaining,102,1 Functional,s3,7.827046952540795,7.768068630131383,5.708991564652541,10.17654873029323,6.285300550218836,9.4946031287721
women,10,pct_remaining,104,1 Functional,s3,5.432994779574591,5.370773244992612,3.6432794557958768,7.470950588887893,4.108740135629741,6.874040406516556
women,10,pct_remaining,106,1 Functional,s3,3.6895269189822955,3.627714388460194,2.221517338423974,5.4446473300688565,2.585849405362112,4.908559913919779
women,10,pct_remaining,108,1 Functional,s3,2.492545375005723,2.426829563183918,1.3088183304525682,4.01344577281511,1.5884396654900141,3.523572246369679
women,10,pct_remaining,110,1 Functional,s3,1.8631697681290895,1.7901237204320375,0.8624243450515888,3.232606524254068,1.0912281683802332,2.76314405983874
women,10,pct_remaining,50,2 Physical only,s3,15.362881250790906,15.316210950073888,14.477541482820898,16.550244443241162,14.681007813314302,16.140412185865028
women,10,pct_remaining,52,2 Physical only,s3,16.044543352837607,16.010163430786605,15.255629691281495,17.067288558418692,15.444174742709933,16.722186755416622
women,10,pct_remaining,54,2 Physical only,s3,16.29524729194515,16.279299884571778,15.705094627851263,16.973905637602222,15.857460506023664,16.76514642254406
women,10,pct_remaining,56,2 Physical only,s3,16.46713325342877,16.46261443952133,15.978220908558361,16.986458302425994,16.11241377509917,16.833916023384937
women,10,pct_remaining,58,2 Physical only,s3,16.69810369372515,16.69600310168483,16.236069957314577,17.167148635974844,16.365724315438936,17.043832925620716
women,10,pct_remaining,60,2 Physical only,s3,17.016497863145798,17.013961306573343,16.53864042993076,17.50496949776078,16.671436063304796,17.368311486776093
women,10,pct_remaining,62,2 Physical only,s3,17.423080007035036,17.420895195580744,16.908400161994393,17.95834829076365,17.05132483509622,17.80339457635853
women,10,pct_remaining,64,2 Physical only,s3,17.91506059120484,17.911309777413976,17.35053505329645,18.496652820096912,17.505435219594172,18.332058579151056
women,10,pct_remaining,66,2 Physical only,s3,18.491413266521032,18.489071337264285,17.863298924407268,19.133645340189428,18.039131556806048,18.95472739197346
women,10,pct_remaining,68,2 Physical only,s3,19.153306940811994,19.150293793754614,18.460094596898337,19.86603035983896,18.65004215564024,19.666079074773876
women,10,pct_remaining,70,2 Physical only,s3,19.903456971591797,19.900911914634595,19.12634828727716,20.693675402616414,19.345805624019494,20.473518035370827
women,10,pct_remaining,72,2 Physical only,s3,20.745274481018505,20.74097221527537,19.8801894679709,21.62646074103408,20.12374177259999,21.383068275078156
women,10,pct_remaining,74,2 Physical only,s3,21.681897978158116,21.677062649104204,20.711373368994376,22.66936840979017,20.987382435828046,22.39220837685585
women,10,pct_remaining,76,2 Physical only,s3,22.714979845413133,22.707080009857364,21.62946619472448,23.833242057328405,21.935638606955912,23.51081799077684
women,10,pct_remaining,78,2 Physical only,s3,23.84303756621772,23.833944958382645,22.620288923106063,25.106615362972022,22.962285840925123,24.741857370107702
women,10,pct_remaining,80,2 Physical only,s3,25.059157645280003,25.046458980608797,23.68169594678156,26.483823804089088,24.058847653028625,26.075790502262233
women,10,pct_remaining,82,2 Physical only,s3,26.3478552673772,26.332511402869674,24.78706121942904,27.96773029105559,25.206341932198757,27.500682465707676
women,10,pct_remaining,84,2 Physical only,s3,27.680992736082228,27.66723129214481,25.91280145287039,29.53365392091459,26.382668380726866,28.995167775557373
women,10,pct_remaining,86,2 Physical only,s3,29.012937025008256,28.99727812762412,26.976652852427367,31.136627948230398,27.524830588084882,30.522639056642006
women,10,pct_remaining,88,2 Physical only,s3,30.27571410586407,30.258719339219496,27.915065236567877,32.73496688657457,28.5671907113637,32.024328074049734
women,10,pct_remaining,90,2 Physical only,s3,31.37587233681514,31.351414112292307,28.633846015604973,34.23316609580424,29.407082484098208,33.402082261943825
women,10,pct_remaining,92,2 Physical only,s3,32.19593224224079,32.171263455815705,28.997171773265485,35.52689009293268,29.890810480733826,34.56382756937593
women,10,pct_remaining,94,2 Physical only,s3,32.60396881198816,32.577855757593056,28.861618236781197,36.524981888893365,29.8750195072233,35.400729851117156
women,10,pct_remaining,96,2 Physical only,s3,32.47372111575741,32.43271583163434,28.066506472812215,37.066592210011635,29.23310421901571,35.76249630961944
women,10,pct_remaining,98,2 Physical only,s3,31.71348150468269,31.658890906510024,26.534706591198464,37.19999701401134,27.888303209613586,35.594933670046736
women,10,pct_remaining,100,2 Physical only,s3,30.295635958350385,30.227926290193167,24.262813645996353,36.70038416390616,25.87540364397358,34.87245038149066
women,10,pct_remaining,102,2 Physical only,s3,28.27398942867873,28.18816957004798,21.352396481914223,35.68438600363073,23.169253057285452,33.57294252929531
women,10,pct_remaining,104,2 Physical only,s3,25.77861103296703,25.647455100125306,18.011636628590423,34.29596873158251,20.02992429162069,31.813934373440592
women,10,pct_remaining,106,2 Physical only,s3,22.996834069409427,22.782949415924477,14.61084189959996,32.594815720909196,16.72299904367102,29.65981794011312
women,10,pct_remaining,108,2 Physical only,s3,20.22805400444351,19.918669170536702,11.549945473981635,30.652973948332424,13.603541868757958,27.46091000446625
women,10,pct_remaining,110,2 Physical only,s3,18.272803716435003,17.894095138385403,9.551022885034817,29.240396360725082,11.512474345772949,25.76883485736571
women,10,pct_remaining,50,3 Cognitive only,s3,6.786965728033336,6.753974355094069,6.219675267375871,7.519522891167114,6.359969376486893,7.28290542342354
women,10,pct_remaining,52,3 Cognitive only,s3,3.199077200607912,3.174252252380522,2.8061525419569615,3.7284624166902987,2.8983521117884816,3.5511916710174365
women,10,pct_remaining,54,3 Cognitive only,s3,2.67801693779569,2.6716568488808683,2.456471663017464,2.9366625491997334,2.5168959034482064,2.853282088270413
women,10,pct_remaining,56,3 Cognitive only,s3,2.6805921354150795,2.6786086382844045,2.4780144548177083,2.893429090793019,2.534569228512389,2.8320522806211286
women,10,pct_remaining,58,3 Cognitive only,s3,2.8017003426152596,2.799825137108119,2.5876293823033434,3.02761062133712,2.6473051059853514,2.9626516462524264
women,10,pct_remaining,60,3 Cognitive only,s3,2.9646250374277763,2.962044090781948,2.7317216367778943,3.212803915651433,2.7962842769180987,3.138745288554607
women,10,pct_remaining,62,3 Cognitive only,s3,3.1539342151824488,3.1506518055699684,2.8987143115466547,3.4257931968448037,2.9689540626635482,3.3452846664831375
women,10,pct_remaining,64,3 Cognitive only,s3,3.367799043520532,3.364091536284951,3.0863862381222416,3.667577122347092,3.1644283562579476,3.578660243244258
women,10,pct_remaining,66,3 Cognitive only,s3,3.6080857109522566,3.603885350833808,3.2969547702155997,3.9406109568229124,3.383023971829155,3.841697474534013
women,10,pct_remaining,68,3 Cognitive only,s3,3.87802885701574,3.873605259040615,3.531145323938885,4.246976000799512,3.6261340778488895,4.137718499906861
women,10,pct_remaining,70,3 Cognitive only,s3,4.181618995677695,4.176796055847783,3.793747399114079,4.592759250887449,3.9002151599540285,4.472881949469921
women,10,pct_remaining,72,3 Cognitive only,s3,4.523389827483537,4.518538602284678,4.085237432729963,4.98398596918791,4.205945135106974,4.85147459515043
women,10,pct_remaining,74,3 Cognitive only,s3,4.908249667365992,4.902218981913464,4.4128237239421955,5.4288813516757,4.549123139169747,5.279395903098498
women,10,pct_remaining,76,3 Cognitive only,s3,5.341209888903212,5.333316797865197,4.778689625336839,5.933048800216765,4.933498019662404,5.764046141924688
women,10,pct_remaining,78,3 Cognitive only,s3,5.82689104182156,5.818098839954171,5.183303866515764,6.502252475558834,5.360199533494677,6.309808926050261
women,10,pct_remaining,80,3 Cognitive only,s3,6.368662526931675,6.359331656793994,5.628210542888913,7.147184920875643,5.831031636556397,6.925216631131443
women,10,pct_remaining,82,3 Cognitive only,s3,6.96723457696079,6.955943810856235,6.111953323864055,7.869588771196256,6.346289095204518,7.612633723158498
women,10,pct_remaining,84,3 Cognitive only,s3,7.61850747782297,7.603595199108475,6.627700758889894,8.671123367033182,6.896432979323,8.368388240534461
women,10,pct_remaining,86,3 Cognitive only,s3,8.310556627243722,8.291248462460576,7.163661858847571,9.5463336361382,7.467660626917964,9.18403339307862
women,10,pct_remaining,88,3 Cognitive only,s3,9.019902835522041,8.99764468879438,7.69208910498374,10.464112088232142,8.039893740275968,10.03697179353416
women,10,pct_remaining,90,3 Cognitive only,s3,9.707819429720479,9.679853212374232,8.1803847331958,11.402729475952418,8.568214512454004,10.88859704507298
women,10,pct_remaining,92,3 Cognitive only,s3,10.318398929659297,10.284859253035407,8.558119936737368,12.306415276088067,9.005216172529973,11.697878608976863
women,10,pct_remaining,94,3 Cognitive only,s3,10.78111229791457,10.732263445768185,8.762661714676039,13.078436474191966,9.273031403596077,12.379012095410232
women,10,pct_remaining,96,3 Cognitive only,s3,11.02066376132924,10.963558973245066,8.716330365727028,13.662640408647333,9.311299398907448,12.864325520610253
women,10,pct_remaining,98,3 Cognitive only,s3,10.974689719116464,10.899042459544201,8.385218252516008,13.98168296186698,9.04974434164608,13.0629739399281
women,10,pct_remaining,100,3 Cognitive only,s3,10.614853589681164,10.515446000447403,7.7556985078124345,14.00990840789991,8.473327229480882,12.979719026981893
women,10,pct_remaining,102,3 Cognitive only,s3,9.961587755749674,9.835891537474964,6.860560869747963,13.792300283664538,7.624742184648951,12.590699070363875
women,10,pct_remaining,104,3 Cognitive only,s3,9.082482193485696,8.912829021909229,5.777445834730991,13.379374202480394,6.56907531671612,11.96858452224101
women,10,pct_remaining,106,3 Cognitive only,s3,8.075296085220216,7.858994698325553,4.601978824702993,12.806182157926498,5.434098233480046,11.208113003432551
women,10,pct_remaining,108,3 Cognitive only,s3,7.072134423451892,6.793361767219279,3.5495263385328437,12.188145982971745,4.342409397944571,10.38647879136665
women,10,pct_remaining,110,3 Cognitive only,s3,6.365759483355891,6.03791232266023,2.8555649992625227,11.743977576134217,3.6075921154883535,9.800577924402367
women,10,pct_remaining,50,4 Both,s3,4.027819674605061,4.012854412510265,3.6300535964300886,4.5058962577016946,3.732461721944567,4.346925659244846
women,10,pct_remaining,52,4 Both,s3,4.111289083170057,4.102160193528872,3.7472507762454623,4.526871921059754,3.8442073826707004,4.393383852200839
women,10,pct_remaining,54,4 Both,s3,4.099897286891482,4.095597868029902,3.7773715612629424,4.448029674102826,3.865469550938674,4.341685543999113
women,10,pct_remaining,56,4 Both,s3,4.246013402103486,4.242420983158466,3.916156812180737,4.603777529424541,4.004776932950702,4.4938669243704865
women,10,pct_remaining,58,4 Both,s3,4.481616909085983,4.47640043920134,4.128010630328576,4.865704569786833,4.2223453570439835,4.748314563538371
women,10,pct_remaining,60,4 Both,s3,4.775968751496256,4.769990751976527,4.390418827905962,5.191449220782944,4.494649409964607,5.066796983859454
women,10,pct_remaining,62,4 Both,s3,5.121810814363379,5.115328470932997,4.698646471395052,5.576217896068262,4.815371888590841,5.4393041049429
women,10,pct_remaining,64,4 Both,s3,5.521568728568209,5.514251811376539,5.056383941387123,6.02367820459836,5.184022183254543,5.872070980492587
women,10,pct_remaining,66,4 Both,s3,5.98232819773968,5.974727142516695,5.468034730378253,6.536745594777707,5.609162603781658,6.369755810487074
women,10,pct_remaining,68,4 Both,s3,6.5143557751083705,6.505823378665693,5.943493120719825,7.130669181830046,6.099536578145926,6.943687765790312
women,10,pct_remaining,70,4 Both,s3,7.130907796164247,7.121318491730778,6.491331168186701,7.8224892209413754,6.666041647337596,7.612248298476706
women,10,pct_remaining,72,4 Both,s3,7.848566566593913,7.83825969315542,7.124873353194709,8.63082543802679,7.3238437853102365,8.391576983894666
women,10,pct_remaining,74,4 Both,s3,8.687853966952346,8.674191283336896,7.864470758347447,9.577385685212084,8.092811757792429,9.30683196911232
women,10,pct_remaining,76,4 Both,s3,9.674029480768603,9.659456765694815,8.733132424364006,10.69369869689813,8.991626053194993,10.384817737206275
women,10,pct_remaining,78,4 Both,s3,10.838006780800717,10.821231885432612,9.747470642406896,12.015077797283391,10.046676604681858,11.655718183172548
women,10,pct_remaining,80,4 Both,s3,12.217282729354695,12.196648526704,10.949388296952504,13.596413037743464,11.292417748015682,13.174049484782174
women,10,pct_remaining,82,4 Both,s3,13.856671295783991,13.83313045685443,12.36319837468181,15.480245480284257,12.767815589134344,14.98375693094683
women,10,pct_remaining,84,4 Both,s3,15.808461635864838,15.777887692506392,14.037637452062178,17.728433422217083,14.51733021426065,17.153577730969918
women,10,pct_remaining,86,4 Both,s3,18.131372399211486,18.095536482901597,16.014592321033202,20.435611090833877,16.575233905563636,19.73992838953777
women,10,pct_remaining,88,4 Both,s3,20.88739925376542,20.843306170178,18.329283932363694,23.665070915963565,18.997131336833323,22.8248474443828
women,10,pct_remaining,90,4 Both,s3,24.135503947124583,24.076782523033437,21.056490814453184,27.497238095132417,21.85333024423059,26.493092587351395
women,10,pct_remaining,92,4 Both,s3,27.921382410891443,27.845254048864813,24.193834451058045,31.992286914927913,25.151898552759782,30.78114279375882
women,10,pct_remaining,94,4 Both,s3,32.263671966214545,32.18223941169749,27.729799990521617,37.18468062503926,28.938018381851318,35.728475579553276
women,10,pct_remaining,96,4 Both,s3,37.13904665778655,37.05399285513809,31.67541530073027,43.05872062778961,33.14920201019294,41.33404846858097
women,10,pct_remaining,98,4 Both,s3,42.47102770719411,42.376752122716184,35.904717059481605,49.50076498158368,37.73194566097543,47.4503872261337
women,10,pct_remaining,100,4 Both,s3,48.12840244935195,48.023260675001126,40.37366510668344,56.39909788059994,42.47954395292078,54.005487869050384
women,10,pct_remaining,102,4 Both,s3,53.9373758630308,53.85058985291478,44.827838062737314,63.397586843541255,47.35200217050791,60.69373470740032
women,10,pct_remaining,104,4 Both,s3,59.705911993972684,59.65381192250142,49.32209452409336,70.24609765364497,52.18817526776886,67.35903926937502
women,10,pct_remaining,106,4 Both,s3,65.23834292638806,65.25450379125505,53.594501194839324,76.56849556020042,56.8957512157579,73.60545461480473
women,10,pct_remaining,108,4 Both,s3,70.20726619709887,70.35122144007585,57.45124182819147,82.05435307707312,61.156577062387164,79.07982821012874
women,10,pct_remaining,110,4 Both,s3,73.49826703208002,73.78702194386213,59.99053256300998,85.39230068600821,64.05208351190349,82.55920087836775
women,10,pct_remaining,50,1 Functional,s4,68.6042568621341,68.58997521381019,66.09747706580319,71.19746310895036,66.78539434124673,70.45182756293717
women,10,pct_remaining,52,1 Functional,s4,72.5144781558869,72.50888231680241,70.40517790028528,74.64857445642626,70.97436946614013,74.05083978740234
women,10,pct_remaining,54,1 Functional,s4,74.50930442377036,74.5123294121804,73.09562884087907,75.86590506902391,73.50185845019597,75.50418893068385
women,10,pct_remaining,56,1 Functional,s4,75.26166791460587,75.26545699462082,74.30598819769612,76.16501327394545,74.57565737852964,75.93321756728497
women,10,pct_remaining,58,1 Functional,s4,75.27687497638235,75.28032430427122,74.54340945609256,75.98825341703478,74.751084413994107,75.79066174832963
women,10,pct_remaining,60,1 Functional,s4,74.8322239869264,74.83715078861066,74.16268369139321,75.49007553686201,74.3545995529587,75.30357091743917
women,10,pct_remaining,62,1 Functional,s4,74.0718169142167,74.07401830626975,73.38467696972646,74.75103613693692,73.58243819204043,74.54919027187836
women,10,pct_remaining,64,1 Functional,s4,73.0660575011606,73.06767934434242,72.32812619316262,73.794045646274,72.54151305583662,73.5777196436509
women,10,pct_remaining,66,1 Functional,s4,71.84413391279963,71.84430337491263,71.02767218410281,72.63907557365842,71.26879297973767,72.40348031994417
women,10,pct_remaining,68,1 Functional,s4,70.41144658813336,70.41347971412988,69.51801186780659,71.29131525859442,69.78054343026712,71.02940625661164
women,10,pct_remaining,70,1 Functional,s4,68.75890378773599,68.76000017200336,67.77596369661549,69.7291013877974,68.06130070324886,69.44065768183063
women,10,pct_remaining,72,1 Functional,s4,66.86789998495126,66.86861539559789,65.7804244238154,67.93248957697433,66.09415615059758,67.6267717437756
women,10,pct_remaining,74,1 Functional,s4,64.71312070043761,64.71072334597358,63.503265823778875,65.88900570352493,63.84877365558585,65.55678322603484
women,10,pct_remaining,76,1 Functional,s4,62.264451252402864,62.263615045971754,60.91294462261643,63.57310821357514,61.30823312507244,63.20556890201635
women,10,pct_remaining,78,1 Functional,s4,59.488858420137454,59.48599425314393,57.969343945263304,60.947356717844414,58.42008687298139,60.55025626612824
women,10,pct_remaining,80,1 Functional,s4,56.35297149178179,56.35138569031863,54.645534264075756,57.9857311809104,55.15662882185691,57.54456667999763
women,10,pct_remaining,82,1 Functional,s4,52.827088954924875,52.82412248427965,50.92794656244995,54.65624598006949,51.49404043179551,54.159623038087446
women,10,pct_remaining,84,1 Functional,s4,48.89135831469541,48.889714273118244,46.783297603735285,50.93941284445904,47.402472753067954,50.37751269933525
women,10,pct_remaining,86,1 Functional,s4,44.544737833977486,44.54053598440336,42.21795977054749,46.836286510369966,42.90162877486865,46.19040439663407
women,10,pct_remaining,88,1 Functional,s4,39.8167574310435,39.809096168349875,37.268240183531915,42.34207783083734,38.01204030682776,41.63249441738268
women,10,pct_remaining,90,1 Functional,s4,34.78067804266628,34.7661031039872,32.047383536699506,37.51892132579304,32.83250929813494,36.75864325539372
women,10,pct_remaining,92,1 Functional,s4,29.56421808043984,29.537827951519045,26.700533960215587,32.49058142813459,27.501645847240066,31.65982338461235
women,10,pct_remaining,94,1 Functional,s4,24.35121121095833,24.31914836013044,21.416628631029486,27.370354003893766,22.23793781412933,26.520393106520434
women,10,pct_remaining,96,1 Functional,s4,19.36655053484847,19.330264753750626,16.487423360849384,22.386504036193614,17.298341676936225,21.52237745301244
women,10,pct_remaining,98,1 Functional,s4,14.840792451008612,14.795194066909644,12.130231720588803,17.743566328040956,12.891388194761426,16.89233620995943
women,10,pct_remaining,100,1 Functional,s4,10.961104040610008,10.899461937716636,8.514198397877816,13.637085606694333,9.194213430558653,12.839690486835242
women,10,pct_remaining,102,1 Functional,s4,7.827045205330575,7.768067457056634,5.708988590703496,10.176546871613716,6.2852995693364075,9.494602331615086
women,10,pct_remaining,104,1 Functional,s4,5.432994036459685,5.370772766595476,3.643278536972649,7.470950413328705,4.108739839994783,6.874039888477306
women,10,pct_remaining,106,1 Functional,s4,3.6895266131973106,3.627714139018379,2.2215170056083657,5.444647103995698,2.5858486449791545,4.908559841557017
women,10,pct_remaining,108,1 Functional,s4,2.492545251827444,2.4268294290182397,1.3088181856226047,4.013445683852148,1.5884394398060115,3.5235721707044236
women,10,pct_remaining,110,1 Functional,s4,1.8631697074025246,1.7901236660297224,0.862424255610777,3.232606400404251,1.091228116041756,2.763144045156642
women,10,pct_remaining,50,2 Physical only,s4,19.68160891374614,19.674138604168604,17.70770733853559,21.690118641770592,18.225930075243724,21.134856066341634
women,10,pct_remaining,52,2 Physical only,s4,19.722169455789818,19.717381504791526,18.00581916560164,21.477072947833356,18.457226267952194,20.97846935125176
women,10,pct_remaining,54,2 Physical only,s4,18.453594872315715,18.446167879224966,17.33369163745078,19.626383662573033,17.630983500544204,19.284429713477792
women,10,pct_remaining,56,2 Physical only,s4,17.65670757472694,17.651599053737783,16.915971197183325,18.439275895277344,17.112019483453054,18.214731060246223
women,10,pct_remaining,58,2 Physical only,s4,17.34427058983421,17.34184667793964,16.782880925591822,17.93206923668053,16.935288406562318,17.767289830639807
women,10,pct_remaining,60,2 Physical only,s4,17.36696111611913,17.364927362151768,16.85249943007701,17.89442698020739,16.994965029829523,17.744485380063647
women,10,pct_remaining,62,2 Physical only,s4,17.613819980452707,17.611492917608892,17.08742606745211,18.14856170605208,17.231985247545463,18.000217745199993
women,10,pct_remaining,64,2 Physical only,s4,18.019481456511155,18.01662739319609,17.44687197849725,18.60271164492686,17.609236255653787,18.437134687033087
women,10,pct_remaining,66,2 Physical only,s4,18.548984004291782,18.546052556910414,17.919553197636773,19.188416201513945,18.097957396168884,19.01159663966435
women,10,pct_remaining,68,2 Physical only,s4,19.185284006751846,19.18203222823164,18.49188585150394,19.899070166889068,18.68227985644808,19.69715644964398
women,10,pct_remaining,70,2 Physical only,s4,19.921343111455613,19.91898806744241,19.14653362734578,20.710469842761178,19.364187017286483,20.491207597651883
women,10,pct_remaining,72,2 Physical only,s4,20.755337384702077,20.750858045717088,19.889828966339948,21.636374265166836,20.13443195792297,21.392413908763768
women,10,pct_remaining,74,2 Physical only,s4,21.68758140502721,21.682753408384745,20.717084703918403,22.675039644825887,20.99305187845364,22.39842944255412
women,10,pct_remaining,76,2 Physical only,s4,22.71819338346381,22.71021560593594,21.633456041216338,23.8369374365848,21.938700361565665,23.514520104216
women,10,pct_remaining,78,2 Physical only,s4,23.84485007424423,23.835949656255647,22.622434130230076,25.10920493624797,22.964775901692988,24.74390553976728
women,10,pct_remaining,80,2 Physical only,s4,25.060172758109722,25.047202432446063,23.682684247721866,26.484746584576826,24.05990108113259,26.07673242349344
women,10,pct_remaining,82,2 Physical only,s4,26.348416527685295,26.33323414568911,24.7876284395395,27.968277695481387,25.206782648588437,27.50131011412477
women,10,pct_remaining,84,2 Physical only,s4,27.68129678157749,27.667521363873256,25.91308525344856,29.534293227363868,26.382975294573637,28.99553970313254
women,10,pct_remaining,86,2 Physical only,s4,29.013096723003887,28.99742058725845,26.976779140497232,31.13673924329398,27.524965574603943,30.522824095432966
women,10,pct_remaining,88,2 Physical only,s4,30.275794166078647,30.258805631444332,27.915212334798607,32.73513732801205,28.56726745590676,32.02440797052513
women,10,pct_remaining,90,2 Physical only,s4,31.37590962336899,31.3514537585477,28.633869650847394,34.23320649260577,29.407106390210487,33.4021053636367
women,10,pct_remaining,92,2 Physical only,s4,32.195947478921234,32.171278829014476,28.99717825002759,35.526925029772684,29.890826641503345,34.56384316334651
women,10,pct_remaining,94,2 Physical only,s4,32.60397338774964,32.57786272162511,28.861619719542304,36.524990620421846,29.875015860510757,35.400732166948494
women,10,pct_remaining,96,2 Physical only,s4,32.473721067646956,32.43271786680424,28.066509189975214,37.06659365217125,29.23309870144121,35.76250441634807
women,10,pct_remaining,98,2 Physical only,s4,31.71347985633956,31.65889049479562,26.534701805416667,37.19999723843536,27.88830707907512,35.594934500153975
women,10,pct_remaining,100,2 Physical only,s4,30.295634089920377,30.2279250192302,24.262811697737057,36.7003844373819,25.875401402138166,34.87245046528207
women,10,pct_remaining,102,2 Physical only,s4,28.273987869825035,28.18816739724766,21.352394958355394,35.68438506982093,23.169249471383154,33.572943563044426
women,10,pct_remaining,104,2 Physical only,s4,25.778609908911903,25.647452517716196,18.01163606595336,34.295965964905584,20.029922202064633,31.813933888824806
women,10,pct_remaining,106,2 Physical only,s4,22.996833337636623,22.782949210293946,14.610840973998558,32.59481566028865,16.722998242199576,29.659818310170188
women,10,pct_remaining,108,2 Physical only,s4,20.228053563383597,19.918668311257477,11.549944834677493,30.652972581170452,13.60354133245638,27.46091000599016
women,10,pct_remaining,110,2 Physical only,s4,18.27280342980068,17.894094332034996,9.55102182826733,29.240396513194835,11.51247402691605,25.76883483053951
women,10,pct_remaining,50,3 Cognitive only,s4,2.6610412996784802,2.632715050424597,2.3201104654361537,3.1477820564306334,2.3960677857845787,2.978547195669095
women,10,pct_remaining,52,3 Cognitive only,s4,2.688537741299423,2.67013236930468,2.4014794950215306,3.064105878689998,2.47179378203426,2.940734294513029
women,10,pct_remaining,54,3 Cognitive only,s4,2.6208883803878136,2.6162667387058827,2.4100729014676334,2.8522806747806064,2.4674515260308603,2.7837811373025785
women,10,pct_remaining,56,3 Cognitive only,s4,2.6837093812709085,2.681615946261188,2.4818372653001295,2.898910985658138,2.536989103703608,2.8369295857896164
women,10,pct_remaining,58,3 Cognitive only,s4,2.8101615169809686,2.808071694944867,2.594838808702053,3.0379191717136305,2.6549303614768753,2.9727540277324023
women,10,pct_remaining,60,3 Cognitive only,s4,2.9711033427001765,2.9684589517852187,2.737968659075472,3.21952730189279,2.8024723580741764,3.1463394526178226
women,10,pct_remaining,62,3 Cognitive only,s4,3.158189031604762,3.155194659848969,2.902776438173749,3.4300383655383766,2.97325227463433,3.349977069242283
women,10,pct_remaining,64,3 Cognitive only,s4,3.37045916846293,3.3668396931330293,3.0892810222532883,3.6702824118096804,3.166853507864064,3.5815202519051867
women,10,pct_remaining,66,3 Cognitive only,s4,3.609701312085881,3.6055470569742916,3.2984256708287654,3.9422387748777035,3.384636309358416,3.8433163772319414
women,10,pct_remaining,68,3 Cognitive only,s4,3.878981065333079,3.874618520438887,3.5320784628377884,4.247985178287686,3.626943319449427,4.138656730404199
women,10,pct_remaining,70,3 Cognitive only,s4,4.182157229985308,4.177295780931014,3.7942181970091986,4.5931888026110785,3.9009384147874635,4.473419284186783
women,10,pct_remaining,72,3 Cognitive only,s4,4.523674264798217,4.518929465596606,4.085511054983073,4.984408798406275,4.2061907746132725,4.851790549915772
women,10,pct_remaining,74,3 Cognitive only,s4,4.908382199172653,4.902279366987621,4.412886528483316,5.429075244084699,4.54924241868789,5.279523304023848
women,10,pct_remaining,76,3 Cognitive only,s4,5.341254741094447,5.333270969614723,4.778822586094966,5.93318815077374,4.933554881503109,5.76407507738616
women,10,pct_remaining,78,3 Cognitive only,s4,5.826888183030519,5.8181343635235825,5.183393758021884,6.50221887808039,5.36020999848589,6.309836665154926
women,10,pct_remaining,80,3 Cognitive only,s4,6.368636344484426,6.359299772446656,5.628198453502476,7.1471491000353655,5.831020632408506,6.9251426321417116
women,10,pct_remaining,82,3 Cognitive only,s4,6.96719949774861,6.955914662558843,6.111916612732342,7.869557375391492,6.346257259510171,7.6125860567065695
women,10,pct_remaining,84,3 Cognitive only,s4,7.618471619739533,7.6034953021584615,6.627668966602962,8.671093079118918,6.8963994864908775,8.368366166076699
women,10,pct_remaining,86,3 Cognitive only,s4,8.310524174949967,8.29121726528124,7.163625666761568,9.546302597170827,7.467629479878001,9.183999001791832
women,10,pct_remaining,88,3 Cognitive only,s4,9.01987558351904,8.997608534454098,7.6920684618473105,10.464091048232854,8.039871826685433,10.03693504560149
women,10,pct_remaining,90,3 Cognitive only,s4,9.707797777411995,9.67982537335942,8.180358792041273,11.402714869293748,8.568201226116685,10.888575408858319
women,10,pct_remaining,92,3 Cognitive only,s4,10.3183825138541,10.28483061673414,8.55810930955085,12.306396547044109,9.005191658047092,11.697848171986031
women,10,pct_remaining,94,3 Cognitive only,s4,10.781100386098721,10.73225711039867,8.762655602417672,13.078424021105729,9.273024330958403,12.37900459786237
women,10,pct_remaining,96,3 Cognitive only,s4,11.020655489576452,10.96355366916769,8.716323096760936,13.662633002368004,9.311290690844215,12.864317785943072
women,10,pct_remaining,98,3 Cognitive only,s4,10.97468423206342,10.899033819283051,8.38521367862934,13.981680127548378,9.049738687322687,13.062969999463364
women,10,pct_remaining,100,3 Cognitive only,s4,10.614850120493,10.515443985332576,7.75569583452492,14.009905282538456,8.473322826325981,12.979716044398984
women,10,pct_remaining,102,3 Cognitive only,s4,9.961585668583018,9.835889604754241,6.860557335733384,13.792298939477703,7.624739808978402,12.590697093707595
women,10,pct_remaining,104,3 Cognitive only,s4,9.082480999474235,8.91282768076077,5.777444369396033,13.379373135674088,6.56907436789291,11.96858279434602
women,10,pct_remaining,106,3 Cognitive only,s4,8.075295436251217,7.858994354910088,4.601978263331122,12.806181125104182,5.4340975151442565,11.20811271304222
women,10,pct_remaining,108,3 Cognitive only,s4,7.072134084232365,6.793361020517594,3.54952587851965,12.188145674363684,4.342408913604925,10.386478452817475
women,10,pct_remaining,110,3 Cognitive only,s4,6.365759280819466,6.037912189042766,2.8555646718784766,11.743977398974218,3.6075917007863603,9.800577857187966
women,10,pct_remaining,50,4 Both,s4,9.053092924441291,9.010576096921824,8.127374310780674,10.219762981397153,8.354263478217717,9.8357331737179
women,10,pct_remaining,52,4 Both,s4,5.0748146470238575,5.042722439704305,4.4410167542547345,5.891774941839818,4.591486037963379,5.614931672915743
women,10,pct_remaining,54,4 Both,s4,4.4162123235261195,4.405987477156707,4.0194030494539685,4.879999351267002,4.121924955962261,4.731550759800743
women,10,pct_remaining,56,4 Both,s4,4.39791512939629,4.393167632051764,4.048397142172076,4.778236451192269,4.142161130340044,4.665474090458259
women,10,pct_remaining,58,4 Both,s4,4.568692916802478,4.563846114856429,4.2076206249659585,4.958046612128535,4.30649654223326,4.838089640517109
women,10,pct_remaining,60,4 Both,s4,4.829711554254298,4.823538531814494,4.441507821681828,5.24862780268113,4.547413256829146,5.118823078481782
women,10,pct_remaining,62,4 Both,s4,5.15617407372583,5.149798234946468,4.7328464162654225,5.612159514756303,4.8486632911613174,5.472975899528895
women,10,pct_remaining,64,4 Both,s4,5.544001873865318,5.5375779466873745,5.078762763674809,6.045411106277593,5.205985730197406,5.892815096207639
women,10,pct_remaining,66,4 Both,s4,5.9971807708226965,5.990088043954437,5.483154619540286,6.552342759781137,5.6236482471092035,6.384564260693558
women,10,pct_remaining,68,4 Both,s4,6.524288339781716,6.515619051780652,5.953680056478607,7.14090012467193,6.108692157563464,6.955247609821752
women,10,pct_remaining,70,4 Both,s4,7.137595870823091,7.128323990126251,6.497706477592624,7.829107108518034,6.673270634754699,7.618994832439466
women,10,pct_remaining,72,4 Both,s4,7.853088365548435,7.842761720271016,7.129157915119558,8.63563066575958,7.327693914009078,8.39581993460488
women,10,pct_remaining,74,4 Both,s4,8.690915695362527,8.677651803654385,7.867477811192288,9.580775498559719,8.096237203037816,9.309384183361729
women,10,pct_remaining,76,4 Both,s4,9.676100623038884,9.661506637267646,8.734766723486487,10.69615775064386,8.993344003694673,10.387026224838689
women,10,pct_remaining,78,4 Both,s4,10.839403322587795,10.82250811873595,9.748571768600355,12.016602028984522,10.048183494205572,11.657031334477939
women,10,pct_remaining,80,4 Both,s4,12.218219405624062,12.197679472981239,10.950708673812139,13.59754581623955,11.29299824604785,13.17522895674771
women,10,pct_remaining,82,4 Both,s4,13.85729501964122,13.83377046859837,12.363921499412575,15.480796892210785,12.768399334724961,14.984714232970179
women,10,pct_remaining,84,4 Both,s4,15.808873283987568,15.778175893562835,14.037841939562778,17.72902017207857,14.517698363041312,17.15391174994326
women,10,pct_remaining,86,4 Both,s4,18.131641268068662,18.09576642570416,16.01475437066848,20.43598295058682,16.575478056917067,19.7400711880121
women,10,pct_remaining,88,4 Both,s4,20.88757281935881,20.84346447071281,18.329414567593417,23.66527529245739,18.997225279589827,22.82504355504728
women,10,pct_remaining,90,4 Both,s4,24.135614556552735,24.07689330227629,21.056527530197208,27.497290337293503,21.853485527957762,26.493234274564216
women,10,pct_remaining,92,4 Both,s4,27.921451926784826,27.845319468660335,24.19389089158056,31.992366126179125,25.1519752590034,30.78121856469482
women,10,pct_remaining,94,4 Both,s4,32.263715015193306,32.182265870494895,27.729838744714765,37.18470248621779,28.93805699393552,35.728519871067924
women,10,pct_remaining,96,4 Both,s4,37.13907290792812,37.05402768629334,31.675435548123456,43.05875688460187,33.149220253501575,41.334080964575364
women,10,pct_remaining,98,4 Both,s4,42.471043460588405,42.376773441283284,35.904723821504135,49.50079109263588,37.73195686193121,47.45039499255229
women,10,pct_remaining,100,4 Both,s4,48.12841174897662,48.0232720776128,40.37367063135295,56.39911509968872,42.47954915612186,54.00550512776358
women,10,pct_remaining,102,4 Both,s4,53.937381256261375,53.85059419781287,44.82784018938918,63.39759405639437,47.352001528982306,60.693739858891504
women,10,pct_remaining,104,4 Both,s4,59.70591505515417,59.65381385232643,49.32209512449652,70.24610046240318,52.188177352615114,67.3590456039475
women,10,pct_remaining,106,4 Both,s4,65.23834461291484,65.25450583194595,53.59450170424909,76.56849772065571,56.89575130651367,73.6054552476464
women,10,pct_remaining,108,4 Both,s4,70.20726710055659,70.35122186150448,57.45124211116101,82.05435531538173,61.15657769761505,79.07982898640748
women,10,pct_remaining,110,4 Both,s4,73.49826758197733,73.78702240712906,59.990532584450776,85.3923017490095,64.05208560431498,82.55920129260734
